account_id,customer_id,bank_name,account_type,opening_balance,current_balance,currency,opened_at
acct_8779854e72,cust_9d6cacdc98,HDFC Bank,savings,40577.88,,,
acct_9eb04f4c78,cust_86838bd208,HDFC Bank,savings,13192.39,,,
acct_c5cd879dc2,cust_8f67be01ae,ICICI Bank,savings,9183.37,,,
acct_811ee1efcd,cust_131f5dc26e,ICICI Bank,savings,28538.09,,,
acct_bdb6079c78,cust_7ea03730c6,Punjab National Bank,savings,8031.21,,,
acct_ecde149c91,cust_acab38f226,ICICI Bank,savings,47504.89,,,
acct_409500b425,cust_52af141aff,State Bank of India,savings,22972.67,,,
acct_a3af22648d,cust_6b2a008a61,ICICI Bank,savings,48797.13,,,
acct_9c3c11da99,cust_1a49ad0899,HDFC Bank,savings,31936.43,,,
acct_03261a5b40,cust_dfccb7ab4d,Axis Bank,savings,41500.07,,,
acct_301ec0d6c0,cust_f7aebb5b57,Bank of Baroda,savings,44979.2,,,
acct_158a341aed,cust_59f3d1d2c0,Bank of Baroda,savings,43617.15,,,
acct_dbdbf1a621,cust_01504fdeb8,Axis Bank,savings,25434.66,,,
acct_2dc82f1c5d,cust_63d81ca24e,Bank of Baroda,savings,7272.19,,,
acct_aa6c48c934,cust_3f9c441822,ICICI Bank,savings,30433.11,,,
acct_17df0ecbf1,cust_5e3e5e66b6,Bank of Baroda,savings,25134.94,,,
acct_f6694cf153,cust_f6ba2d9037,Punjab National Bank,savings,14918.72,,,
acct_2bd5f5ec55,cust_8ab6c38f9c,State Bank of India,savings,19868.25,,,
acct_f7356d49a9,cust_5949e29f28,Bank of Baroda,savings,48224.19,,,
acct_fb3c600c25,cust_ae6453a2d7,HDFC Bank,savings,3462.9,,,
acct_d61e71513d,cust_ad0f51974b,Punjab National Bank,savings,27991.89,,,
acct_ff124a411c,cust_fd0872c1e7,ICICI Bank,savings,28188.81,,,
acct_9de737b7bd,cust_c6b2e6d815,Bank of Baroda,savings,38574.74,,,
acct_357b2267d1,cust_2d0900313b,ICICI Bank,savings,5783.0,,,
acct_7a2f3a7f59,cust_8d08482557,Bank of Baroda,savings,34956.73,,,
acct_5df9aa7551,cust_e54d42078a,Bank of Baroda,savings,6995.84,,,
acct_ecd4d1720e,cust_a959fc2cf0,ICICI Bank,savings,24970.46,,,
acct_900f8a0e63,cust_b4e4801cfe,Punjab National Bank,savings,21264.31,,,
acct_715b4db085,cust_a8a2b8f1e5,State Bank of India,savings,23228.9,,,
acct_70c4aec8d1,cust_bcbbc71341,HDFC Bank,savings,34788.23,,,
acct_a1d541083d,cust_5b90bc9fc0,ICICI Bank,savings,40911.05,,,
acct_4237ed992f,cust_a59e539dc3,HDFC Bank,savings,38827.74,,,
acct_b0b3eeb741,cust_687139b844,ICICI Bank,savings,45920.26,,,
acct_b129854551,cust_d69af2ab6c,Punjab National Bank,savings,17410.88,,,
acct_1bb1995743,cust_df65362828,Bank of Baroda,savings,39067.81,,,
acct_5cbf80c1aa,cust_0d5900be8b,HDFC Bank,savings,33987.58,,,
acct_eb6e531e1e,cust_d5183adc34,HDFC Bank,savings,24258.39,,,
acct_f5f4a1233c,cust_9982e2b097,HDFC Bank,savings,31390.44,,,
acct_73e5a418be,cust_93cc9680d1,Bank of Baroda,savings,32867.33,,,
acct_bb761277c1,cust_315fa06aab,Axis Bank,savings,30109.62,,,
acct_c461527188,cust_c6611e3ac8,State Bank of India,savings,18320.68,,,
acct_68fabec3fd,cust_a6558be157,State Bank of India,savings,48489.67,,,
acct_4d6eebf02c,cust_f2d3299243,HDFC Bank,savings,16171.43,,,
acct_2136cf2f62,cust_3bc7edbc2d,Punjab National Bank,savings,41039.56,,,
acct_516d0d4fc8,cust_191d53f6a7,Bank of Baroda,savings,16619.86,,,
acct_a18b0dcdfb,cust_ca7c4543d8,HDFC Bank,savings,40995.58,,,
acct_c669d726a1,cust_f0163aff9d,Axis Bank,savings,6711.44,,,
acct_e7becedfe1,cust_a43c55a306,ICICI Bank,savings,14669.41,,,
acct_f669548e9f,cust_f1770b15b8,Axis Bank,savings,30931.43,,,
acct_5425cd40ea,cust_d528781648,State Bank of India,savings,24152.31,,,
acct_85bf1d274b,cust_92eeb6df5f,State Bank of India,savings,40686.66,,,
acct_7f4a0557c4,cust_4870b96eed,ICICI Bank,savings,19689.34,,,
acct_041c06e274,cust_f46b8ba450,Bank of Baroda,savings,37815.78,,,
acct_a4db74c79d,cust_f84d8e5a5d,HDFC Bank,savings,22672.6,,,
acct_a118896029,cust_d0af7c1fdf,State Bank of India,savings,5921.3,,,
acct_91963fec4b,cust_881eb42180,State Bank of India,savings,19544.01,,,
acct_725579a3ef,cust_3f1188279e,HDFC Bank,savings,5092.47,,,
acct_b5736ea0f4,cust_261b6177be,Punjab National Bank,savings,49716.72,,,
acct_655a2a85b6,cust_a4c03ec514,Punjab National Bank,savings,49126.67,,,
acct_e605f6bb5c,cust_bc321d1197,Punjab National Bank,savings,11531.69,,,
acct_4fefc34170,cust_6a308e065c,HDFC Bank,savings,20760.29,,,
acct_9db10577ae,cust_4f67cd5729,Punjab National Bank,savings,21853.83,,,
acct_5e983d3cf2,cust_c5502cd78d,ICICI Bank,savings,15526.89,,,
acct_fff1fa1fae,cust_7255628e90,State Bank of India,savings,41397.45,,,
acct_bb4d0b3b50,cust_cb3a3994e1,ICICI Bank,savings,35361.9,,,
acct_bfd469ddc3,cust_f320b75b58,ICICI Bank,savings,33014.5,,,
acct_714fdcf734,cust_d25a0f93aa,State Bank of India,savings,41082.9,,,
acct_5736e176a5,cust_9092bf5b6f,Axis Bank,savings,48299.42,,,
acct_80142d4613,cust_f79e45b97e,HDFC Bank,savings,32715.39,,,
acct_56d3cba4d8,cust_45dab77d11,HDFC Bank,savings,13804.59,,,
acct_9e709802a6,cust_cac42b3e42,HDFC Bank,savings,49432.14,,,
acct_f27eebc674,cust_d7367ccefc,Axis Bank,savings,18520.28,,,
acct_54f94ba624,cust_9f7b66a766,Axis Bank,savings,36515.3,,,
acct_3fa05addd2,cust_aad452e04c,Bank of Baroda,savings,30348.21,,,
acct_63b75877ac,cust_d10262d5a3,Bank of Baroda,savings,40275.47,,,
acct_6e3d7be0be,cust_0e0cc83a66,Bank of Baroda,savings,11605.49,,,
acct_c849e0940d,cust_6de89ed354,Punjab National Bank,savings,22895.45,,,
acct_9a0442ec9c,cust_6f909dd04f,State Bank of India,savings,41678.75,,,
acct_d57b1234b1,cust_f12f28cbaf,ICICI Bank,savings,39816.31,,,
acct_a973fb1ec0,cust_77443db66b,HDFC Bank,savings,42527.04,,,
acct_d697171f8c,cust_98b2bde981,Axis Bank,savings,25940.38,,,
acct_2c9e43b995,cust_5ffc801ed9,Bank of Baroda,savings,6456.65,,,
acct_bcf2b2f7c1,cust_fa5da3e20c,HDFC Bank,savings,48459.6,,,
acct_73f4a0098e,cust_ea35835b80,Axis Bank,savings,35227.02,,,
acct_4403a738cf,cust_d2197aeac1,State Bank of India,savings,35651.01,,,
acct_052c5e1748,cust_48ceebfcf8,Punjab National Bank,savings,38706.12,,,
acct_7dd5fef969,cust_70b1c739fd,State Bank of India,savings,30027.76,,,
acct_6ef35345da,cust_6329514be8,Punjab National Bank,savings,20012.24,,,
acct_1472b507f7,cust_295a97b84f,Bank of Baroda,savings,46208.26,,,
acct_4d73482565,cust_cae5bf49ec,HDFC Bank,savings,38100.69,,,
acct_4811130628,cust_57fa1ec7e5,State Bank of India,savings,34596.2,,,
acct_d53beca96e,cust_95dab75aad,Punjab National Bank,savings,16758.7,,,
acct_4e8e16b6d7,cust_65f1081e62,HDFC Bank,savings,22260.95,,,
acct_247bf57e45,cust_ec4ff2564b,Punjab National Bank,savings,40767.64,,,
acct_0189f371f1,cust_e84fa05608,ICICI Bank,savings,49881.76,,,
acct_060a9d292f,cust_eebbda9b6a,HDFC Bank,savings,46498.54,,,
acct_3a5315fb1a,cust_767341a8db,HDFC Bank,savings,18778.05,,,
acct_01f6e8ac87,cust_b66bad591e,State Bank of India,savings,47266.25,,,
acct_ad1bb8c0c3,cust_12c1deaa05,State Bank of India,savings,41730.23,,,
acct_6b2b521f59,cust_6654a61cc5,State Bank of India,savings,39045.3,,,
acct_225e5793f0,cust_18e35ec06a,Punjab National Bank,savings,29885.38,,,
acct_32dc2b6a84,cust_f8ae7853c3,Bank of Baroda,savings,27931.78,,,
acct_365b8e3101,cust_02d0e9779c,ICICI Bank,savings,15602.37,,,
acct_9a2b7d46a3,cust_33f2b767ba,HDFC Bank,savings,35541.39,,,
acct_7d211eaa0e,cust_36d880f963,HDFC Bank,savings,2832.82,,,
acct_3d7d2499f1,cust_989f000282,Punjab National Bank,savings,39563.14,,,
acct_ebaa91f063,cust_efbd01ea18,Bank of Baroda,savings,27518.66,,,
acct_1dcb6363e8,cust_5ee716a6ea,Punjab National Bank,savings,12474.83,,,
acct_af96c5015e,cust_cc3199a678,Axis Bank,savings,13187.61,,,
acct_1a60a31c53,cust_a5d7a25c17,Punjab National Bank,savings,2169.44,,,
acct_2864916b2f,cust_813bf0f455,HDFC Bank,savings,9841.11,,,
acct_8907f8930c,cust_34d319eea7,HDFC Bank,savings,23670.57,,,
acct_2b6233db22,cust_efd6f723f1,Punjab National Bank,savings,7168.94,,,
acct_f8c9a417fc,cust_3ce7aee54a,HDFC Bank,savings,44905.73,,,
acct_44806c69a9,cust_96a67d9b17,HDFC Bank,savings,11795.18,,,
acct_b4fb8ef119,cust_f6dbe3ec41,Axis Bank,savings,26121.26,,,
acct_63562cfa7b,cust_784764f840,State Bank of India,savings,44084.76,,,
acct_360c581038,cust_905a23ec03,Axis Bank,savings,11736.86,,,
acct_284a3e9027,cust_d6c02e6703,HDFC Bank,savings,27712.97,,,
acct_31ff0bf3ee,cust_c7d5976bb1,Bank of Baroda,savings,34017.18,,,
acct_f6785b64e7,cust_cea44f63c9,Punjab National Bank,savings,44307.26,,,
acct_4b03591722,cust_dbf6de5ea4,ICICI Bank,savings,36144.95,,,
acct_59d51d7a43,cust_9f40883896,Punjab National Bank,savings,38767.53,,,
acct_d26d42d12c,cust_1cb7a4d1fb,Axis Bank,savings,44444.79,,,
acct_fee1773224,cust_896ecde37c,Bank of Baroda,savings,32461.02,,,
acct_a537443d81,cust_6d92fdca3b,HDFC Bank,savings,31336.96,,,
acct_e3534e85da,cust_22b0a59790,Punjab National Bank,savings,47157.01,,,
acct_59d5163b0c,cust_7ce4c82cdb,ICICI Bank,savings,43983.82,,,
acct_410f9b502c,cust_be3576e346,Bank of Baroda,savings,41540.72,,,
acct_1d32e74c02,cust_eca0d27a67,State Bank of India,savings,30485.24,,,
acct_9ac5e4c8dd,cust_ad65ed2880,Bank of Baroda,savings,31684.23,,,
acct_4d51a84a39,cust_5c8017e103,State Bank of India,savings,43329.61,,,
acct_327ac5fa5f,cust_defc11414e,ICICI Bank,savings,45133.55,,,
acct_b020c8beee,cust_4213b56c4b,Punjab National Bank,savings,22130.83,,,
acct_b52b4d215d,cust_6c1415e4f6,ICICI Bank,savings,46634.15,,,
acct_4df068e717,cust_567e7e42e2,Punjab National Bank,savings,28295.18,,,
acct_ea8a724311,cust_837fed8080,ICICI Bank,savings,26475.3,,,
acct_c4442c1614,cust_3a8121e403,Axis Bank,savings,8350.69,,,
acct_c9cc3b750b,cust_301f68f311,HDFC Bank,savings,34833.97,,,
acct_3dd87a0475,cust_72a106cd99,Axis Bank,savings,7939.75,,,
acct_0490dfc2e6,cust_6608dca6e5,Axis Bank,savings,3491.55,,,
acct_3301ab524b,cust_d3eb7eb003,HDFC Bank,savings,33339.57,,,
acct_7f321dccc3,cust_cd99e6f2db,ICICI Bank,savings,8371.03,,,
acct_693b09599a,cust_564375f9ba,ICICI Bank,savings,30165.19,,,
acct_cd2024e919,cust_610d1ff616,HDFC Bank,savings,44455.21,,,
acct_2088908e8b,cust_e85386c1d2,HDFC Bank,savings,7174.18,,,
acct_023dea87ee,cust_e2bb6501c0,ICICI Bank,savings,47572.22,,,
acct_3c4e5c530e,cust_e5389713c5,Punjab National Bank,savings,7805.74,,,
acct_981569e361,cust_99db8d015f,State Bank of India,savings,34299.97,,,
acct_1cd4b58f27,cust_9a3ab5599f,Punjab National Bank,savings,12810.85,,,
acct_d49f432d3e,cust_2ec505c20d,State Bank of India,savings,5054.17,,,
acct_30bb4a12be,cust_503962b0e0,Axis Bank,savings,10352.01,,,
acct_f9e4d2892f,cust_014db0f49a,Punjab National Bank,savings,45550.66,,,
acct_cf5bd1e9fa,cust_5ad90e2a99,Axis Bank,savings,38122.94,,,
acct_f840b2a707,cust_8f4cdda5b3,Punjab National Bank,savings,33103.02,,,
acct_7cc9464621,cust_f46dd8157d,Axis Bank,savings,46765.22,,,
acct_82c1b95050,cust_26bc703f2e,Axis Bank,savings,29297.53,,,
acct_4cc2dea5b4,cust_05c21f3c3e,Bank of Baroda,savings,18503.32,,,
acct_a0c9dfe7c7,cust_997f863439,Axis Bank,savings,6703.9,,,
acct_e7e2e362da,cust_9cb287c935,Punjab National Bank,savings,21584.6,,,
acct_489d594f93,cust_fc108cd1f6,State Bank of India,savings,37399.2,,,
acct_748a307712,cust_3a6b0641c4,Axis Bank,savings,11476.68,,,
acct_207bfe528d,cust_51bf7ed9b9,HDFC Bank,savings,29967.31,,,
acct_a44c7a5154,cust_8473dd4e58,Axis Bank,savings,6354.82,,,
acct_fdc147a7b3,cust_9bef0ebe74,HDFC Bank,savings,12004.04,,,
acct_26359b0be3,cust_52fdd92691,HDFC Bank,savings,4759.42,,,
acct_5a682edcd9,cust_d2cf592da7,ICICI Bank,savings,48042.46,,,
acct_75aaef1e77,cust_c2dda28405,HDFC Bank,savings,49545.31,,,
acct_fbdc7d7c50,cust_0ab1f4a941,State Bank of India,savings,15431.64,,,
acct_30c3679cbe,cust_72f9846712,ICICI Bank,savings,9827.43,,,
acct_4586798932,cust_5baeb13dc7,ICICI Bank,savings,33137.37,,,
acct_91cbb74c85,cust_114deeb62f,Bank of Baroda,savings,32509.27,,,
acct_dbb1eb8c11,cust_cae1bd4444,Bank of Baroda,savings,37549.86,,,
acct_144a8c395f,cust_6103380af6,Axis Bank,savings,15219.54,,,
acct_bca2d99bce,cust_52bf5d45af,HDFC Bank,savings,2004.76,,,
acct_31a64c72b2,cust_62768aaea0,Bank of Baroda,savings,23915.8,,,
acct_eb2ff4cfa9,cust_b10d56aa59,Axis Bank,savings,23352.22,,,
acct_88cd302c39,cust_79e21a705c,Punjab National Bank,savings,2212.58,,,
acct_8567b86860,cust_cf8d9fe751,ICICI Bank,savings,35018.11,,,
acct_22d40f4886,cust_4b6c0686ff,Bank of Baroda,savings,39821.6,,,
acct_4f389707be,cust_35269150f2,HDFC Bank,savings,10614.0,,,
acct_852e352376,cust_600bdade40,HDFC Bank,savings,28974.9,,,
acct_b8a005451e,cust_3b606a439f,State Bank of India,savings,36099.61,,,
acct_eea0d14a28,cust_4d92ee23df,Punjab National Bank,savings,32773.98,,,
acct_3d4c9191b9,cust_75cc9db3d2,HDFC Bank,savings,41565.33,,,
acct_cb901f8d0c,cust_f59f1c5745,HDFC Bank,savings,8878.92,,,
acct_3a9d461f5d,cust_4439b9a854,HDFC Bank,savings,33688.51,,,
acct_c8d312b073,cust_95f77bbf0e,Axis Bank,savings,10910.25,,,
acct_3d11fc4c27,cust_931e13defd,Bank of Baroda,savings,2911.3,,,
acct_48ec6bdbbe,cust_b42e19ec8e,Axis Bank,savings,23454.17,,,
acct_4d3d67f921,cust_3e46c99b4f,ICICI Bank,savings,34398.1,,,
acct_48a734134b,cust_ea537ddc83,HDFC Bank,savings,16145.73,,,
acct_b13397a981,cust_5a51c51f5d,State Bank of India,savings,47899.75,,,
acct_a07efeb158,cust_7024d97cf4,HDFC Bank,savings,36032.64,,,
acct_601cbd84b7,cust_277de89f7d,ICICI Bank,savings,4390.22,,,
acct_6b6bd444fc,cust_89cbed0b2c,Bank of Baroda,savings,46610.96,,,
acct_e1aa592d02,cust_7c58318d95,HDFC Bank,savings,19153.62,,,
acct_196f021035,cust_1d7262baf2,Bank of Baroda,savings,42783.08,,,
acct_a640c64502,cust_295db7a96b,State Bank of India,savings,19548.63,,,
acct_5e9030adfa,cust_e5b63c144d,Bank of Baroda,savings,40477.04,,,
acct_412ff24b72,cust_1615c0e1e4,State Bank of India,savings,11373.82,,,
acct_4ea7d43947,cust_1dc8385011,ICICI Bank,savings,20130.1,,,
acct_aae7d6da1c,cust_bc2d227c5b,HDFC Bank,savings,27168.72,,,
acct_02db0dc31b,cust_61607dd7a8,Axis Bank,savings,47152.02,,,
acct_a29ae967b2,cust_4314c71e09,ICICI Bank,savings,38499.85,,,
acct_c8a2486b0f,cust_3b79f4e8b5,Axis Bank,savings,14468.4,,,
acct_689fc5d1ed,cust_1cf4482503,Punjab National Bank,savings,7426.6,,,
acct_5d4550ba48,cust_8ebe630394,HDFC Bank,savings,16254.17,,,
acct_663fdd3993,cust_86dba16991,HDFC Bank,savings,38563.19,,,
acct_5eafff9319,cust_3e2dc095b9,Axis Bank,savings,48894.55,,,
acct_996c2f5794,cust_c6cdab0743,HDFC Bank,savings,30794.82,,,
acct_43e87f8489,cust_5fbc58b9e8,State Bank of India,savings,28079.08,,,
acct_3fac8a5cc2,cust_5b5fb64ad4,HDFC Bank,savings,36013.56,,,
acct_7133d59781,cust_95388d9a4d,ICICI Bank,savings,41639.33,,,
acct_25c60a92a7,cust_851e156c27,State Bank of India,savings,31688.01,,,
acct_46972f888a,cust_40c4735844,Punjab National Bank,savings,47105.31,,,
acct_2c1ecf1e75,cust_f5e20d3b7f,HDFC Bank,savings,22788.33,,,
acct_8b54858096,cust_66007aa816,Punjab National Bank,savings,11924.83,,,
acct_174f13c591,cust_121e937ec1,HDFC Bank,savings,18639.23,,,
acct_686104502d,cust_116b8d1640,HDFC Bank,savings,20236.32,,,
acct_1dd6831b36,cust_b021971cb9,Punjab National Bank,savings,21035.62,,,
acct_a15908ac5d,cust_08e33bd8ce,State Bank of India,savings,31491.17,,,
acct_911e61a445,cust_eea9b6345a,HDFC Bank,savings,37941.17,,,
acct_6c9d88100e,cust_85c21275e9,Bank of Baroda,savings,26596.97,,,
acct_5729d680ca,cust_0139e70538,Punjab National Bank,savings,48854.35,,,
acct_4e61c882f7,cust_ef170ee650,ICICI Bank,savings,46327.27,,,
acct_24d5591e03,cust_faa32250ba,ICICI Bank,savings,6406.56,,,
acct_f5b8391702,cust_cec494903d,HDFC Bank,savings,2418.07,,,
acct_2d5b5a50b8,cust_35c8f59162,Punjab National Bank,savings,27957.88,,,
acct_abc20d36c6,cust_7d672dfc02,Punjab National Bank,savings,9235.22,,,
acct_3781e0d3b9,cust_72857ef45b,Bank of Baroda,savings,23966.08,,,
acct_dcfc6463a2,cust_f1afab4069,Axis Bank,savings,30109.56,,,
acct_8c19ae9ea3,cust_2c45363389,Axis Bank,savings,30903.98,,,
acct_ae6efae04b,cust_73e649a96d,HDFC Bank,savings,22163.91,,,
acct_8c3d73149c,cust_15ce0dd47b,HDFC Bank,savings,48504.71,,,
acct_ee3d8f4333,cust_22c5b30793,State Bank of India,savings,22592.77,,,
acct_cd2ac3c87f,cust_c2b3f40688,Axis Bank,savings,11145.08,,,
acct_1692accef7,cust_7758358f75,Bank of Baroda,savings,45584.94,,,
acct_6fb378ba47,cust_9dbe68ffb3,ICICI Bank,savings,4345.2,,,
acct_e7a3fe188b,cust_5292c81bd1,Axis Bank,savings,42791.76,,,
acct_5787c2caba,cust_b60cebe2a6,Punjab National Bank,savings,13250.84,,,
acct_35517d4f81,cust_fe03494f3d,ICICI Bank,savings,18753.98,,,
acct_04316efd84,cust_8d292a234a,Punjab National Bank,savings,41838.29,,,
acct_68c9fbe5b5,cust_2d2b771cbd,State Bank of India,savings,47775.74,,,
acct_d150bcd63e,cust_ef88a96b18,Axis Bank,savings,3944.35,,,
acct_d626940dec,cust_4083c47bd4,Punjab National Bank,savings,41609.34,,,
acct_cb66ebe452,cust_f61a5e2746,Axis Bank,savings,49410.71,,,
acct_b7372cbbe2,cust_78cd42919e,ICICI Bank,savings,27970.11,,,
acct_996d01de17,cust_00de15fe97,State Bank of India,savings,35363.55,,,
acct_5ca616df79,cust_995190bc5c,HDFC Bank,savings,8813.29,,,
acct_9415f72be3,cust_50c08ece31,State Bank of India,savings,32212.34,,,
acct_cb80aef1aa,cust_2c54dba060,Axis Bank,savings,9985.71,,,
acct_6ea2183381,cust_ac4ca2accd,Bank of Baroda,savings,33963.58,,,
acct_070d5a8b0f,cust_822dbce94a,State Bank of India,savings,18349.53,,,
acct_4215ee7d4b,cust_b9630c6f6c,Bank of Baroda,savings,2375.8,,,
acct_6f3fc1e5a8,cust_6cdd964740,ICICI Bank,savings,31181.76,,,
acct_1b672e5c7a,cust_4b32160cca,Bank of Baroda,savings,6077.5,,,
acct_92d2e2bcb9,cust_44d36c4187,Bank of Baroda,savings,39695.28,,,
acct_08cd0dc659,cust_5fab406b5c,Punjab National Bank,savings,38755.28,,,
acct_852bce433e,cust_62b045710a,Bank of Baroda,savings,24061.19,,,
acct_579f7abf2f,cust_e0898ec03b,Axis Bank,savings,5388.17,,,
acct_89af37a400,cust_aa05b0010c,State Bank of India,savings,6355.16,,,
acct_e02428dea5,cust_e1c85dd008,State Bank of India,savings,24213.85,,,
acct_9f18e15b71,cust_0e7ce69b59,Axis Bank,savings,6920.17,,,
acct_cb3c2319f1,cust_224386c9d7,Punjab National Bank,savings,18512.22,,,
acct_b510d336ef,cust_8ba50fc050,Bank of Baroda,savings,32388.33,,,
acct_9e4f16f694,cust_d8e3861b01,State Bank of India,savings,35065.37,,,
acct_0905963ae4,cust_6ab4ad25e5,Bank of Baroda,savings,33879.24,,,
acct_23d9ea1c31,cust_1f6e408453,HDFC Bank,savings,49375.87,,,
acct_6102139d84,cust_fc5b27836f,Punjab National Bank,savings,49192.22,,,
acct_7a7739c33a,cust_fd32cc3a73,Punjab National Bank,savings,24564.55,,,
acct_7d63090a8b,cust_672040a7c0,ICICI Bank,savings,4461.65,,,
acct_3b20bbdb39,cust_d6fe9366ea,Axis Bank,savings,47197.06,,,
acct_fcaaa8ebf9,cust_8dd5b1ae00,Bank of Baroda,savings,9501.37,,,
acct_d85cfaea55,cust_41fea1c21c,State Bank of India,savings,42886.45,,,
acct_6d5c0fdcb3,cust_50e8f6d9a0,Bank of Baroda,savings,31200.33,,,
acct_93162ef88f,cust_e7e579d203,HDFC Bank,savings,18986.25,,,
acct_ed4da12e0b,cust_86a4ff109b,ICICI Bank,savings,19807.0,,,
acct_db45ac3939,cust_74607823d7,Axis Bank,savings,26483.99,,,
acct_0c9ba4f05d,cust_a6d67b61a9,Axis Bank,savings,28555.51,,,
acct_bc56c27c58,cust_78dd2c5310,Bank of Baroda,savings,11966.72,,,
acct_f4dddb436e,cust_4ae4b01295,Punjab National Bank,savings,23469.62,,,
acct_1e078c0d05,cust_8e2dfc4de2,Punjab National Bank,savings,45161.78,,,
acct_212967cb4b,cust_4aa3be49b1,Bank of Baroda,savings,13900.64,,,
acct_2e65fd4ef1,cust_aea34ff3fc,State Bank of India,savings,3916.06,,,
acct_8136be1371,cust_0839bf3d3f,Punjab National Bank,savings,45862.28,,,
acct_fa9178d105,cust_7782e9133a,Axis Bank,savings,40867.99,,,
acct_153cb887c0,cust_14a9ee5692,Punjab National Bank,savings,37362.51,,,
acct_1d3124b087,cust_fc2911e17f,Punjab National Bank,savings,8090.33,,,
acct_05222240fb,cust_ce4e5ad0b1,State Bank of India,savings,42815.83,,,
acct_ed334cd90a,cust_653b8e491e,Bank of Baroda,savings,42826.73,,,
acct_4a82959c92,cust_9449061a64,HDFC Bank,savings,47314.31,,,
acct_68c05fff99,cust_f514e14941,ICICI Bank,savings,15186.82,,,
acct_113a00f4fb,cust_38d7463803,ICICI Bank,savings,22824.24,,,
acct_b0239bde9e,cust_7054f1f370,HDFC Bank,savings,31086.56,,,
acct_dd759ca38d,cust_125c11c08f,Punjab National Bank,savings,48211.65,,,
acct_32a2e6446f,cust_504dc7cb62,Bank of Baroda,savings,14191.53,,,
acct_8550e3b63d,cust_468c651371,Bank of Baroda,savings,27352.17,,,
acct_dffba0951b,cust_02bd27d6af,Punjab National Bank,savings,8044.23,,,
acct_c4ba782570,cust_cc9b86f54e,HDFC Bank,savings,40245.03,,,
acct_4c9ab8a280,cust_d9d4638955,ICICI Bank,savings,39302.57,,,
acct_81227fa0f5,cust_c895a47299,Bank of Baroda,savings,40765.97,,,
acct_fdda8eca41,cust_d5e441250b,Punjab National Bank,savings,10300.92,,,
acct_43f683b743,cust_48da5bdb2b,HDFC Bank,savings,48611.61,,,
acct_506746f187,cust_f4f154a338,Punjab National Bank,savings,35369.92,,,
acct_6a3669eadd,cust_f7bda5dd48,ICICI Bank,savings,43942.04,,,
acct_50deab894f,cust_449ed9a392,Bank of Baroda,savings,48322.28,,,
acct_81d89c3bc8,cust_a88bccaec3,Bank of Baroda,savings,6602.51,,,
acct_84d8751cd6,cust_bff1d6de97,Punjab National Bank,savings,17718.09,,,
acct_1ff9207d17,cust_153e11f17a,Axis Bank,savings,29394.2,,,
acct_34967743e7,cust_07e6a11beb,Punjab National Bank,savings,29371.22,,,
acct_8ae6c7ee39,cust_0fc88641bf,HDFC Bank,savings,12426.65,,,
acct_84bbc4d37d,cust_94bdbb279e,State Bank of India,savings,14896.97,,,
acct_5a2d70f413,cust_95d6cee831,State Bank of India,savings,13487.9,,,
acct_66c879f748,cust_2b769f16e5,Punjab National Bank,savings,21069.44,,,
acct_99e8c47871,cust_e1c2152fcc,Bank of Baroda,savings,2193.87,,,
acct_7b6e027283,cust_679d0eba40,Axis Bank,savings,13868.52,,,
acct_60772106b2,cust_c488193189,Bank of Baroda,savings,23569.45,,,
acct_ae8f32e71f,cust_b58436668f,Punjab National Bank,savings,38551.24,,,
acct_a4e59f4284,cust_c471a37c0f,ICICI Bank,savings,34539.35,,,
acct_5d212e36ae,cust_6c7d7b3b36,Axis Bank,savings,10866.75,,,
acct_ad53a16c52,cust_5651b77b0b,Axis Bank,savings,37066.27,,,
acct_cd57cdae2f,cust_bc217ef88e,HDFC Bank,savings,42821.14,,,
acct_799a0012d9,cust_4ff986149c,ICICI Bank,savings,45177.97,,,
acct_586fd0bd59,cust_416c1f14fe,ICICI Bank,savings,20359.17,,,
acct_4a3d20e5f9,cust_70657c1744,HDFC Bank,savings,34332.31,,,
acct_a9f8f605cb,cust_14f1146762,Axis Bank,savings,18952.05,,,
acct_78ccd5a404,cust_5f3e3ec197,Punjab National Bank,savings,25017.27,,,
acct_e0b48029c1,cust_4bd1bb8eec,Bank of Baroda,savings,42435.85,,,
acct_632b85744f,cust_cdfc700015,State Bank of India,savings,20106.17,,,
acct_edb02f03b9,cust_43a4e5a905,State Bank of India,savings,32417.43,,,
acct_af391364a7,cust_060af6fd98,Bank of Baroda,savings,46095.59,,,
acct_2e108a26b3,cust_3ff90aa78a,Punjab National Bank,savings,31242.94,,,
acct_8fe2f51ff5,cust_b7858671f5,HDFC Bank,savings,39575.26,,,
acct_c221eac293,cust_436649a87a,State Bank of India,savings,4861.82,,,
acct_5815d272b7,cust_dc450a609c,Punjab National Bank,savings,42133.81,,,
acct_368d744c27,cust_28ade482b4,HDFC Bank,savings,4300.2,,,
acct_d8c41079ae,cust_8ba5050bd4,Punjab National Bank,savings,19909.35,,,
acct_b97643530c,cust_f314a0942a,State Bank of India,savings,15084.08,,,
acct_571028d537,cust_8683d05824,ICICI Bank,savings,20401.52,,,
acct_f108495c09,cust_6df41673ae,Axis Bank,savings,30733.74,,,
acct_a176347ee8,cust_5d6deb5ae0,Punjab National Bank,savings,12309.82,,,
acct_84b25e9860,cust_12e84cc529,Punjab National Bank,savings,29353.09,,,
acct_d402e0d973,cust_e386a7546a,Bank of Baroda,savings,2412.72,,,
acct_275687fced,cust_2f5cd0703b,Bank of Baroda,savings,38025.02,,,
acct_196bad856f,cust_65d1a93cc2,Axis Bank,savings,45468.34,,,
acct_b0de477069,cust_fc6e1a7f2a,Axis Bank,savings,5358.96,,,
acct_00f045a22b,cust_6796ff5a7d,HDFC Bank,savings,29752.38,,,
acct_e283702a21,cust_100b376d71,HDFC Bank,savings,2452.72,,,
acct_211b1f39a2,cust_15e552e6fe,Punjab National Bank,savings,20678.75,,,
acct_28434ea3b2,cust_35090e1d50,Bank of Baroda,savings,17112.54,,,
acct_23ab804da9,cust_1628077ee4,HDFC Bank,savings,46674.73,,,
acct_0e34bd0c56,cust_c255cb8735,ICICI Bank,savings,29697.52,,,
acct_1f398e7025,cust_a20c820814,State Bank of India,savings,27078.64,,,
acct_95f091b383,cust_c3637c3133,ICICI Bank,savings,28400.76,,,
acct_6485338737,cust_5a514e4d84,Bank of Baroda,savings,25601.67,,,
acct_00159b2560,cust_6e10cc585e,ICICI Bank,savings,17654.0,,,
acct_cc6b0802d6,cust_8a78e408d0,State Bank of India,savings,10597.1,,,
acct_f393bf4998,cust_9b94998940,Axis Bank,savings,17149.26,,,
acct_6e09be3a44,cust_75e56a048e,Bank of Baroda,savings,3198.34,,,
acct_ca220e28c4,cust_f5fc4b2342,ICICI Bank,savings,38081.98,,,
acct_1a112c0fb5,cust_c3886b8134,Bank of Baroda,savings,48810.51,,,
acct_c4be83d5a0,cust_25d070e645,HDFC Bank,savings,24351.33,,,
acct_2f600ebeb7,cust_8448e7eb88,State Bank of India,savings,26002.35,,,
acct_2491000c62,cust_41c5992dcf,State Bank of India,savings,22399.11,,,
acct_db94359ddc,cust_a5569ff652,Axis Bank,savings,25068.97,,,
acct_180488472e,cust_ca62a347af,ICICI Bank,savings,47352.63,,,
acct_603b287ec4,cust_388110ff8c,Punjab National Bank,savings,4422.04,,,
acct_ee239e6cfd,cust_114405424d,Axis Bank,savings,39663.59,,,
acct_b92e3032f0,cust_e9ce734301,Punjab National Bank,savings,33084.57,,,
acct_cb71b7f46e,cust_8a05e6e3fe,State Bank of India,savings,42108.86,,,
acct_55e1edb3c0,cust_eaab43ba0f,Axis Bank,savings,11096.4,,,
acct_0b49a431c5,cust_97368df426,HDFC Bank,savings,42962.95,,,
acct_253f63b8e7,cust_9e262b2d2c,Punjab National Bank,savings,13756.73,,,
acct_01fbbae4a5,cust_9784028fd2,Punjab National Bank,savings,23157.84,,,
acct_bdf0c5bf78,cust_ea3e830f3b,State Bank of India,savings,28937.16,,,
acct_b289db00e5,cust_8d5647ad73,Bank of Baroda,savings,48912.63,,,
acct_55134bf888,cust_b8ecabb317,Bank of Baroda,savings,44363.58,,,
acct_049e72344f,cust_39e5a32e33,Punjab National Bank,savings,21976.29,,,
acct_b44e7c7890,cust_e76a9b8304,Axis Bank,savings,10210.82,,,
acct_991c264208,cust_e7974c2879,HDFC Bank,savings,41725.03,,,
acct_f24760ef53,cust_c5bd9876b0,Axis Bank,savings,38502.92,,,
acct_f93884bb95,cust_a4d245c8aa,State Bank of India,savings,33590.19,,,
acct_5119d5af3a,cust_79911a22dd,HDFC Bank,savings,11168.64,,,
acct_0866c30ec7,cust_7193e9be55,State Bank of India,savings,6807.81,,,
acct_3b1fb24929,cust_a953da6167,Punjab National Bank,savings,2532.95,,,
acct_9083e313c8,cust_91e647c0a5,Bank of Baroda,savings,39030.9,,,
acct_31317967bc,cust_a32d53b54a,Bank of Baroda,savings,8233.36,,,
acct_39a87c3037,cust_26357621fd,Bank of Baroda,savings,46575.1,,,
acct_e5e1a3712f,cust_62e14a51e1,ICICI Bank,savings,28062.73,,,
acct_2c4415a662,cust_09a665f1ce,HDFC Bank,savings,27784.61,,,
acct_55c807c7d7,cust_66b2a152b6,Punjab National Bank,savings,7291.13,,,
acct_18aa9b6eb1,cust_2c3c880919,HDFC Bank,savings,3445.73,,,
acct_107f5ce1e5,cust_87164f85a1,Axis Bank,savings,14601.36,,,
acct_79a7a537d0,cust_893049f03e,Bank of Baroda,savings,8910.9,,,
acct_3e05799ff8,cust_07a7b545d1,HDFC Bank,savings,34800.44,,,
acct_4d8e84907c,cust_72117be9b0,ICICI Bank,savings,48104.58,,,
acct_616d5f2bbb,cust_a7da07f944,HDFC Bank,savings,37749.62,,,
acct_68869acde2,cust_9557270d55,HDFC Bank,savings,21183.79,,,
acct_537bbfeb38,cust_040a6debf2,ICICI Bank,savings,45247.26,,,
acct_419aa5721f,cust_1d875f9bb8,Axis Bank,savings,21454.68,,,
acct_bcc9142146,cust_b25a476585,Axis Bank,savings,2513.47,,,
acct_d51357c5d7,cust_170d06bd6a,Punjab National Bank,savings,16215.93,,,
acct_436053fcba,cust_141a93a1c5,Axis Bank,savings,45449.09,,,
acct_697902b066,cust_a34b2fdac8,Punjab National Bank,savings,49019.55,,,
acct_a381033b62,cust_1daf9264cc,ICICI Bank,savings,23750.97,,,
acct_10c304436b,cust_a124e9b73a,Punjab National Bank,savings,15958.35,,,
acct_3a6c23b087,cust_f662d8e73d,Bank of Baroda,savings,26735.63,,,
acct_166b1ce79e,cust_4650167f30,Axis Bank,savings,47851.66,,,
acct_2ad1277be1,cust_d2cae78e31,Punjab National Bank,savings,5735.93,,,
acct_4b42c5b57f,cust_68fb25aff1,Axis Bank,savings,11426.88,,,
acct_9c46f22a3e,cust_c40c8c0b16,State Bank of India,savings,48653.56,,,
acct_5689e35f94,cust_43a718f021,ICICI Bank,savings,34381.42,,,
acct_7d7238448c,cust_0508308b6c,ICICI Bank,savings,25757.18,,,
acct_91510cd650,cust_b9c339c1d7,ICICI Bank,savings,5392.13,,,
acct_be22599d8e,cust_e5cc1f0da5,ICICI Bank,savings,25789.65,,,
acct_481dd25a47,cust_43165e3988,Axis Bank,savings,45356.9,,,
acct_4c553b433d,cust_c9382f0cc1,Bank of Baroda,savings,2051.51,,,
acct_1559abb4f8,cust_0cc94d6506,Bank of Baroda,savings,24223.96,,,
acct_92f8b0332c,cust_c6531ee3b1,Bank of Baroda,savings,14021.45,,,
acct_33c97d7161,cust_473ffdce16,Bank of Baroda,savings,36832.54,,,
acct_d1092d119d,cust_80a4a38002,Axis Bank,savings,46400.19,,,
acct_8b98cdf8af,cust_0eac676f08,HDFC Bank,savings,24822.05,,,
acct_f97d1014f7,cust_8363c7226a,State Bank of India,savings,3157.3,,,
acct_f76c3d794c,cust_2daf135796,Axis Bank,savings,27894.71,,,
acct_d5dace96e5,cust_cf9aea0f35,HDFC Bank,savings,40424.77,,,
acct_6296f8d8b4,cust_628e7fbcf8,Punjab National Bank,savings,46404.31,,,
acct_a424d82fcd,cust_c317ed8e90,Punjab National Bank,savings,20113.93,,,
acct_ef758940cb,cust_55859711fa,HDFC Bank,savings,42601.68,,,
acct_bdfd0b8f72,cust_f75be39038,State Bank of India,savings,24530.73,,,
acct_b15dd3c53c,cust_cae2338216,ICICI Bank,savings,3974.65,,,
acct_bd29e3a739,cust_73d616486b,Punjab National Bank,savings,36408.72,,,
acct_5b195fba5f,cust_53e13b3872,HDFC Bank,savings,25423.36,,,
acct_7b0d494451,cust_f9df338c68,Bank of Baroda,savings,34020.52,,,
acct_d00c4f8f47,cust_2feb078dc3,Bank of Baroda,savings,24501.83,,,
acct_43016e1edd,cust_e8c76d55fe,Bank of Baroda,savings,20862.85,,,
acct_9dbe392640,cust_8172398898,ICICI Bank,savings,8054.27,,,
acct_0c009660f9,cust_60f38d5bae,ICICI Bank,savings,46724.04,,,
acct_8558c01754,cust_45d10b6656,HDFC Bank,savings,46586.9,,,
acct_0246effef1,cust_ed01bc6f4f,HDFC Bank,savings,26147.56,,,
acct_4f9101c2b8,cust_9c8017203c,ICICI Bank,savings,33278.83,,,
acct_1390638004,cust_3cd6e7aeaa,ICICI Bank,savings,39055.6,,,
acct_cc68460b33,cust_39fcc8ef45,ICICI Bank,savings,22901.92,,,
acct_8154f63048,cust_1a34cd5733,HDFC Bank,savings,33095.1,,,
acct_f83d1ce272,cust_bc728833ce,State Bank of India,savings,29340.42,,,
acct_7a0ce974a2,cust_fbd60d572d,Bank of Baroda,savings,17610.02,,,
acct_3e1bc00b93,cust_d9c61593fd,State Bank of India,savings,37609.02,,,
acct_d800f311d8,cust_4af48daa70,Bank of Baroda,savings,47814.29,,,
acct_85b53cdc82,cust_c4f66b89d0,Punjab National Bank,savings,42121.32,,,
acct_2a024ff37b,cust_815ffb2cec,ICICI Bank,savings,26623.12,,,
acct_d978c473f7,cust_485a4e7bcb,Axis Bank,savings,45334.74,,,
acct_ee3ce045ec,cust_aada5bae84,Punjab National Bank,savings,23593.07,,,
acct_2bd18867ca,cust_d4aa894e9f,Axis Bank,savings,39881.69,,,
acct_9848db645c,cust_d4a3566a2f,HDFC Bank,savings,29939.14,,,
acct_56ece480c9,cust_e5ae5f321a,State Bank of India,savings,6590.65,,,
acct_e92117fd86,cust_1a18e04e97,Axis Bank,savings,48135.74,,,
acct_f3fadb316a,cust_51177cb8d1,Punjab National Bank,savings,48205.87,,,
acct_1cbb3a50ad,cust_28992b23f8,Axis Bank,savings,44407.22,,,
acct_5a48a0ea00,cust_02ddcbf42d,ICICI Bank,savings,33436.47,,,
acct_dbd3d912e5,cust_81c147899e,Axis Bank,savings,43480.77,,,
acct_6561399427,cust_7ae0b0c103,ICICI Bank,savings,43240.84,,,
acct_73e86f53f7,cust_9839a63b4b,Punjab National Bank,savings,3725.14,,,
acct_96821c3158,cust_e5d0d7d388,ICICI Bank,savings,5817.85,,,
acct_00aa70c62a,cust_f899398232,HDFC Bank,savings,48094.64,,,
acct_33767d2930,cust_c1a2754bf7,Axis Bank,savings,23049.8,,,
acct_c5faf2a0b5,cust_6c4e873e96,Axis Bank,savings,8086.86,,,
acct_5f0fad8f39,cust_982ee90024,ICICI Bank,savings,8376.37,,,
acct_c26f20d20b,cust_d2710615b1,ICICI Bank,savings,47316.25,,,
acct_8cbd133ce5,cust_8350d1c6b0,HDFC Bank,savings,32794.19,,,
acct_c4bc5dd7c0,cust_2dae846a1e,ICICI Bank,savings,45438.62,,,
acct_0da5b13215,cust_ef4d3e0ce9,State Bank of India,savings,26346.61,,,
acct_7cf0652e7f,cust_fad201c6ed,Axis Bank,savings,35504.8,,,
acct_be324a0b3a,cust_fdd093b74f,Punjab National Bank,savings,22496.03,,,
acct_1db30f3c76,cust_ff9e82185a,Axis Bank,savings,15877.4,,,
acct_f403aca85c,cust_c5b7d39f24,Bank of Baroda,savings,25476.99,,,
acct_ba90b6aec3,cust_5b1e62c20a,ICICI Bank,savings,33458.28,,,
acct_3725b5d52e,cust_f58d3a41e5,Punjab National Bank,savings,33176.83,,,
acct_ef26eeccf1,cust_c70eef4ec6,State Bank of India,savings,16821.75,,,
acct_da0726c557,cust_d1c45ed0d2,Bank of Baroda,savings,20155.86,,,
acct_800de60a7e,cust_5fe5550ba5,ICICI Bank,savings,40311.3,,,
acct_4fd7a2c1d9,cust_fe6b36f5ea,ICICI Bank,savings,14162.39,,,
acct_d0e42b5900,cust_88d2dcfdfe,State Bank of India,savings,33169.31,,,
acct_f0c73da615,cust_6f274fe63b,Punjab National Bank,savings,5601.0,,,
acct_3933ee0aa8,cust_21789e2ed9,State Bank of India,savings,5191.91,,,
acct_7964d2912f,cust_0143f634eb,ICICI Bank,savings,48200.63,,,
acct_5b1a4c7d18,cust_c91c3122df,Axis Bank,savings,4474.72,,,
acct_7d8f00cce3,cust_0ebcdb5f3c,HDFC Bank,savings,46853.58,,,
acct_4b0a97b488,cust_9b3e8e423c,Axis Bank,savings,40130.39,,,
acct_7f5d80dde5,cust_8e592caed4,Punjab National Bank,savings,43122.52,,,
acct_db810d1456,cust_74b4aa72e7,ICICI Bank,savings,5741.98,,,
acct_86c9fdf578,cust_f0038e7561,State Bank of India,savings,26674.08,,,
acct_5fa8ce3656,cust_9585161c66,State Bank of India,savings,21023.94,,,
acct_62c427f60f,cust_f290e7e608,ICICI Bank,savings,10874.6,,,
acct_a10193a553,cust_d0f65b1b9d,Bank of Baroda,savings,21846.79,,,
acct_7011d2213f,cust_35e58ecb4e,HDFC Bank,savings,28533.79,,,
acct_b50bcff135,cust_659cd0f421,Bank of Baroda,savings,27649.8,,,
acct_b24da78199,cust_869a6cbb00,State Bank of India,savings,30902.3,,,
acct_07c44fd3e6,cust_d5df0b8ccc,State Bank of India,savings,25372.81,,,
acct_f0f19dbaff,cust_80bb6f942b,HDFC Bank,savings,7627.68,,,
acct_d5047a0393,cust_84c62c7864,Bank of Baroda,savings,8654.14,,,
acct_8bb74e9647,cust_99420f5c3c,State Bank of India,savings,11780.41,,,
acct_25350296d0,cust_b752b25d84,State Bank of India,savings,16297.94,,,
acct_0547fcd097,cust_819d7e67e9,HDFC Bank,savings,16305.64,,,
acct_8a05042a00,cust_36edba1993,State Bank of India,savings,45155.36,,,
acct_40d9bf10cd,cust_f70e456cc0,HDFC Bank,savings,2900.91,,,
acct_ae18455436,cust_4d4c94bbdd,HDFC Bank,savings,9713.9,,,
acct_563d367472,cust_3040dfbf87,ICICI Bank,savings,39872.13,,,
acct_bbb8d7ba77,cust_275378d05e,Axis Bank,savings,18135.73,,,
acct_11276f6e3c,cust_95ed47e4d3,HDFC Bank,savings,28909.77,,,
acct_35196799b9,cust_4a73ed1d59,State Bank of India,savings,44557.82,,,
acct_0eb8679444,cust_86d4ce2d16,Axis Bank,savings,21312.14,,,
acct_574a45ee62,cust_35ee117432,Punjab National Bank,savings,30289.28,,,
acct_0ddd1b4fc8,cust_527df4d506,ICICI Bank,savings,30974.12,,,
acct_54fe8e35de,cust_5d0f153aea,State Bank of India,savings,36282.8,,,
acct_4cff7cb559,cust_ec87487727,Axis Bank,savings,31234.68,,,
acct_0ced4afd54,cust_280f8f2b08,Axis Bank,savings,21953.77,,,
acct_0b7b44a99a,cust_b634a68284,HDFC Bank,savings,26037.19,,,
acct_8147d496ea,cust_969686be81,Punjab National Bank,savings,30985.39,,,
acct_7e3784dd48,cust_f70cb0e381,ICICI Bank,savings,38259.99,,,
acct_36ebde28a7,cust_5ccf71b3d7,Punjab National Bank,savings,17081.89,,,
acct_48673f1432,cust_845591c24b,ICICI Bank,savings,48571.95,,,
acct_46154d0566,cust_943b0e6d95,ICICI Bank,savings,2241.89,,,
acct_0903180b3f,cust_7e1a9a2cf2,ICICI Bank,savings,38756.08,,,
acct_a52d9c2579,cust_d5ec0e3577,ICICI Bank,savings,46300.12,,,
acct_2a8ebb28f2,cust_6141d13f3a,ICICI Bank,savings,13777.8,,,
acct_6083b3af44,cust_7e864322d0,Punjab National Bank,savings,6457.92,,,
acct_5ce3cf9a63,cust_c933056f9b,Bank of Baroda,savings,2769.42,,,
acct_f99351bb1e,cust_00b84a384c,ICICI Bank,savings,36632.48,,,
acct_7ef798a501,cust_0744252069,Bank of Baroda,savings,13458.32,,,
acct_62674e840a,cust_3e209fbe42,Axis Bank,savings,7131.5,,,
acct_f354f33f8c,cust_61c4975eb8,Bank of Baroda,savings,8076.76,,,
acct_50b1ecb1e1,cust_b8477a4b09,HDFC Bank,savings,3483.88,,,
acct_fc657f11fb,cust_dbd86dbb28,Punjab National Bank,savings,30630.94,,,
acct_2f2fb1072f,cust_347b65c472,HDFC Bank,savings,6116.83,,,
acct_6d3b6290e0,cust_80c60de6f5,State Bank of India,savings,43228.65,,,
acct_d0838c71b8,cust_64f88a4f78,HDFC Bank,savings,16824.15,,,
acct_3b18103de0,cust_4d07c58ef9,Axis Bank,savings,36001.75,,,
acct_767cfbe2ce,cust_4f5cc61118,ICICI Bank,savings,17380.32,,,
acct_2ad3dab6fa,cust_2e4ccb2098,Bank of Baroda,savings,39241.21,,,
acct_0d37dbe05c,cust_d1376e1710,ICICI Bank,savings,12417.05,,,
acct_5e3ed70f89,cust_a4d3dffabb,ICICI Bank,savings,15967.26,,,
acct_4abd5911c4,cust_f41e518d1b,Axis Bank,savings,9481.94,,,
acct_b2d511b0d8,cust_6444196cc5,HDFC Bank,savings,25333.57,,,
acct_248716821e,cust_5d9ff9248c,State Bank of India,savings,34737.79,,,
acct_bfbf30824c,cust_21b360ef12,Bank of Baroda,savings,6334.84,,,
acct_ad84825fbd,cust_3337ce1a47,Punjab National Bank,savings,47761.32,,,
acct_700f5e38d4,cust_44b23d2f95,Bank of Baroda,savings,20679.06,,,
acct_c2c4ea4408,cust_73aa6c060d,Axis Bank,savings,41946.25,,,
acct_34e9663469,cust_0e34f2058f,ICICI Bank,savings,43192.84,,,
acct_ab37f8d485,cust_d54545dbbb,Punjab National Bank,savings,44794.89,,,
acct_27e384bdb7,cust_8f66a92528,Punjab National Bank,savings,34396.98,,,
acct_bf2e25a5d2,cust_50ce943342,Axis Bank,savings,27010.96,,,
acct_9007efc02b,cust_26ecb1d7af,Axis Bank,savings,19287.12,,,
acct_f47324a523,cust_017f07a2dd,Axis Bank,savings,11010.92,,,
acct_69ee75d50d,cust_503993aab6,Axis Bank,savings,9114.73,,,
acct_cf7c09561d,cust_703e76eab4,State Bank of India,savings,12131.45,,,
acct_18d7459dc6,cust_c580740423,HDFC Bank,savings,33309.87,,,
acct_c0154979f7,cust_75ca03966c,HDFC Bank,savings,27200.18,,,
acct_ca43689efd,cust_0a5e870800,HDFC Bank,savings,31479.54,,,
acct_4e15320814,cust_11dcd272cf,Bank of Baroda,savings,24215.01,,,
acct_0aaf5f7a05,cust_83d49094f9,ICICI Bank,savings,11041.01,,,
acct_1813f45e8c,cust_9714f7b682,Axis Bank,savings,24721.15,,,
acct_fee13296cd,cust_4848a50f78,Axis Bank,savings,39988.37,,,
acct_3f8a22da51,cust_9582c627af,HDFC Bank,savings,19599.3,,,
acct_b4f7c088aa,cust_a8853699e1,ICICI Bank,savings,16215.75,,,
acct_d047b0437b,cust_1a5380bceb,HDFC Bank,savings,15448.96,,,
acct_90da7232d9,cust_4b7740257c,HDFC Bank,savings,29935.38,,,
acct_1ce3879982,cust_ca4840ca4a,Axis Bank,savings,27725.78,,,
acct_c631c5e686,cust_03b3106625,HDFC Bank,savings,46342.6,,,
acct_a2c8e68335,cust_531b96f52c,Axis Bank,savings,18136.83,,,
acct_23e3ea9077,cust_1dc4996c48,HDFC Bank,savings,15081.39,,,
acct_c6da9490c9,cust_eb27651641,State Bank of India,savings,22498.87,,,
acct_b9cee3378a,cust_ad7aa7b2d6,Punjab National Bank,savings,43030.67,,,
acct_15dff0c711,cust_d22c044b5a,ICICI Bank,savings,11598.08,,,
acct_9e110615d4,cust_1a10155b8c,ICICI Bank,savings,44156.43,,,
acct_3c9e3f48a9,cust_9881fc4b26,State Bank of India,savings,15006.65,,,
acct_c576176c95,cust_10de175117,Punjab National Bank,savings,10543.91,,,
acct_2966a9aa00,cust_e45079e647,ICICI Bank,savings,31891.07,,,
acct_4db5c19b75,cust_947bec7442,State Bank of India,savings,13958.71,,,
acct_4afce50c69,cust_88f1ca1caa,Bank of Baroda,savings,16892.32,,,
acct_41e5841ce2,cust_2d34ee6b4c,Punjab National Bank,savings,22332.97,,,
acct_0b6e7e9a85,cust_2964c48d00,HDFC Bank,savings,38708.67,,,
acct_f1d0935146,cust_ba7165c2c8,Punjab National Bank,savings,6489.1,,,
acct_d982a1032b,cust_764e1bde92,Bank of Baroda,savings,23984.59,,,
acct_eefbe6bc7c,cust_8a3b9a86aa,Punjab National Bank,savings,30576.03,,,
acct_bc7e6a0b40,cust_9f1ca4c3ea,Axis Bank,savings,47168.05,,,
acct_1cc4bf69e6,cust_bc16b4185a,Punjab National Bank,savings,4160.73,,,
acct_365062118a,cust_00eeb14cd4,HDFC Bank,savings,38661.03,,,
acct_d92ceb550b,cust_700fa451b2,Punjab National Bank,savings,41530.58,,,
acct_fa296c2ef8,cust_b913f90c03,Bank of Baroda,savings,35513.09,,,
acct_c07de9f9b3,cust_2a1b7467cb,Axis Bank,savings,27280.99,,,
acct_b2e8de88c9,cust_648a9739fc,Bank of Baroda,savings,16239.67,,,
acct_44bd8aa763,cust_8a3e8ed010,State Bank of India,savings,44280.43,,,
acct_6fbb974ab7,cust_9d144c8762,Bank of Baroda,savings,7277.22,,,
acct_1cfb36013e,cust_7aef1eeb5e,Bank of Baroda,savings,45657.2,,,
acct_0647ad7c54,cust_1a160c625f,HDFC Bank,savings,21732.44,,,
acct_d393d6af39,cust_a2cb7bec46,Punjab National Bank,savings,18177.98,,,
acct_50d8803df6,cust_8630119511,ICICI Bank,savings,39394.23,,,
acct_47d025a84b,cust_9814882ece,Punjab National Bank,savings,45012.55,,,
acct_f8f7d757d6,cust_4a3e47afa2,Punjab National Bank,savings,38371.09,,,
acct_a2d0408bbd,cust_0b226787de,State Bank of India,savings,2056.26,,,
acct_8cf4d847ba,cust_5dfb5c3347,HDFC Bank,savings,40369.07,,,
acct_70922769e7,cust_b8d3999ed6,ICICI Bank,savings,20836.34,,,
acct_8e43576fa1,cust_5f4cdd4af3,Bank of Baroda,savings,40396.05,,,
acct_72d4bbf796,cust_233471cfe9,ICICI Bank,savings,26752.38,,,
acct_313ffcfbbf,cust_80ecdf049f,HDFC Bank,savings,6706.77,,,
acct_8be225b717,cust_29d22566ef,State Bank of India,savings,12051.07,,,
acct_78d29e5919,cust_d480a2182f,HDFC Bank,savings,34148.18,,,
acct_95a9025f15,cust_84a81ce147,State Bank of India,savings,27349.25,,,
acct_a69a341ae2,cust_12c73c7a2a,Bank of Baroda,savings,46059.1,,,
acct_1eac30c232,cust_1b9712afee,ICICI Bank,savings,44613.18,,,
acct_25d784299e,cust_63a3b323d2,Axis Bank,savings,35241.83,,,
acct_f46be5a9f7,cust_6c25f27bef,Axis Bank,savings,17524.61,,,
acct_84c2baa520,cust_606140f7ed,Punjab National Bank,savings,37886.15,,,
acct_452484c860,cust_9745640a0c,Punjab National Bank,savings,3748.91,,,
acct_bb4d8f437e,cust_07cc67d2e5,ICICI Bank,savings,22984.22,,,
acct_88e52b57be,cust_f15d6d42b3,ICICI Bank,savings,39897.35,,,
acct_0dbd475ff2,cust_5bd43f8ba4,Axis Bank,savings,14292.21,,,
acct_5892667c2c,cust_460ed1e46f,State Bank of India,savings,42098.44,,,
acct_ddfdf6a479,cust_046469eed5,State Bank of India,savings,43203.39,,,
acct_2f404d2d4f,cust_c423f26269,State Bank of India,savings,23203.21,,,
acct_07138f7af9,cust_5ed89e8013,Axis Bank,savings,38595.23,,,
acct_fbf1fd3773,cust_2be3a257af,Punjab National Bank,savings,11233.46,,,
acct_08993fceff,cust_6c603ef2f4,Bank of Baroda,savings,21800.44,,,
acct_e7fec23fc5,cust_5ba327d0cc,Axis Bank,savings,5570.85,,,
acct_7a1da1e039,cust_207ca40506,State Bank of India,savings,46807.36,,,
acct_7d20d6fa9d,cust_88267ffc78,Bank of Baroda,savings,49218.9,,,
acct_6a201e1daa,cust_faf025c65e,Axis Bank,savings,12890.05,,,
acct_6f0a2de045,cust_a9f6869ff5,HDFC Bank,savings,18587.97,,,
acct_3360f72f0d,cust_a8fb5b72b1,Axis Bank,savings,16604.68,,,
acct_49cf710a12,cust_5b882cda59,Punjab National Bank,savings,8009.5,,,
acct_3a655b169f,cust_0dee5a812f,Punjab National Bank,savings,20354.49,,,
acct_3d5c859fa5,cust_edc50459f6,State Bank of India,savings,25132.32,,,
acct_ff4e11576a,cust_f0ce01cb10,Bank of Baroda,savings,26724.76,,,
acct_d358ad18bf,cust_2a0235b59a,Punjab National Bank,savings,43354.4,,,
acct_f0d1b95f59,cust_813f412242,Bank of Baroda,savings,3278.33,,,
acct_0f51abd40a,cust_7e9cd004d7,Bank of Baroda,savings,41730.47,,,
acct_ed04c59784,cust_6b2dcfbba5,Bank of Baroda,savings,37918.04,,,
acct_eba1e84cc6,cust_4309692a81,HDFC Bank,savings,7020.4,,,
acct_d22bab1fdc,cust_ccab6c4be1,Bank of Baroda,savings,49316.71,,,
acct_5381fe6dfd,cust_56c686f877,Punjab National Bank,savings,6789.73,,,
acct_d8f70ac7af,cust_340008ace7,Axis Bank,savings,46976.17,,,
acct_bab7a94fb9,cust_dec4488a72,Punjab National Bank,savings,10929.63,,,
acct_ef3259680d,cust_26cb2f7b57,Axis Bank,savings,49911.13,,,
acct_15d6055518,cust_6249739f79,Axis Bank,savings,28815.82,,,
acct_1949524288,cust_c00ba00eb7,Axis Bank,savings,48405.33,,,
acct_03a107ba41,cust_c8e82d6d4b,Axis Bank,savings,24207.77,,,
acct_885ff97aa9,cust_47a8c6d7d6,HDFC Bank,savings,18851.33,,,
acct_4ce6d398a6,cust_78a83ba03d,Axis Bank,savings,41546.16,,,
acct_900f6f02bf,cust_7692e4714e,Bank of Baroda,savings,19456.12,,,
acct_c11b172789,cust_2ec2c23667,HDFC Bank,savings,32790.0,,,
acct_ebcb029606,cust_f38039bcbe,Punjab National Bank,savings,38669.46,,,
acct_6940c9af10,cust_06d23ca252,Axis Bank,savings,3848.42,,,
acct_bdfd77683e,cust_e4610ca1bf,State Bank of India,savings,20044.56,,,
acct_ca55179552,cust_c1a7062f24,Axis Bank,savings,11395.19,,,
acct_be4c2a8f66,cust_880db1990e,Axis Bank,savings,32139.42,,,
acct_2d27ded2d2,cust_45e91aa5b3,Bank of Baroda,savings,18147.06,,,
acct_9668681ae8,cust_b5336b8a7f,ICICI Bank,savings,21336.8,,,
acct_3fcd289640,cust_baedcce6a8,Punjab National Bank,savings,45823.23,,,
acct_0e71acfc19,cust_791ac6be18,HDFC Bank,savings,37173.57,,,
acct_31412609fd,cust_c5faffc85b,Punjab National Bank,savings,42835.0,,,
acct_9a1df6e8a6,cust_060398bbce,ICICI Bank,savings,10758.42,,,
acct_3463a10490,cust_e62e52765c,State Bank of India,savings,5439.58,,,
acct_db60b08241,cust_bb4e4828f9,Punjab National Bank,savings,11781.18,,,
acct_418725564e,cust_f3476bcb69,Bank of Baroda,savings,42349.29,,,
acct_e708644e9e,cust_b162116021,HDFC Bank,savings,29023.28,,,
acct_d4e221aede,cust_4c106b696d,Punjab National Bank,savings,2982.42,,,
acct_9cbdf68665,cust_f7817c9c45,Punjab National Bank,savings,17363.2,,,
acct_89e995b38c,cust_ef90287c9a,Bank of Baroda,savings,3451.81,,,
acct_8979a8bf07,cust_60fcdb4c57,Bank of Baroda,savings,21025.26,,,
acct_ecad7487c8,cust_df2cdb04cb,HDFC Bank,savings,9534.96,,,
acct_048ae3a9ca,cust_a023ebc8dc,HDFC Bank,savings,42435.14,,,
acct_0e4f305006,cust_ecd690ffca,Axis Bank,savings,2120.86,,,
acct_84d05059af,cust_c7c85773c4,State Bank of India,savings,12614.29,,,
acct_4af6cab2d4,cust_3c7ae94725,Bank of Baroda,savings,27949.07,,,
acct_6a85ef392d,cust_a01416b089,Punjab National Bank,savings,2890.5,,,
acct_cf3b1f5e25,cust_871c31dff4,State Bank of India,savings,30238.32,,,
acct_f3e999965b,cust_ffe3de4c2f,Axis Bank,savings,40087.88,,,
acct_04811e1f02,cust_00f7437798,State Bank of India,savings,9688.63,,,
acct_1e4e52b685,cust_4508060e5b,HDFC Bank,savings,41998.99,,,
acct_5c74e8734f,cust_389e76b902,HDFC Bank,savings,27189.81,,,
acct_171016e9cc,cust_a3c209dab5,Punjab National Bank,savings,41898.6,,,
acct_b8738da943,cust_e4689bd8e1,Punjab National Bank,savings,49875.02,,,
acct_746f55e93d,cust_4e722b16c6,Punjab National Bank,savings,3267.41,,,
acct_15fa242f9a,cust_3c96268122,ICICI Bank,savings,34566.33,,,
acct_fec9a6a066,cust_910dc9cd10,ICICI Bank,savings,47990.09,,,
acct_2d9aaf0e0c,cust_729d92fb2e,HDFC Bank,savings,9631.87,,,
acct_a1677f9f68,cust_dac9bb49b4,Bank of Baroda,savings,9777.63,,,
acct_6e4be2b537,cust_b02466ec91,HDFC Bank,savings,7121.79,,,
acct_5a1d8fdaaa,cust_76fd40a3c0,State Bank of India,savings,25404.81,,,
acct_6b76d6a731,cust_b409964d21,HDFC Bank,savings,24993.75,,,
acct_d9a0ef486b,cust_56ca22e504,Axis Bank,savings,12859.83,,,
acct_a29c24d43c,cust_a8630544fa,ICICI Bank,savings,34853.65,,,
acct_fc55a7be5f,cust_bbdf5238ad,ICICI Bank,savings,46363.33,,,
acct_52997753b5,cust_5f358962ae,HDFC Bank,savings,28513.69,,,
acct_b3a24b7d61,cust_1a7038c592,State Bank of India,savings,30500.41,,,
acct_73b2134b17,cust_a54d596984,Axis Bank,savings,23466.99,,,
acct_3a68f37d06,cust_4c3c0c9576,HDFC Bank,savings,45204.23,,,
acct_11cb2d8afa,cust_7c4bf93c33,Axis Bank,savings,16134.63,,,
acct_67c2531019,cust_2d9f1bb208,HDFC Bank,savings,42046.52,,,
acct_3c497e9111,cust_31e8104da8,ICICI Bank,savings,45682.97,,,
acct_fe3811a5bf,cust_aa35b5d8e8,ICICI Bank,savings,34341.99,,,
acct_e9407ace78,cust_d46d4246e5,Bank of Baroda,savings,22047.71,,,
acct_c7b239d8fa,cust_a1fe72c6d2,Punjab National Bank,savings,3964.28,,,
acct_e3e3f01f8a,cust_e979f32f54,Axis Bank,savings,46618.29,,,
acct_191f139871,cust_5b87ad711c,Bank of Baroda,savings,49489.99,,,
acct_22b69d385c,cust_adc77edf01,State Bank of India,savings,47773.24,,,
acct_8f0ed69e0f,cust_270e28abd2,Punjab National Bank,savings,19740.18,,,
acct_be37c78481,cust_16a6d28f8b,HDFC Bank,savings,37217.59,,,
acct_6b21b7eb6d,cust_ad82d24f51,Axis Bank,savings,32648.97,,,
acct_cebc7cdcce,cust_61e233afd6,Bank of Baroda,savings,48527.29,,,
acct_80b72ead42,cust_9ffa9e449d,Punjab National Bank,savings,20751.03,,,
acct_ea80d5c7b8,cust_a5782d5170,State Bank of India,savings,20553.98,,,
acct_c422db76eb,cust_a4f58d72cd,Axis Bank,savings,23688.18,,,
acct_1cc29b3c3c,cust_a0811dd9e6,Axis Bank,savings,6500.13,,,
acct_bb50c21bee,cust_e6b464b7c1,ICICI Bank,savings,30470.22,,,
acct_ad0adddc0f,cust_5e9369dccf,ICICI Bank,savings,29150.45,,,
acct_01220e38a2,cust_5f1bf0f7d6,Punjab National Bank,savings,22070.24,,,
acct_9a2fdac777,cust_5fe13b1833,HDFC Bank,savings,43919.28,,,
acct_7f79e93c2b,cust_c4ec16c0c6,Punjab National Bank,savings,41057.28,,,
acct_f4b90723f0,cust_090a0c6c6f,State Bank of India,savings,24556.32,,,
acct_1cc05d9c3a,cust_d047663af9,ICICI Bank,savings,30207.17,,,
acct_f00dca33c8,cust_ebbf1271ce,Axis Bank,savings,48588.5,,,
acct_73db25aa3e,cust_7be8f22a5c,State Bank of India,savings,36750.5,,,
acct_d3a9234b0c,cust_c271d21548,State Bank of India,savings,22921.86,,,
acct_77b0b63cad,cust_d7760f12f7,HDFC Bank,savings,37453.73,,,
acct_93450ceaa7,cust_4604b21155,Axis Bank,savings,30668.79,,,
acct_16b02b9d5f,cust_e290403b8d,State Bank of India,savings,40094.46,,,
acct_eeb6afee44,cust_835c703959,Bank of Baroda,savings,21124.07,,,
acct_8324348a2b,cust_a12fa456de,HDFC Bank,savings,23302.44,,,
acct_336021c19c,cust_a57d5fb426,HDFC Bank,savings,48486.49,,,
acct_04997c5a50,cust_fbe54fb76e,Axis Bank,savings,27245.79,,,
acct_d3a8407711,cust_fedcbb1ffb,Axis Bank,savings,40114.86,,,
acct_6ed133fe2a,cust_c8a55b5966,Bank of Baroda,savings,2751.6,,,
acct_32df0b36a8,cust_af5f2e581f,Punjab National Bank,savings,3940.89,,,
acct_e1e0ae631e,cust_8f8d6d1627,State Bank of India,savings,5670.39,,,
acct_93bf8753b7,cust_ae48d8f000,Bank of Baroda,savings,35503.34,,,
acct_924832fd25,cust_629a97a383,Axis Bank,savings,43334.88,,,
acct_6ee1fcffc1,cust_5b2846e873,State Bank of India,savings,27144.6,,,
acct_828c540d6b,cust_da8c50a0da,HDFC Bank,savings,46841.55,,,
acct_0fdc7fb01d,cust_8a1a284303,State Bank of India,savings,22185.12,,,
acct_373b61928e,cust_d8a848f7d2,Punjab National Bank,savings,45198.16,,,
acct_1883bd526e,cust_cfc00766fe,Bank of Baroda,savings,28060.81,,,
acct_2c4fdc5f60,cust_c66a528b9b,ICICI Bank,savings,12212.3,,,
acct_2f5ac7976e,cust_ee742a21cf,Bank of Baroda,savings,13491.61,,,
acct_7685665431,cust_6bf0a3acaa,ICICI Bank,savings,14032.24,,,
acct_2835a16ddd,cust_a59513613e,State Bank of India,savings,11083.04,,,
acct_b1585b377c,cust_05614426a1,Bank of Baroda,savings,30564.96,,,
acct_6cc65978d0,cust_2e2df49b66,HDFC Bank,savings,41293.19,,,
acct_8ad63aa301,cust_08eaf18a3a,Bank of Baroda,savings,14056.47,,,
acct_e10b39a73d,cust_66513ad6f8,Axis Bank,savings,41701.52,,,
acct_8a15228cad,cust_cb0309a340,HDFC Bank,savings,7389.52,,,
acct_4323ac720d,cust_348a6d05ad,HDFC Bank,savings,41664.91,,,
acct_7fe8b41745,cust_94abb6750a,Punjab National Bank,savings,32099.75,,,
acct_c1e296efe6,cust_49b104161b,Punjab National Bank,savings,49008.26,,,
acct_8fe74df21e,cust_322884e32b,Bank of Baroda,savings,7800.57,,,
acct_2877d1df2d,cust_a96d304881,HDFC Bank,savings,18115.37,,,
acct_a019636d8e,cust_c3457eab25,State Bank of India,savings,39775.85,,,
acct_4b72ec5489,cust_d2db61f7cb,HDFC Bank,savings,45326.44,,,
acct_645b284eab,cust_c13b0370fb,Axis Bank,savings,27860.74,,,
acct_be259d00ab,cust_43350864de,Bank of Baroda,savings,8295.21,,,
acct_ccb717434f,cust_065ce682f4,ICICI Bank,savings,45690.88,,,
acct_db97b0fd51,cust_f45518ea7b,State Bank of India,savings,32621.78,,,
acct_4ed95f6c75,cust_00d15466c2,ICICI Bank,savings,40041.0,,,
acct_ba8e182cbb,cust_a258b0a1e3,HDFC Bank,savings,33937.18,,,
acct_b2062ce6ec,cust_46b23b1b3a,ICICI Bank,savings,18523.16,,,
acct_ca5a1f28c6,cust_d26eb39cdd,Punjab National Bank,savings,8279.09,,,
acct_4315de2f5d,cust_d442b59c83,Axis Bank,savings,30778.25,,,
acct_75e0543f72,cust_17f5afd775,Axis Bank,savings,23841.37,,,
acct_3d4bd7b40b,cust_f3b86bcb6e,Axis Bank,savings,30558.98,,,
acct_e0b8499141,cust_800281dd25,HDFC Bank,savings,19673.06,,,
acct_313d4388a7,cust_e2ed1e2f68,Axis Bank,savings,9967.48,,,
acct_01e9a63530,cust_0ccc13317e,Axis Bank,savings,13099.03,,,
acct_e57489109a,cust_e1e3fcbeed,State Bank of India,savings,5072.52,,,
acct_0119baf81f,cust_e91f1c9a1e,ICICI Bank,savings,6532.5,,,
acct_d2cb10dc4e,cust_e5428cec1a,Bank of Baroda,savings,24261.56,,,
acct_88dbe3ac5d,cust_775d92f454,Axis Bank,savings,22719.75,,,
acct_e4920dbd50,cust_0125f2cad4,ICICI Bank,savings,48538.47,,,
acct_a70c1f7d7e,cust_a02b68c38b,ICICI Bank,savings,27985.76,,,
acct_0d8b31f897,cust_fa83cde981,Axis Bank,savings,5087.88,,,
acct_d573b5b8bb,cust_c5a952830f,State Bank of India,savings,35087.62,,,
acct_d574bf48a3,cust_b672a7c834,Bank of Baroda,savings,32421.87,,,
acct_16b90b08bb,cust_cac524c772,Punjab National Bank,savings,26404.3,,,
acct_57645c1a9b,cust_d3472c0061,Axis Bank,savings,49512.98,,,
acct_b81125c36a,cust_68ca0865d6,Punjab National Bank,savings,6662.3,,,
acct_e5b2296a28,cust_543bcacc7e,State Bank of India,savings,34206.34,,,
acct_abc63e0c3e,cust_baa4c321e0,HDFC Bank,savings,47709.3,,,
acct_57d1b9b603,cust_f080472ea8,Axis Bank,savings,18970.54,,,
acct_e8b35a966d,cust_5a53c30130,Axis Bank,savings,5290.65,,,
acct_04877fdea0,cust_f6db7cca13,State Bank of India,savings,40636.82,,,
acct_97d3e5394f,cust_a5976dae07,State Bank of India,savings,21612.89,,,
acct_bd33e48612,cust_470e0b9395,Axis Bank,savings,30886.03,,,
acct_b9ecbe84f1,cust_d0c5e34d8e,Axis Bank,savings,15466.08,,,
acct_57ff9c501d,cust_10e4baebc4,Bank of Baroda,savings,37959.7,,,
acct_57454a5923,cust_952d9ca9b8,Bank of Baroda,savings,47251.51,,,
acct_9d5c709dd4,cust_f324336306,Bank of Baroda,savings,7236.59,,,
acct_96a8adbff8,cust_1b534144e8,HDFC Bank,savings,25043.02,,,
acct_330087cb2d,cust_3c4df37835,HDFC Bank,savings,48903.38,,,
acct_7b6167d407,cust_4e508dd312,State Bank of India,savings,38756.36,,,
acct_1039abea12,cust_8867e7472f,HDFC Bank,savings,28471.68,,,
acct_6ffe0f48da,cust_57cf688edc,HDFC Bank,savings,17092.19,,,
acct_6a1ac4f838,cust_64dfbbef4b,Bank of Baroda,savings,11275.06,,,
acct_46119e5a16,cust_aa56fb0041,Bank of Baroda,savings,40868.77,,,
acct_eb21bae317,cust_679761dfdd,Axis Bank,savings,41702.02,,,
acct_e1d3fb39b2,cust_a2853021a4,Axis Bank,savings,8506.25,,,
acct_d075e73aab,cust_179b67f4d7,Punjab National Bank,savings,27754.05,,,
acct_6fff4f0e85,cust_7dd5e2d5c5,ICICI Bank,savings,40004.72,,,
acct_86af81205d,cust_241baa16de,ICICI Bank,savings,15551.29,,,
acct_3ea9d8c23a,cust_9918caf210,HDFC Bank,savings,33286.73,,,
acct_d97c1a816d,cust_93928b3d59,Bank of Baroda,savings,18332.28,,,
acct_362f91f5fd,cust_e581416194,Axis Bank,savings,47318.27,,,
acct_c3b8afaeb6,cust_9437aa1f68,Bank of Baroda,savings,26126.23,,,
acct_617851f094,cust_6342c16e49,Punjab National Bank,savings,3172.76,,,
acct_b6f9e9fe91,cust_d75bf57958,State Bank of India,savings,25589.45,,,
acct_9e7390d5c3,cust_cee00a5620,ICICI Bank,savings,22910.99,,,
acct_1a8082d36a,cust_faca7a5466,HDFC Bank,savings,36279.0,,,
acct_a3607fa5b1,cust_bbcb5b41bb,Punjab National Bank,savings,14508.6,,,
acct_ed16aba598,cust_5eec9edbdf,Axis Bank,savings,18214.04,,,
acct_709d1abbac,cust_3c1dda01a4,Bank of Baroda,savings,35856.55,,,
acct_40543283c4,cust_32554c7f41,Axis Bank,savings,6148.36,,,
acct_f6a1049a19,cust_9bd2258e86,Punjab National Bank,savings,6752.53,,,
acct_7e840682a2,cust_4250cb33e3,Punjab National Bank,savings,31818.42,,,
acct_09e2f6d7d5,cust_96a62998c8,State Bank of India,savings,8518.81,,,
acct_7867ad96da,cust_9ab7ebb4b2,Punjab National Bank,savings,35266.06,,,
acct_557f1a4b10,cust_cee3a808aa,Axis Bank,savings,10516.44,,,
acct_41bcad3807,cust_d0b00fff36,State Bank of India,savings,46981.96,,,
acct_28ca67b798,cust_2049846c69,Bank of Baroda,savings,31706.26,,,
acct_ff998e2a39,cust_96bbcca28a,Bank of Baroda,savings,5718.0,,,
acct_703f1b7b8c,cust_a42edd0a66,HDFC Bank,savings,23551.46,,,
acct_4bf62f53f9,cust_a0a126b17a,ICICI Bank,savings,28741.63,,,
acct_213b87d5f4,cust_694b085807,HDFC Bank,savings,20660.72,,,
acct_2a4c54ae43,cust_9bf77904ea,Punjab National Bank,savings,15087.49,,,
acct_c5cb8200fc,cust_2db8c038d8,HDFC Bank,savings,27864.6,,,
acct_a974f46f45,cust_34b2b8aff7,ICICI Bank,savings,39373.9,,,
acct_05c24e911c,cust_56ce402d26,Axis Bank,savings,21682.08,,,
acct_37a6b5dca6,cust_4fcb51bf4c,Punjab National Bank,savings,6766.89,,,
acct_7225518283,cust_f80d32955c,Punjab National Bank,savings,5358.72,,,
acct_f5a765d70b,cust_ba32124e33,State Bank of India,savings,10965.42,,,
acct_370b16b577,cust_6c010acdac,Bank of Baroda,savings,38712.31,,,
acct_f44f6c3e2d,cust_e3736dd647,HDFC Bank,savings,45551.4,,,
acct_b5a9247290,cust_1d111f7f82,Bank of Baroda,savings,34414.96,,,
acct_5fde179881,cust_65b1b1ec30,Punjab National Bank,savings,45236.22,,,
acct_7d389efd49,cust_444b90767f,Bank of Baroda,savings,45276.38,,,
acct_4b67a08706,cust_69d2c0177b,Punjab National Bank,savings,39013.7,,,
acct_c50b92287d,cust_a5103ade33,ICICI Bank,savings,6501.91,,,
acct_e8b54ad7db,cust_472760e216,Punjab National Bank,savings,16927.16,,,
acct_6b02173c16,cust_29f734c100,ICICI Bank,savings,30237.0,,,
acct_6e4299c903,cust_53bfdf93a4,HDFC Bank,savings,17767.23,,,
acct_adef15bbed,cust_9565e998a9,Punjab National Bank,savings,37509.29,,,
acct_6c8f33070c,cust_416d15a4da,Axis Bank,savings,39587.86,,,
acct_63a16e327c,cust_e73052646d,HDFC Bank,savings,44633.7,,,
acct_684e4a2450,cust_fe25bec894,Bank of Baroda,savings,25383.07,,,
acct_c3b033a5f5,cust_ebca035b92,ICICI Bank,savings,8349.09,,,
acct_ad817d1c4c,cust_d79eb8151a,Bank of Baroda,savings,26773.44,,,
acct_d8b780665e,cust_e88951e35e,State Bank of India,savings,8584.01,,,
acct_c3b4bfc930,cust_dbe897b3fb,Bank of Baroda,savings,14098.11,,,
acct_98480c3b80,cust_5a94f7e016,Axis Bank,savings,22361.28,,,
acct_bcb6504851,cust_58b5698255,Axis Bank,savings,5228.87,,,
acct_fceb2ee556,cust_e7297973ce,State Bank of India,savings,46719.65,,,
acct_0555346b5f,cust_8abeade665,ICICI Bank,savings,28652.89,,,
acct_802a10f65b,cust_fa5f35fb8e,HDFC Bank,savings,31428.88,,,
acct_26c0a85b42,cust_f374a8f033,State Bank of India,savings,38811.81,,,
acct_9e7b4a80d3,cust_55037d5186,HDFC Bank,savings,48750.22,,,
acct_a5a5186282,cust_f183409e07,Bank of Baroda,savings,37691.31,,,
acct_70853a0de7,cust_74c0030b92,Punjab National Bank,savings,36216.85,,,
acct_c1c08acb40,cust_136e1c9858,Punjab National Bank,savings,31853.11,,,
acct_b4052eb899,cust_0f41847260,State Bank of India,savings,28851.55,,,
acct_aab997d3a3,cust_2a436bd86b,Axis Bank,savings,37228.96,,,
acct_2480d6a468,cust_95aadddce5,Axis Bank,savings,14208.72,,,
acct_0d2beb0976,cust_10e9ef912c,ICICI Bank,savings,44755.75,,,
acct_f0f99cb21e,cust_df431b1ada,Bank of Baroda,savings,48608.77,,,
acct_47721f6ad6,cust_ae0cb1ea8f,HDFC Bank,savings,37800.54,,,
acct_9573faa9a7,cust_f16baf1a45,State Bank of India,savings,7005.19,,,
acct_cab2731229,cust_fdebd74d41,ICICI Bank,savings,22849.57,,,
acct_04fde00df1,cust_ef0e8b3f70,ICICI Bank,savings,28834.97,,,
acct_df139e21fa,cust_d7417f597c,Axis Bank,savings,37350.22,,,
acct_5d23e1f3a2,cust_a1b67b576d,Punjab National Bank,savings,32147.45,,,
acct_8935300f66,cust_975d9734ad,HDFC Bank,savings,35093.2,,,
acct_cbdd9ea574,cust_3e7c7647bb,Punjab National Bank,savings,15744.36,,,
acct_a3c7be536f,cust_ada225be94,Punjab National Bank,savings,17070.12,,,
acct_f9e7fc8350,cust_263d44d01b,State Bank of India,savings,37987.6,,,
acct_bf50d19b96,cust_e160e1d902,ICICI Bank,savings,45186.64,,,
acct_93102091c3,cust_d2f129be56,State Bank of India,savings,17248.08,,,
acct_f639b4c318,cust_f8a50a521a,State Bank of India,savings,20889.91,,,
acct_61d4f65bff,cust_2d0523ad99,Axis Bank,savings,11925.81,,,
acct_7c8b6ec362,cust_b88afb4c0b,Bank of Baroda,savings,28265.74,,,
acct_3b2a9b9ac8,cust_f5e48aeb76,HDFC Bank,savings,22915.55,,,
acct_c4bab3f42a,cust_047ac8ecde,Punjab National Bank,savings,33041.01,,,
acct_a801261e58,cust_38e27bcbc6,Punjab National Bank,savings,23297.13,,,
acct_b19556f4ec,cust_9148a15566,Punjab National Bank,savings,11236.42,,,
acct_4561a6a2c7,cust_20b2ca93dc,HDFC Bank,savings,22059.69,,,
acct_d972de252c,cust_3bf4ebe009,ICICI Bank,savings,49866.85,,,
acct_8d334296ea,cust_a32153dafe,Axis Bank,savings,36295.31,,,
acct_d2a75d6822,cust_97b7d3d35a,HDFC Bank,savings,40796.54,,,
acct_70bf474d32,cust_27751e1e5b,State Bank of India,savings,12398.05,,,
acct_6103db670f,cust_83664a12d1,Punjab National Bank,savings,28942.81,,,
acct_b34927f9a4,cust_929db71a9d,State Bank of India,savings,3979.23,,,
acct_e918ed569a,cust_4d13a726a4,Punjab National Bank,savings,3148.06,,,
acct_1903adc658,cust_a7c9f7a010,Punjab National Bank,savings,8589.16,,,
acct_2018adc6ec,cust_392966f164,Punjab National Bank,savings,41074.2,,,
acct_ee278113ab,cust_aef045afe4,Bank of Baroda,savings,4784.88,,,
acct_81a8a925dd,cust_5f869ca34f,State Bank of India,savings,19222.06,,,
acct_9bedbb623b,cust_15d67fdeb4,HDFC Bank,savings,44883.93,,,
acct_299a8767e9,cust_5a8d841e77,Bank of Baroda,savings,39789.63,,,
acct_7ad55036a9,cust_2e1229cc1e,Bank of Baroda,savings,35478.37,,,
acct_058d7bad9f,cust_ccf86989b7,Axis Bank,savings,4362.66,,,
acct_c2079b3c7e,cust_bc0580cdfb,Bank of Baroda,savings,30816.25,,,
acct_a7f74a322d,cust_564e13e8c4,Punjab National Bank,savings,40083.73,,,
acct_66102ba021,cust_7db7927b68,State Bank of India,savings,3704.27,,,
acct_470cb33a9a,cust_482a7a5bf2,State Bank of India,savings,43711.4,,,
acct_e125943235,cust_8d47e78c86,Bank of Baroda,savings,3301.63,,,
acct_03580c3f72,cust_117c0909fb,HDFC Bank,savings,3429.79,,,
acct_e37a1d7598,cust_100728a10e,Bank of Baroda,savings,19364.78,,,
acct_7fe0376041,cust_c2bbac1a90,Punjab National Bank,savings,11141.17,,,
acct_b5f1f05062,cust_5ec7143689,Axis Bank,savings,18793.54,,,
acct_f3ac280a7e,cust_40ef72781e,ICICI Bank,savings,3860.48,,,
acct_88bb9d742e,cust_20bb1e24c5,Bank of Baroda,savings,37958.61,,,
acct_218ccebe2d,cust_8f34713597,State Bank of India,savings,18783.87,,,
acct_708252e959,cust_2e674bdd91,State Bank of India,savings,27721.49,,,
acct_4a0f5a374b,cust_166c8b1b7a,Punjab National Bank,savings,33996.33,,,
acct_4a234b8305,cust_bf0879d4a2,HDFC Bank,savings,29713.85,,,
acct_2b66d0f233,cust_2e14a2c0ea,Axis Bank,savings,37753.69,,,
acct_e88d768c93,cust_33fcc8ccf4,Axis Bank,savings,14883.06,,,
acct_d68a52dd62,cust_848d6b1390,Bank of Baroda,savings,47380.2,,,
acct_1e7bcbd275,cust_773e71f31a,Axis Bank,savings,35514.84,,,
acct_7ab3c80488,cust_be515a4e89,ICICI Bank,savings,6137.89,,,
acct_443b7c8b6c,cust_811f4f48f4,HDFC Bank,savings,6086.19,,,
acct_cd91a6cc55,cust_18140248d6,Punjab National Bank,savings,16386.25,,,
acct_af54abcdaf,cust_cb59dee309,HDFC Bank,savings,48455.08,,,
acct_fa3b18e78c,cust_8f727d78e4,ICICI Bank,savings,48054.76,,,
acct_ea32ba3408,cust_31216dbb88,Axis Bank,savings,38392.2,,,
acct_de6a009fc5,cust_972917a3eb,ICICI Bank,savings,44264.49,,,
acct_43035e4ed1,cust_358ba5a38d,HDFC Bank,savings,30388.56,,,
acct_b210ed6025,cust_7185715ab2,Axis Bank,savings,8782.05,,,
acct_26dfd3bea4,cust_1609c233ab,HDFC Bank,savings,39219.44,,,
acct_889de6274c,cust_e34b032d88,Punjab National Bank,savings,13178.59,,,
acct_6d06e66818,cust_d9835cad57,State Bank of India,savings,28237.82,,,
acct_47f75cdfe0,cust_8490a65979,Punjab National Bank,savings,45306.89,,,
acct_99db87b8cc,cust_b86fed8a4e,ICICI Bank,savings,38565.17,,,
acct_85435c6868,cust_3354a8ead1,State Bank of India,savings,12865.21,,,
acct_f261e955d6,cust_441f4bea47,HDFC Bank,savings,28906.57,,,
acct_f216d125b9,cust_7461a10c34,Bank of Baroda,savings,32820.42,,,
acct_3748cacbb5,cust_d8eb8bb44c,State Bank of India,savings,45442.33,,,
acct_374bad3d57,cust_e175e40a5b,Axis Bank,savings,36693.82,,,
acct_13b9917af7,cust_4431bc46d6,ICICI Bank,savings,17223.51,,,
acct_a27854ed25,cust_605e5691c9,HDFC Bank,savings,17185.72,,,
acct_88dd3d0d7b,cust_e9309a938e,Bank of Baroda,savings,14292.43,,,
acct_1710351e89,cust_e6d8c7de49,ICICI Bank,savings,6095.35,,,
acct_f62aab5647,cust_eebbc8f2c0,ICICI Bank,savings,35986.35,,,
acct_df177cecb3,cust_3a29a425d5,Axis Bank,savings,10385.5,,,
acct_c2d77ecab0,cust_c847cf62f3,Bank of Baroda,savings,32740.95,,,
acct_632059ebfa,cust_139eb85e73,Bank of Baroda,savings,34771.51,,,
acct_a9371f337b,cust_bc30eb80b9,Bank of Baroda,savings,37581.14,,,
acct_672143b6e0,cust_ebc5e98fd0,State Bank of India,savings,22540.46,,,
acct_2a17d83f12,cust_cd2bd00ccc,HDFC Bank,savings,6049.75,,,
acct_4371506a03,cust_e5eae3f025,Bank of Baroda,savings,11590.22,,,
acct_894808fa0f,cust_6ebe618dbe,Axis Bank,savings,46107.56,,,
acct_b477397ead,cust_32adbfbcbf,State Bank of India,savings,10151.62,,,
acct_885b7ecf56,cust_2473b12b15,Axis Bank,savings,25866.15,,,
acct_c0b01ad3ce,cust_5d0bf3570c,ICICI Bank,savings,44572.79,,,
acct_0d6840630f,cust_a047d68ccf,Axis Bank,savings,2981.19,,,
acct_f1a9c624f3,cust_69e09b2290,ICICI Bank,savings,11761.79,,,
acct_5e1d30695b,cust_864c5dd7e0,Punjab National Bank,savings,28831.46,,,
acct_277d99efec,cust_eb0c490f40,Bank of Baroda,savings,23231.23,,,
acct_b8bc41a6fa,cust_c33117fbfa,Punjab National Bank,savings,33592.61,,,
acct_8db701f90b,cust_3064faf87d,State Bank of India,savings,20691.07,,,
acct_e090f8395c,cust_50ac704222,State Bank of India,savings,37685.02,,,
acct_c0ec79c890,cust_863400b7df,HDFC Bank,savings,8915.91,,,
acct_ff933c390d,cust_a687c61173,HDFC Bank,savings,3721.72,,,
acct_9bf1918cc9,cust_3f1967380a,Punjab National Bank,savings,43855.51,,,
acct_e2b78f72a9,cust_11ebc39cc6,Axis Bank,savings,9296.11,,,
acct_dda231c155,cust_f20525baba,Bank of Baroda,savings,48331.16,,,
acct_e97e33c5dd,cust_ce91953de0,ICICI Bank,savings,18419.95,,,
acct_1a8d3af140,cust_310e82292c,Bank of Baroda,savings,44518.94,,,
acct_bf8b1ab229,cust_0353b5fe7d,Axis Bank,savings,17963.42,,,
acct_2175aecce2,cust_10b92b93a3,State Bank of India,savings,39955.98,,,
acct_a562f33094,cust_e9ffa6b7c4,HDFC Bank,savings,17887.02,,,
acct_6951195645,cust_dcd9357607,Axis Bank,savings,41465.08,,,
acct_d71a730676,cust_262870c15a,HDFC Bank,savings,8225.89,,,
acct_37e9243fb0,cust_4e3f617d49,Bank of Baroda,savings,16575.33,,,
acct_94c48e9a62,cust_5133a6b69c,ICICI Bank,savings,3868.69,,,
acct_f4df53bb25,cust_1227af69e5,Punjab National Bank,savings,14162.87,,,
acct_129cde5f84,cust_98ed1575be,Axis Bank,savings,32668.47,,,
acct_7500e24f89,cust_d2d3945e4c,Bank of Baroda,savings,37778.02,,,
acct_6dcc90a87f,cust_c7be054c14,Punjab National Bank,savings,14274.15,,,
acct_d4bac7c7fe,cust_8fcd49f362,ICICI Bank,savings,16168.56,,,
acct_67ac867882,cust_606b0acb81,ICICI Bank,savings,21066.42,,,
acct_09df5e0f3a,cust_b8073766ff,Bank of Baroda,savings,42121.34,,,
acct_1c3f0a2f9a,cust_5886e017b8,Punjab National Bank,savings,31567.78,,,
acct_69b4a96ae1,cust_f00840219c,State Bank of India,savings,42444.88,,,
acct_821bb1d9a7,cust_c30fa16f7c,ICICI Bank,savings,22499.32,,,
acct_41772a6e90,cust_4731995e98,Bank of Baroda,savings,33872.42,,,
acct_badd494377,cust_c3df513b40,ICICI Bank,savings,13857.23,,,
acct_63c7ae6fd0,cust_f47f195a10,HDFC Bank,savings,29057.87,,,
acct_703e133f11,cust_23608f5a0b,State Bank of India,savings,15089.9,,,
acct_90207e3e6e,cust_6d46cb50a4,ICICI Bank,savings,10383.38,,,
acct_240b3817ab,cust_6de5f05d60,Bank of Baroda,savings,40630.17,,,
acct_96e3278557,cust_740d30c733,ICICI Bank,savings,5941.65,,,
acct_e5f3909f02,cust_8a149888d6,Bank of Baroda,savings,26909.81,,,
acct_7e6ecd5b81,cust_fd509ec7d6,Punjab National Bank,savings,16190.46,,,
acct_3919e67dfc,cust_3decd16bdc,Punjab National Bank,savings,6609.32,,,
acct_82233fd5cf,cust_d7d5fd9702,HDFC Bank,savings,26668.19,,,
acct_1481f30a08,cust_63e41fa373,State Bank of India,savings,2480.84,,,
acct_96780f7e81,cust_75af820cc0,Bank of Baroda,savings,10859.59,,,
acct_f3ad40f62f,cust_ca542b0e65,HDFC Bank,savings,19196.09,,,
acct_d012d9ade1,cust_3ba9b17fab,ICICI Bank,savings,17686.71,,,
acct_a8fdf98251,cust_d15c0ae5e8,Axis Bank,savings,12483.8,,,
acct_6d1762373d,cust_ec983aeec8,Axis Bank,savings,24702.15,,,
acct_1f16dfb7cf,cust_c8c4bab0a9,Bank of Baroda,savings,5507.65,,,
acct_565b2c7b05,cust_893b790e4a,ICICI Bank,savings,13145.77,,,
acct_485377ddb8,cust_e1db464fb4,State Bank of India,savings,21421.02,,,
acct_fe63f332a7,cust_875d312d59,Bank of Baroda,savings,19745.56,,,
acct_63efb07cf2,cust_8f70dfcba7,Bank of Baroda,savings,19184.36,,,
acct_fcebd5261f,cust_4b92c97874,HDFC Bank,savings,30194.9,,,
acct_ec47a84ae8,cust_64de24c561,HDFC Bank,savings,34389.93,,,
acct_4ff50f6e1a,cust_cb588560fa,Axis Bank,savings,32905.24,,,
acct_ea1f3a5faa,cust_ea009d53a0,Bank of Baroda,savings,23104.23,,,
acct_c5224ed190,cust_1413c5432e,State Bank of India,savings,44761.57,,,
acct_72789574f9,cust_ec46cd6728,Punjab National Bank,savings,46849.1,,,
acct_eccb7f10e6,cust_868007e4a5,Punjab National Bank,savings,33969.77,,,
acct_e9cf6ad3af,cust_3099f0b938,Punjab National Bank,savings,2421.24,,,
acct_1e79c40446,cust_9026e93ab4,Axis Bank,savings,9866.57,,,
acct_d726541862,cust_18d996b1b5,ICICI Bank,savings,12182.17,,,
acct_2260676a69,cust_79e6ee858b,HDFC Bank,savings,49342.33,,,
acct_d82b768405,cust_fc66c92e06,Bank of Baroda,savings,33569.42,,,
acct_19196ea71b,cust_29d3b1459a,ICICI Bank,savings,20326.1,,,
acct_0d46e9fc8b,cust_62c2be1dea,Axis Bank,savings,16936.69,,,
acct_bc3b303ca5,cust_31f67f6017,HDFC Bank,savings,48827.52,,,
acct_a51b94de64,cust_ad30db61e7,State Bank of India,savings,44976.81,,,
acct_7b4f490d23,cust_757a564c13,Bank of Baroda,savings,12687.6,,,
acct_0074cc1d62,cust_911f5d3206,State Bank of India,savings,47251.59,,,
acct_04a79339c3,cust_7a61a6fbee,ICICI Bank,savings,45589.08,,,
acct_44f43b8a5a,cust_9effcc7109,Bank of Baroda,savings,31886.87,,,
acct_412a0c452c,cust_1a5f901950,Bank of Baroda,savings,11546.11,,,
acct_bb343c9217,cust_acd42d2f4d,ICICI Bank,savings,19434.89,,,
acct_f4b1ba39e0,cust_0f61dbd422,ICICI Bank,savings,30486.34,,,
acct_df4191746d,cust_524033d969,Bank of Baroda,savings,21953.99,,,
acct_b8f677e30a,cust_72ca046283,Punjab National Bank,savings,38122.77,,,
acct_764ec00438,cust_9fcd727600,Axis Bank,savings,16083.4,,,
acct_e9edd112bf,cust_a8477d5d30,HDFC Bank,savings,7954.85,,,
acct_4fbd0afe1f,cust_a494627843,Axis Bank,savings,35863.52,,,
acct_239efde5ed,cust_877c0b2ca7,State Bank of India,savings,17853.84,,,
acct_0495b648a7,cust_8130eb9d2a,Axis Bank,savings,27350.67,,,
acct_042301a50d,cust_e10f50660c,ICICI Bank,savings,16369.29,,,
acct_aebb5fd3d8,cust_5c7b874daa,Bank of Baroda,savings,4181.57,,,
acct_daccf2bea8,cust_7ccbe0cff4,ICICI Bank,savings,13632.41,,,
acct_900b3c1eee,cust_b5fdf51b51,Axis Bank,savings,48314.51,,,
acct_3652c524ce,cust_abff062269,Axis Bank,savings,8143.25,,,
acct_82bda4a407,cust_f720caffb9,Punjab National Bank,savings,24877.28,,,
acct_b573b62237,cust_5a731ee180,Punjab National Bank,savings,2314.8,,,
acct_c53a83f888,cust_097cd59b4f,Axis Bank,savings,16569.98,,,
acct_b531db77e5,cust_6d40217ca3,Bank of Baroda,savings,33423.46,,,
acct_1176473a9e,cust_18bbf89978,HDFC Bank,savings,20759.74,,,
acct_27036a0724,cust_50c39c5b05,ICICI Bank,savings,17435.99,,,
acct_93c0cb796d,cust_07145d8c5a,Punjab National Bank,savings,7890.32,,,
acct_b2d421a43f,cust_79da3715a8,Punjab National Bank,savings,46515.76,,,
acct_6ec8b18886,cust_ad54576743,Axis Bank,savings,42915.38,,,
acct_c835c3b8bc,cust_78b160e57b,HDFC Bank,savings,37768.82,,,
acct_c6270782c6,cust_8a8f015d5a,Bank of Baroda,savings,24751.9,,,
acct_ffafa33298,cust_bd7aabe1ef,HDFC Bank,savings,47473.02,,,
acct_d0d64792f9,cust_00b33809a4,Punjab National Bank,savings,36452.07,,,
acct_b340659e08,cust_1a009fda28,Punjab National Bank,savings,11331.99,,,
acct_ea1e24bbd8,cust_7c3190d8f6,HDFC Bank,savings,46623.06,,,
acct_06cfa5604c,cust_f04ad11171,Axis Bank,savings,27832.27,,,
acct_f2829dc66b,cust_87fa812136,Punjab National Bank,savings,36143.22,,,
acct_a9eea3bb3e,cust_7769a109e5,Bank of Baroda,savings,35497.21,,,
acct_d7b65dacca,cust_a563790a85,State Bank of India,savings,21488.24,,,
acct_0cbc1f34d4,cust_bc28a6e82e,Bank of Baroda,savings,35670.49,,,
acct_1d20e3eb3f,cust_534991ce32,ICICI Bank,savings,8340.27,,,
acct_522462331d,cust_f429e48867,Bank of Baroda,savings,34215.09,,,
acct_41969f7a47,cust_8baca2ae63,HDFC Bank,savings,47783.57,,,
acct_29a8e457b5,cust_bd83e9c915,Axis Bank,savings,22367.95,,,
acct_35ebd8dbfc,cust_69bc589b93,Punjab National Bank,savings,43505.58,,,
acct_9975f05c5b,cust_3d532a2a94,ICICI Bank,savings,36485.21,,,
acct_273e2c1c60,cust_b95e4ea5b4,Punjab National Bank,savings,5073.37,,,
acct_199ea3f55f,cust_fee3f92194,Punjab National Bank,savings,38533.13,,,
acct_ae2d01000d,cust_aca2813ac8,Bank of Baroda,savings,37930.6,,,
acct_dc7c784990,cust_7aeb40d0e3,Punjab National Bank,savings,11176.33,,,
acct_52c1586932,cust_13536b2f71,Axis Bank,savings,7457.9,,,
acct_ec83cd52ad,cust_c66a7cfe53,Axis Bank,savings,32693.5,,,
acct_14cf33deeb,cust_79a326dd20,ICICI Bank,savings,46048.3,,,
acct_12db2c6f8d,cust_c9896b5f72,Punjab National Bank,savings,39422.1,,,
acct_9f6bc53557,cust_de3e9be885,ICICI Bank,savings,48182.67,,,
acct_ddc785827b,cust_112c5debed,ICICI Bank,savings,26646.15,,,
acct_546d9b1cc7,cust_1e321beeea,State Bank of India,savings,12583.46,,,
acct_e3835b5eb6,cust_56a16e8f8a,Axis Bank,savings,11530.32,,,
acct_360e2fb35a,cust_d04966b4b1,HDFC Bank,savings,30958.35,,,
acct_219fedf21d,cust_070ff643f6,ICICI Bank,savings,7450.08,,,
acct_5be3a0cb86,cust_aa71f8aac8,Punjab National Bank,savings,2708.75,,,
acct_7928e14dbf,cust_02c64e63be,Bank of Baroda,savings,21266.41,,,
acct_c0fe82de50,cust_ea92dd6ec9,HDFC Bank,savings,12854.55,,,
acct_6f021e85f9,cust_014b6395f7,Bank of Baroda,savings,32456.28,,,
acct_014bf0f7b6,cust_2034807c72,Axis Bank,savings,16547.22,,,
acct_272ffd73c0,cust_f63332fbe9,HDFC Bank,savings,17770.5,,,
acct_c3d0329205,cust_d5801a2699,HDFC Bank,savings,49378.35,,,
acct_e43ad6c1d9,cust_614468abac,State Bank of India,savings,39226.52,,,
acct_e52134a3eb,cust_039dffcb6d,ICICI Bank,savings,45160.33,,,
acct_bdd5fac490,cust_c72a84f24f,Axis Bank,savings,32718.34,,,
acct_55c3ceeb4a,cust_c63ef8db2d,HDFC Bank,savings,36275.79,,,
acct_128ee5d27e,cust_b389041e39,Punjab National Bank,savings,37746.05,,,
acct_ae36c5be00,cust_65cacd67e8,ICICI Bank,savings,7840.91,,,
acct_b1fbb0064d,cust_43ad8a9ede,ICICI Bank,savings,24417.58,,,
acct_9c3d5a09f7,cust_3baefb46b5,ICICI Bank,savings,24262.98,,,
acct_2f38b62650,cust_9411ef1ae1,ICICI Bank,savings,16323.59,,,
acct_819c9976be,cust_532daf2c8a,ICICI Bank,savings,15273.84,,,
acct_826e3ef0a3,cust_648ce0b075,ICICI Bank,savings,13927.5,,,
acct_763b0153d3,cust_53c4c0c1ed,HDFC Bank,savings,5170.7,,,
acct_3612bf356c,cust_13b423d61a,Punjab National Bank,savings,36180.95,,,
acct_e3185baa24,cust_58664a1141,State Bank of India,savings,41934.77,,,
acct_fc15141858,cust_9c20a52bff,Bank of Baroda,savings,9255.89,,,
acct_53178aa44c,cust_69463aeba4,Axis Bank,savings,48279.69,,,
acct_0f10b45597,cust_2372935815,ICICI Bank,savings,18066.86,,,
acct_f6c0e35962,cust_27ac2e3d9f,State Bank of India,savings,5399.07,,,
acct_e375397e46,cust_d3600fa3dc,Bank of Baroda,savings,42437.17,,,
acct_8bac4211bd,cust_ee8ae9fb1a,State Bank of India,savings,16819.41,,,
acct_4a515f1bbc,cust_aa73dc24e9,Bank of Baroda,savings,48752.59,,,
acct_ef3607e871,cust_4c9f4a45b5,State Bank of India,savings,41797.95,,,
acct_11e1b16c5e,cust_1f83d83e74,HDFC Bank,savings,47728.89,,,
acct_cbc2abb227,cust_c8bea7d8b3,State Bank of India,savings,16516.35,,,
acct_207acdac5c,cust_81c7c1356f,ICICI Bank,savings,13859.44,,,
acct_fcab3c73b3,cust_da1d51e460,Bank of Baroda,savings,15922.25,,,
acct_a1edce5c70,cust_6498a264a6,Bank of Baroda,savings,19702.74,,,
acct_e06113f910,cust_2964c49c76,State Bank of India,savings,29856.99,,,
acct_f7e6196569,cust_3a2ab5f78e,Punjab National Bank,savings,38662.31,,,
acct_8fc994621d,cust_1ae9e55600,Axis Bank,savings,5876.19,,,
acct_3889683ed3,cust_4b8bb7c5a7,State Bank of India,savings,43800.93,,,
acct_281a96bc59,cust_78c6b69c03,ICICI Bank,savings,21587.73,,,
acct_0809a3138e,cust_97d349dc1a,State Bank of India,savings,44726.16,,,
acct_5715c4a711,cust_872fc44169,Punjab National Bank,savings,43182.92,,,
acct_faabe7a20a,cust_b0a80f8029,Bank of Baroda,savings,39698.62,,,
acct_308e9d6065,cust_ba807b722b,State Bank of India,savings,4522.84,,,
acct_4aa5b26379,cust_e8709dbfde,Axis Bank,savings,30678.28,,,
acct_89afc46e7f,cust_dd3b6d787d,ICICI Bank,savings,16750.22,,,
acct_c252e845ee,cust_b19acd4002,Bank of Baroda,savings,24652.86,,,
acct_f6552202d7,cust_752f98498a,ICICI Bank,savings,14792.53,,,
acct_bb9c08463c,cust_bc71a1de8f,Bank of Baroda,savings,7713.07,,,
acct_8fc0b405cf,cust_30b1ba27f5,HDFC Bank,savings,25623.19,,,
acct_335ab86467,cust_c8e0962f6c,ICICI Bank,savings,36346.2,,,
acct_d033722d5b,cust_52596e1c94,State Bank of India,savings,18153.03,,,
acct_4fb450227e,cust_a02f920bb9,ICICI Bank,savings,31496.96,,,
acct_3e769075c2,cust_f65bbcf1d4,HDFC Bank,savings,48989.68,,,
acct_4b25605bba,cust_bbbdad6235,State Bank of India,savings,26182.7,,,
acct_c906186f7f,cust_1859ac134c,State Bank of India,savings,9472.88,,,
acct_d5f0f4812d,cust_a1e9c9d40a,ICICI Bank,savings,16145.57,,,
acct_344f7ad9b4,cust_ba22a07f3a,Punjab National Bank,savings,26600.77,,,
acct_0c31105c90,cust_8d023b63eb,HDFC Bank,savings,42365.25,,,
acct_e6fce6ad1b,cust_bcf271cabe,ICICI Bank,savings,19256.98,,,
acct_7e2743a413,cust_ac7b39b0f4,HDFC Bank,savings,27278.03,,,
acct_1c7593f080,cust_d819c74762,Axis Bank,savings,7571.43,,,
acct_d6d3f316ea,cust_de52121172,Axis Bank,savings,29379.99,,,
acct_3fa690aed2,cust_07c3a8c041,Punjab National Bank,savings,47705.26,,,
acct_084c9d0e6a,cust_a82253b572,Bank of Baroda,savings,2611.11,,,
acct_0792976f77,cust_f737ca81b0,Bank of Baroda,savings,42913.79,,,
acct_bab9db1885,cust_7a09deb7da,ICICI Bank,savings,17315.21,,,
acct_fe71acf2d5,cust_d1753fe25c,Punjab National Bank,savings,27673.58,,,
acct_e92757a787,cust_7e4b6692e8,Bank of Baroda,savings,25743.63,,,
acct_30f0da3b64,cust_35e1a66592,Axis Bank,savings,38984.01,,,
acct_88a4d1b75e,cust_90b1512ce2,Punjab National Bank,savings,19638.61,,,
acct_c696d42536,cust_9d0a05b86f,HDFC Bank,savings,17920.53,,,
acct_b65cfeddde,cust_7f885cc4a4,Axis Bank,savings,47806.94,,,
acct_715576bc89,cust_2b311d0da1,Bank of Baroda,savings,15733.67,,,
acct_bf263e0acd,cust_24bfa28df9,Bank of Baroda,savings,3561.22,,,
acct_12bb21d8fc,cust_66f0d064f6,Bank of Baroda,savings,15614.23,,,
acct_7f1433226c,cust_bc46c1f87c,Punjab National Bank,savings,24607.44,,,
acct_a3eaf8ef21,cust_988d2875b0,Punjab National Bank,savings,31842.61,,,
acct_d80fdb627d,cust_16b45e8adb,Bank of Baroda,savings,47716.6,,,
acct_32e84a0bf1,cust_f1f4227972,State Bank of India,savings,20849.98,,,
acct_e14adbda61,cust_722352283d,Punjab National Bank,savings,2620.77,,,
acct_2092d1b3fa,cust_8c64cdc4f6,State Bank of India,savings,11856.99,,,
acct_3477167140,cust_2a9a0ad818,ICICI Bank,savings,35066.5,,,
acct_2e2e6fcd20,cust_c1234c34e1,Axis Bank,savings,41046.89,,,
acct_2d60af3190,cust_4e6afbe773,ICICI Bank,savings,24318.3,,,
acct_048639c8f6,cust_c566365f6a,Bank of Baroda,savings,16483.37,,,
acct_937b3b8c77,cust_faea941d19,ICICI Bank,savings,39127.24,,,
acct_b5b7db5327,cust_9219f55e1f,Punjab National Bank,savings,49087.94,,,
acct_77d9e2953c,cust_b996dd5722,ICICI Bank,savings,26560.7,,,
acct_b54eed8f93,cust_3160b4902d,ICICI Bank,savings,6042.06,,,
acct_b32ed669b5,cust_f0990fdc77,HDFC Bank,savings,44268.79,,,
acct_1cea9c45dd,cust_1489d01f97,Punjab National Bank,savings,17343.42,,,
acct_25758eb583,cust_88da08b36f,ICICI Bank,savings,20441.74,,,
acct_9ca418adbd,cust_ab5998c843,ICICI Bank,savings,47113.58,,,
acct_b6c5833405,cust_e591e2afdb,Punjab National Bank,savings,18782.35,,,
acct_ac7062c1be,cust_0641245c1b,Bank of Baroda,savings,15436.56,,,
acct_b4d36a5d79,cust_07c3f4a4ae,Axis Bank,savings,32526.67,,,
acct_ea5545396d,cust_6640ece4f1,Punjab National Bank,savings,43437.02,,,
acct_6a63473ac4,cust_0ec0d8b83b,ICICI Bank,savings,18810.76,,,
acct_7cfc333fbc,cust_aa0a9fbd59,State Bank of India,savings,18636.72,,,
acct_335dcce403,cust_9865f2679c,ICICI Bank,savings,36423.0,,,
acct_03339a5025,cust_26a3b45f62,State Bank of India,savings,5490.09,,,
acct_9f1175d59d,cust_5ba2467c12,Punjab National Bank,savings,13128.9,,,
acct_4e3209f861,cust_41a8a7eeda,State Bank of India,savings,2610.32,,,
acct_b8a725ff8c,cust_32785e04dc,Punjab National Bank,savings,47168.56,,,
acct_cf69d7de14,cust_bcbf1c7cd5,ICICI Bank,savings,39977.75,,,
acct_6e7a4ccdbe,cust_5d9d5a3f8f,Bank of Baroda,savings,24105.28,,,
acct_0470c73808,cust_42ae5ea64f,Bank of Baroda,savings,19924.84,,,
acct_42abffb3ce,cust_458ae8dfb4,Axis Bank,savings,20891.87,,,
acct_af58d285e4,cust_bd644e90dc,Punjab National Bank,savings,30208.38,,,
acct_d9fd2d7f77,cust_9f403170cb,State Bank of India,savings,37767.08,,,
acct_1cd0858c40,cust_c2b1a3c128,Punjab National Bank,savings,22906.59,,,
acct_6db18db484,cust_ab3637c517,Axis Bank,savings,14466.93,,,
acct_6de3e7fad9,cust_8b2b9797f9,Punjab National Bank,savings,32399.94,,,
acct_f762263230,cust_a74e659e4c,State Bank of India,savings,46173.92,,,
acct_ee8708eacc,cust_ecace4bff8,Axis Bank,savings,4787.0,,,
acct_91b42514d8,cust_ddf4dea3de,Punjab National Bank,savings,13211.71,,,
acct_20ded20309,cust_c054b3e2d8,Axis Bank,savings,24003.21,,,
acct_bd61f5a4c5,cust_e28bb75b33,State Bank of India,savings,30312.97,,,
acct_d4bd2c48ab,cust_b3fbfba947,Axis Bank,savings,5850.71,,,
acct_2c949d0b50,cust_ea0cb3c444,ICICI Bank,savings,41292.1,,,
acct_fb30d0c399,cust_181dcab3f2,Bank of Baroda,savings,42481.67,,,
acct_acdc24be41,cust_71cd4ec1ae,ICICI Bank,savings,12706.68,,,
acct_214cbc1e49,cust_aec4818db7,Axis Bank,savings,9091.91,,,
acct_5896fa7e56,cust_4ea5037df2,Bank of Baroda,savings,12502.94,,,
acct_19cd64f37a,cust_80c3221494,Punjab National Bank,savings,20963.38,,,
acct_ca7214a711,cust_fa0f3be0c5,Punjab National Bank,savings,32350.91,,,
acct_8eee7c0f46,cust_3e71e37c93,Bank of Baroda,savings,25691.63,,,
acct_af5ad4674e,cust_c55349fd2c,State Bank of India,savings,12585.5,,,
acct_35fe71a3cd,cust_e7bc4e62d4,Bank of Baroda,savings,42131.95,,,
acct_b1802a13f9,cust_79904e913c,Bank of Baroda,savings,19092.07,,,
acct_165e5f071d,cust_2cb3af7d3f,Punjab National Bank,savings,25145.69,,,
acct_2a2a42d1b9,cust_820e204db5,ICICI Bank,savings,31486.0,,,
acct_6b7f44fc79,cust_2511dda4ec,Bank of Baroda,savings,8417.16,,,
acct_9167cf5f79,cust_e6dbb9972a,State Bank of India,savings,43135.35,,,
acct_d4d8f9ab3e,cust_929b3dc87f,ICICI Bank,savings,9159.68,,,
acct_5562c5a76b,cust_e28e286f95,Axis Bank,savings,10079.99,,,
acct_023014314d,cust_d3c538b4ac,ICICI Bank,savings,44848.88,,,
acct_eae66d35af,cust_39833b6c2d,Punjab National Bank,savings,7393.51,,,
acct_857b4fd7cf,cust_c8134dff02,Bank of Baroda,savings,35221.04,,,
acct_c5dc15fe9d,cust_18b1254b24,ICICI Bank,savings,33118.01,,,
acct_44d80f8fe2,cust_132feb07a8,Axis Bank,savings,43208.36,,,
acct_9f309d6eca,cust_7296a3eccf,ICICI Bank,savings,49343.15,,,
acct_f709f4ea3b,cust_59fc0f998b,Bank of Baroda,savings,21880.82,,,
acct_e5a6923149,cust_8f30832ed9,State Bank of India,savings,6789.55,,,
acct_8c0b9bcb1c,cust_4f6e38116f,Bank of Baroda,savings,42449.34,,,
acct_3479d4e3f2,cust_2e58637a87,HDFC Bank,savings,47295.82,,,
acct_9c4a191cee,cust_e29a641f13,HDFC Bank,savings,13592.48,,,
acct_a3b9d1fc0d,cust_2d8f7285a1,ICICI Bank,savings,39379.26,,,
acct_9a28285eee,cust_9f08ffd3a1,Bank of Baroda,savings,15514.14,,,
acct_c22dede3ab,cust_e6d782dde9,State Bank of India,savings,2739.15,,,
acct_882b1af3e5,cust_1b49285a67,HDFC Bank,savings,36209.03,,,
acct_a625722583,cust_9bca29951c,Punjab National Bank,savings,16453.53,,,
acct_d502fa6c84,cust_867520bc03,State Bank of India,savings,18279.27,,,
acct_d8c3f21c40,cust_ed745a9462,Axis Bank,savings,26014.97,,,
acct_ab30c8ba22,cust_d563d8bf4d,Bank of Baroda,savings,38275.41,,,
acct_eec22157f7,cust_126f2800c6,State Bank of India,savings,29725.62,,,
acct_651e495088,cust_113ef250d7,Punjab National Bank,savings,29730.24,,,
acct_03048b5e48,cust_af3fd458e7,Bank of Baroda,savings,43939.13,,,
acct_f251aa8a15,cust_faf667d946,HDFC Bank,savings,21952.51,,,
acct_c4747e34bc,cust_05455f5f4d,HDFC Bank,savings,32885.36,,,
acct_2ec688135b,cust_19fc1d4005,ICICI Bank,savings,3790.94,,,
acct_9999e719d1,cust_27948f6d8b,HDFC Bank,savings,8193.33,,,
acct_4e11de56f0,cust_730615e276,Punjab National Bank,savings,34755.71,,,
acct_6df2b2a0c9,cust_d4e71e5776,ICICI Bank,savings,7251.74,,,
acct_1951062616,cust_7355604df5,Axis Bank,savings,28825.95,,,
acct_b84a0c96ef,cust_56623a8994,HDFC Bank,savings,31800.1,,,
acct_be9808a70b,cust_38465780cf,Bank of Baroda,savings,13839.51,,,
acct_5a0425af56,cust_87d870de2f,Punjab National Bank,savings,42653.36,,,
acct_01feee8ed9,cust_d0a78b7478,State Bank of India,savings,12898.54,,,
acct_ef8f13a6af,cust_b4001e95b8,State Bank of India,savings,42524.12,,,
acct_80f0459a8f,cust_2f27ff1d2b,Axis Bank,savings,49509.08,,,
acct_aa5352fddd,cust_8833d5c7e4,Punjab National Bank,savings,37197.72,,,
acct_4d49d40087,cust_819e713bd0,HDFC Bank,savings,2193.24,,,
acct_9b432513d0,cust_d17b9610a9,Punjab National Bank,savings,32098.68,,,
acct_274f1479e3,cust_7e6faae8e6,Punjab National Bank,savings,2149.76,,,
acct_9b606059c8,cust_5b2005608e,Axis Bank,savings,39151.83,,,
acct_1e725deefa,cust_c6653ca02a,Axis Bank,savings,2979.28,,,
acct_f7a737c474,cust_ef86c3a247,Punjab National Bank,savings,28197.72,,,
acct_f02bba27fa,cust_2ebdbcbd0e,Punjab National Bank,savings,17517.39,,,
acct_50e97f1743,cust_d8a6021e4a,HDFC Bank,savings,18404.08,,,
acct_5dd71f3dcb,cust_9142993237,State Bank of India,savings,39585.48,,,
acct_8742cb28f5,cust_63fe54a2c6,Bank of Baroda,savings,25397.4,,,
acct_51ef99d14f,cust_b4773b23f3,State Bank of India,savings,39544.94,,,
acct_d7faffe35c,cust_c490883c7c,Axis Bank,savings,30455.1,,,
acct_add032b473,cust_9f23c77dd2,Axis Bank,savings,25856.41,,,
acct_e5b9c3c8b5,cust_c4d9f8bac2,ICICI Bank,savings,46137.28,,,
acct_d52f13cb27,cust_7c6afe358b,HDFC Bank,savings,22957.59,,,
acct_9e45cdd319,cust_27582ec043,HDFC Bank,savings,20352.01,,,
acct_b1bb6a5e82,cust_8165185044,HDFC Bank,savings,30436.62,,,
acct_f4bd7c7bff,cust_918beb4014,State Bank of India,savings,9929.09,,,
acct_6ec167d804,cust_9c7e2eb463,HDFC Bank,savings,15054.9,,,
acct_988d88471f,cust_39fe94fdd3,ICICI Bank,savings,35793.5,,,
acct_1768a2c9ae,cust_f287434695,Axis Bank,savings,31462.59,,,
acct_97ee506707,cust_cf7a74941e,Axis Bank,savings,15273.79,,,
acct_6d445839cd,cust_1fabb31bed,Axis Bank,savings,22547.7,,,
acct_b76d1df233,cust_7d3ff79593,Axis Bank,savings,41099.14,,,
acct_8801d4dbff,cust_9efb7c956b,HDFC Bank,savings,38571.61,,,
acct_1949f02e2e,cust_25af2168ce,State Bank of India,savings,3082.83,,,
acct_ddec60d678,cust_2af6e265a0,State Bank of India,savings,33237.94,,,
acct_710aa413f4,cust_733bf7cc4f,ICICI Bank,savings,49987.55,,,
acct_283d049cda,cust_b7bac6a1d8,HDFC Bank,savings,42678.0,,,
acct_b5b6c523fe,cust_891e839eba,HDFC Bank,savings,27623.58,,,
acct_2386c6d3d1,cust_15e38d71ae,State Bank of India,savings,10274.94,,,
acct_f8265ee820,cust_1a77e35466,Axis Bank,savings,33687.52,,,
acct_de09acf73d,cust_c9e2534a08,HDFC Bank,savings,12715.15,,,
acct_f601dff3a4,cust_00c40f95e3,Axis Bank,savings,42788.95,,,
acct_50767eb213,cust_cfb7df8b0d,HDFC Bank,savings,13191.86,,,
acct_0c15f570eb,cust_17c08e8998,ICICI Bank,savings,5415.36,,,
acct_19f0e86f7e,cust_307d14dd79,HDFC Bank,savings,44018.03,,,
acct_814a0a9d05,cust_9aaf18275d,Punjab National Bank,savings,45708.71,,,
acct_db33e71f71,cust_508237c2e0,Punjab National Bank,savings,47439.54,,,
acct_a59e22a588,cust_49c3163b78,State Bank of India,savings,24144.05,,,
acct_cfa849fe7b,cust_562ce07b80,Bank of Baroda,savings,11951.06,,,
acct_ed71b38978,cust_e30f954eaf,Bank of Baroda,savings,43661.79,,,
acct_2bc0918d99,cust_e3a8fab19e,HDFC Bank,savings,21997.36,,,
acct_b6a2fd28d2,cust_1256144e08,ICICI Bank,savings,25882.27,,,
acct_a54322bc13,cust_abfb457177,Punjab National Bank,savings,19648.42,,,
acct_d16b6affbe,cust_7ba2221600,ICICI Bank,savings,43550.78,,,
acct_ce7808be5a,cust_0efeb047f5,Bank of Baroda,savings,13856.45,,,
acct_804234bbb8,cust_3ecd2ea1a9,Bank of Baroda,savings,23931.44,,,
acct_3fde600b5d,cust_47d38ca599,State Bank of India,savings,10463.1,,,
acct_4d6e9f3d0e,cust_9d5ac3dd1a,Bank of Baroda,savings,13526.78,,,
acct_cc40197c93,cust_74f7bcd96f,Axis Bank,savings,24802.19,,,
acct_69d376fd26,cust_5ffd802bcb,HDFC Bank,savings,10119.82,,,
acct_bdb51ab11a,cust_930865d1f1,ICICI Bank,savings,23473.84,,,
acct_4c9aa3d1e8,cust_2a48ed8d65,Bank of Baroda,savings,42497.85,,,
acct_cf6f58479e,cust_46982a847b,ICICI Bank,savings,48378.22,,,
acct_aa903c05a5,cust_51c8a049d0,Axis Bank,savings,42974.54,,,
acct_14778463bc,cust_d1675d93a5,Axis Bank,savings,47371.28,,,
acct_e6b470fc8b,cust_28ac77e91d,Axis Bank,savings,23929.85,,,
acct_855285d5e8,cust_afb2ac23fd,State Bank of India,savings,44349.65,,,
acct_88d866b3cc,cust_1f387f6d47,Bank of Baroda,savings,38136.21,,,
acct_9d1402c63f,cust_3c9fcb8a4e,Punjab National Bank,savings,3441.1,,,
acct_77b62459bd,cust_68e2c7ef7e,Axis Bank,savings,42643.74,,,
acct_b1be63bc87,cust_190ab102ac,Bank of Baroda,savings,17087.87,,,
acct_f18f453ddb,cust_d0fb0cfeba,Bank of Baroda,savings,35979.95,,,
acct_50e6ad13f1,cust_fe67268d5b,Bank of Baroda,savings,6557.66,,,
acct_347f4e7526,cust_7c7e97c9a2,Axis Bank,savings,26286.61,,,
acct_800633b775,cust_2ca7fd4381,Axis Bank,savings,43546.5,,,
acct_be41e8d0f9,cust_71816a3475,HDFC Bank,savings,44877.75,,,
acct_9d9a2465ac,cust_095adfa684,Punjab National Bank,savings,44365.36,,,
acct_c4b76c9edd,cust_b831ad440f,State Bank of India,savings,20286.69,,,
acct_1301b59304,cust_4fccfb6a57,ICICI Bank,savings,49475.79,,,
acct_ef4988a233,cust_916e81cc32,Bank of Baroda,savings,41095.33,,,
acct_390c558ff0,cust_44542f8c7b,ICICI Bank,savings,16799.25,,,
acct_456e7bc529,cust_3e8c920561,Punjab National Bank,savings,6844.52,,,
acct_2ced5c6dac,cust_7aea7aeb91,Bank of Baroda,savings,4085.76,,,
acct_1adc877631,cust_3f36d1c099,Punjab National Bank,savings,19729.12,,,
acct_7db9614281,cust_55eea8ddf3,ICICI Bank,savings,40919.97,,,
acct_e0f5bf1f2b,cust_4e14d9c3b9,Axis Bank,savings,8676.23,,,
acct_29c0d4b88a,cust_a64c11c668,Bank of Baroda,savings,9021.17,,,
acct_f0eaa93d3f,cust_ce0d1a8609,ICICI Bank,savings,7057.59,,,
acct_e769dc394f,cust_5f48b48d98,HDFC Bank,savings,34645.82,,,
acct_3901f3dbba,cust_9cbcb629ca,State Bank of India,savings,31249.39,,,
acct_ccffcca7c9,cust_9f477df7ee,ICICI Bank,savings,30095.87,,,
acct_f34c6a3c6b,cust_5fb8383764,State Bank of India,savings,10714.93,,,
acct_36357ddb01,cust_b81b9e535f,HDFC Bank,savings,23607.25,,,
acct_595b95f5fe,cust_2bf7840b91,Punjab National Bank,savings,4006.35,,,
acct_6c89f39ab7,cust_b0c39868bb,HDFC Bank,savings,27237.13,,,
acct_c44e650691,cust_98f69c08f1,Punjab National Bank,savings,14826.62,,,
acct_47f5dc8d7d,cust_9bd878ac4e,HDFC Bank,savings,11867.17,,,
acct_9ce3b2edda,cust_7d53ccc5f1,Bank of Baroda,savings,41267.17,,,
acct_e5a9c870c8,cust_e01aaed9d4,Axis Bank,savings,45313.1,,,
acct_ab8ca4716e,cust_279c3a2d7b,Bank of Baroda,savings,41935.61,,,
acct_6439ac050f,cust_a29c8d28a0,HDFC Bank,savings,2688.64,,,
acct_fa9f45abf3,cust_20c1e8c4c7,ICICI Bank,savings,22702.59,,,
acct_c51056ddaa,cust_5b72fea951,ICICI Bank,savings,14833.44,,,
acct_171d486923,cust_04d4faead6,ICICI Bank,savings,44739.01,,,
acct_60eb92a080,cust_fb204c8d07,Axis Bank,savings,8220.48,,,
acct_f8e530ab6a,cust_a1f374fca0,Axis Bank,savings,12598.24,,,
acct_43c1170c71,cust_dbfe77585f,State Bank of India,savings,24619.0,,,
acct_cc2c16b6bb,cust_3b07dca657,ICICI Bank,savings,21987.71,,,
acct_796ea37355,cust_2a99d0f5e1,Axis Bank,savings,39210.56,,,
acct_22444bec80,cust_e0a2f17145,HDFC Bank,savings,8111.07,,,
acct_64f5e1d7e7,cust_935c1dec7d,Bank of Baroda,savings,14125.87,,,
acct_e0000d3f9e,cust_9a8d62a4c7,Axis Bank,savings,32622.27,,,
acct_8379aa9937,cust_2947e3e0b0,Axis Bank,savings,17741.11,,,
acct_15be8b93c3,cust_66c01adaac,HDFC Bank,savings,3453.5,,,
acct_4095de7a08,cust_80a47877be,Bank of Baroda,savings,32336.61,,,
acct_0ac270f519,cust_e2960bbc91,HDFC Bank,savings,5136.67,,,
acct_9d7b7d885c,cust_5ffd9b6b10,ICICI Bank,savings,20529.38,,,
acct_d21197ffd3,cust_9ccd0d4208,Axis Bank,savings,49405.21,,,
acct_628678b9a2,cust_c6797b9e10,HDFC Bank,savings,19750.2,,,
acct_6435f43ec6,cust_5ce2088b99,Punjab National Bank,savings,43479.42,,,
acct_5737f6da66,cust_8dcd861a6d,HDFC Bank,savings,9795.87,,,
acct_4b39dc587b,cust_f676f1f687,Punjab National Bank,savings,41374.43,,,
acct_abaa018938,cust_e168867cfa,State Bank of India,savings,28997.43,,,
acct_64ea160d84,cust_e7758624f9,Bank of Baroda,savings,42927.4,,,
acct_c86a07f348,cust_a2b4cc0a41,HDFC Bank,savings,33832.54,,,
acct_dabe687964,cust_6ced5fdd6d,Axis Bank,savings,8984.38,,,
acct_0d72e8f392,cust_185c02bba7,ICICI Bank,savings,44596.61,,,
acct_7e2818c35d,cust_0168737846,ICICI Bank,savings,14001.44,,,
acct_c57c87ea30,cust_8df50336f0,State Bank of India,savings,4419.71,,,
acct_dcaa49a5e1,cust_bd84b9b8a8,ICICI Bank,savings,27703.38,,,
acct_9c1c8a1107,cust_986c55a700,Bank of Baroda,savings,35144.27,,,
acct_019662422d,cust_c5eb2f84ea,HDFC Bank,savings,33899.15,,,
acct_57f78a845b,cust_3cef64dba9,Bank of Baroda,savings,18670.44,,,
acct_4c3e8247f3,cust_da92e46170,Axis Bank,savings,41888.62,,,
acct_37457e5600,cust_242371e06e,ICICI Bank,savings,22386.38,,,
acct_3135ee8588,cust_9378e9d07e,Bank of Baroda,savings,9451.69,,,
acct_117df5789c,cust_52c97438e9,State Bank of India,savings,20636.9,,,
acct_81d8499673,cust_21fd1da696,State Bank of India,savings,29890.89,,,
acct_ef6acaccf7,cust_d0dde9543b,Axis Bank,savings,30742.69,,,
acct_76c788b3f0,cust_811fcdf4a6,ICICI Bank,savings,35703.24,,,
acct_db98a4db23,cust_ea58e53ef8,ICICI Bank,savings,36973.22,,,
acct_0dea31072b,cust_43c4a86011,HDFC Bank,savings,40683.81,,,
acct_c7e6d3a76f,cust_0bdd850391,ICICI Bank,savings,33811.42,,,
acct_df385c8485,cust_5c39795aec,HDFC Bank,savings,11546.35,,,
acct_92a8fbd7ea,cust_bed1a896f9,Bank of Baroda,savings,43138.56,,,
acct_aa60e20444,cust_28144d78d5,Punjab National Bank,savings,37027.79,,,
acct_9b87c4798e,cust_5963df1474,HDFC Bank,savings,26328.03,,,
acct_b363360d6e,cust_b660e0d2e5,ICICI Bank,savings,28278.91,,,
acct_7722f7bdb7,cust_bfb0eec546,HDFC Bank,savings,18738.15,,,
acct_0a6e1267ff,cust_b6fcc7d7da,State Bank of India,savings,16106.62,,,
acct_451a6933e1,cust_9a2a430a27,HDFC Bank,savings,30547.13,,,
acct_87c9eec7a3,cust_1596b7b86d,ICICI Bank,savings,31411.99,,,
acct_18eb851b04,cust_ce628abd49,HDFC Bank,savings,26798.76,,,
acct_b86a7f9eed,cust_370c837c0d,Bank of Baroda,savings,45968.22,,,
acct_760896ca31,cust_835f8be372,Punjab National Bank,savings,8665.95,,,
acct_15c0132a3b,cust_8f4ee81e40,Punjab National Bank,savings,31891.93,,,
acct_3e985acbf4,cust_f287482bda,Punjab National Bank,savings,8689.27,,,
acct_2d1fb97062,cust_1b941560d0,ICICI Bank,savings,21014.98,,,
acct_d0c4fcc91a,cust_69e2527f1c,Bank of Baroda,savings,14865.55,,,
acct_2050bcf57f,cust_ea809a4568,Bank of Baroda,savings,2348.46,,,
acct_d51907be71,cust_ed10c60e8d,State Bank of India,savings,15303.03,,,
acct_053003fb5b,cust_21fb1f731e,Axis Bank,savings,34416.55,,,
acct_f51c4d70dc,cust_b5b450a759,Punjab National Bank,savings,5220.15,,,
acct_d231c32fa8,cust_fa7c3bcb2d,HDFC Bank,savings,44379.49,,,
acct_9808443827,cust_9816de103e,ICICI Bank,savings,41005.37,,,
acct_ca31e16446,cust_4ac8e1eb39,ICICI Bank,savings,36342.42,,,
acct_73a5f6c587,cust_623f43754c,ICICI Bank,savings,46531.39,,,
acct_5f49e983c0,cust_41ba74ce33,Punjab National Bank,savings,14722.34,,,
acct_d1ddd081ee,cust_3d573f84df,State Bank of India,savings,12519.9,,,
acct_95a758edf5,cust_0ccbbb00ec,HDFC Bank,savings,4957.8,,,
acct_94eb8ee651,cust_ee6e6bf3da,Punjab National Bank,savings,12768.63,,,
acct_e797a510d8,cust_ab1134f44a,Punjab National Bank,savings,12214.73,,,
acct_c7cf909556,cust_f7a0d8bada,State Bank of India,savings,23782.2,,,
acct_270ea50dfb,cust_2f04a5d2ef,State Bank of India,savings,45973.66,,,
acct_a6f2826b1f,cust_1df9d8af62,Bank of Baroda,savings,48681.72,,,
acct_7878d71bb1,cust_a5f6e44cb7,Axis Bank,savings,21110.26,,,
acct_94d2a080ad,cust_fd5ce420f5,ICICI Bank,savings,19622.93,,,
acct_76b0e2a5b5,cust_ac32e1b135,ICICI Bank,savings,28678.13,,,
acct_3ca15f08a0,cust_eb8aa2b508,Bank of Baroda,savings,2650.16,,,
acct_b3d3d6c2e8,cust_45dbddc1a0,HDFC Bank,savings,3336.26,,,
acct_1fb811b5ea,cust_b6e81487bb,Axis Bank,savings,35237.1,,,
acct_efaabfba60,cust_92c8616aec,HDFC Bank,savings,21616.1,,,
acct_85b60f46de,cust_c600bef163,Punjab National Bank,savings,11234.57,,,
acct_1f56f31a60,cust_2d5cb2799f,State Bank of India,savings,29260.45,,,
acct_14382bb7c6,cust_871b94636c,ICICI Bank,savings,46911.97,,,
acct_38fe8c7881,cust_8cae888586,Punjab National Bank,savings,27647.82,,,
acct_5711915982,cust_9babf942cc,Punjab National Bank,savings,37492.18,,,
acct_22baa33e91,cust_db937a62ac,State Bank of India,savings,26719.98,,,
acct_145f90b149,cust_abaaf1612b,State Bank of India,savings,31288.32,,,
acct_c6b4e792f3,cust_86ab0ef8ef,ICICI Bank,savings,21307.6,,,
acct_fcd5c17574,cust_642abd0b46,HDFC Bank,savings,40216.67,,,
acct_0b3a4cd523,cust_993d4fb22d,Punjab National Bank,savings,14312.17,,,
acct_344f321579,cust_9bf50712a6,Punjab National Bank,savings,20259.94,,,
acct_87829621a9,cust_9822a26f42,ICICI Bank,savings,47813.3,,,
acct_664ac0722e,cust_80f8a8e4a0,ICICI Bank,savings,32867.11,,,
acct_3706b5d26b,cust_4072e57cf3,State Bank of India,savings,29238.77,,,
acct_b44a0c246b,cust_ad595cf0e3,ICICI Bank,savings,12139.12,,,
acct_9eb2403df0,cust_2703589388,State Bank of India,savings,17076.71,,,
acct_b5974f6a29,cust_4d2a62ad79,Punjab National Bank,savings,13659.83,,,
acct_0d0de6204d,cust_044cdb9c1e,Bank of Baroda,savings,20868.59,,,
acct_ab6af8e304,cust_d5c1f86d50,Punjab National Bank,savings,36975.84,,,
acct_9293cf01f3,cust_604ad4411e,ICICI Bank,savings,33819.62,,,
acct_2836b4e02f,cust_c81f90675d,State Bank of India,savings,15380.83,,,
acct_ca1ef988de,cust_a65bcf067b,HDFC Bank,savings,40038.04,,,
acct_ffea73a9ee,cust_e2e5c8b3c7,HDFC Bank,savings,32836.98,,,
acct_cdb9cc2720,cust_13cd110476,Punjab National Bank,savings,24993.86,,,
acct_589fab6db2,cust_2f2b65084b,Punjab National Bank,savings,45610.44,,,
acct_20da310aaa,cust_1b357a95ca,HDFC Bank,savings,33804.11,,,
acct_0691792d80,cust_b887a67928,Axis Bank,savings,44620.05,,,
acct_a43d17cc9c,cust_2308c6f4e7,Bank of Baroda,savings,4696.03,,,
acct_d533fb750b,cust_216e86ada9,ICICI Bank,savings,44779.69,,,
acct_14d2f7e474,cust_578f9717e2,Punjab National Bank,savings,25474.36,,,
acct_7277b46fb8,cust_cd3365fb62,Bank of Baroda,savings,14425.11,,,
acct_6a551e32a6,cust_074928ae3c,Punjab National Bank,savings,17963.89,,,
acct_f3d352f522,cust_84d9c97789,State Bank of India,savings,26846.9,,,
acct_0870e2512e,cust_77cd300e36,State Bank of India,savings,28799.2,,,
acct_33fd7f12c0,cust_18d71f8225,Punjab National Bank,savings,49077.47,,,
acct_0f34da4fd1,cust_ed6e2a678d,ICICI Bank,savings,45128.4,,,
acct_e1601155e3,cust_7eb7e93bb2,ICICI Bank,savings,40097.36,,,
acct_8313bd966e,cust_612def8b18,State Bank of India,savings,13912.69,,,
acct_85ff35537e,cust_2deab73376,Axis Bank,savings,33587.56,,,
acct_25fdd329d9,cust_7449041528,Bank of Baroda,savings,40835.49,,,
acct_7de12c9d30,cust_b6985ef5ec,Axis Bank,savings,31434.76,,,
acct_fd8ba10868,cust_0b10c1f10e,Punjab National Bank,savings,13739.83,,,
acct_24b333d9a5,cust_5dde7bd8e1,HDFC Bank,savings,49062.92,,,
acct_02d5808149,cust_8a0489410c,ICICI Bank,savings,37123.55,,,
acct_1718f03c47,cust_cd0f9f6232,ICICI Bank,savings,7956.31,,,
acct_921a8a8240,cust_7e29a8fc4e,Axis Bank,savings,45426.13,,,
acct_c55b9a7e2c,cust_3571143327,State Bank of India,savings,39272.13,,,
acct_ab2a201e03,cust_4a0422e369,Bank of Baroda,savings,2578.58,,,
acct_00e2e8519e,cust_d8724e14c2,Punjab National Bank,savings,28082.82,,,
acct_b6d7fe3006,cust_e014b59c04,Bank of Baroda,savings,23520.64,,,
acct_020cf4cc9f,cust_13a25a612c,State Bank of India,savings,23495.59,,,
acct_a2e55e1dd7,cust_fba74b9198,ICICI Bank,savings,23965.15,,,
acct_d66b56d805,cust_8a08109024,ICICI Bank,savings,19187.21,,,
acct_f2668d82ec,cust_9c9db46056,Axis Bank,savings,25784.24,,,
acct_a6971c2efe,cust_0dd072dd5c,ICICI Bank,savings,22572.75,,,
acct_b0c5d77a7e,cust_c493b08194,ICICI Bank,savings,26973.13,,,
acct_90817e548c,cust_044d86a27c,ICICI Bank,savings,36707.33,,,
acct_2658d75bba,cust_6026502110,Punjab National Bank,savings,33837.9,,,
acct_ba782eac51,cust_6a10ce67a1,State Bank of India,savings,2178.16,,,
acct_35e9a1051c,cust_c97e8f8800,Bank of Baroda,savings,23460.12,,,
acct_1aa741aaa3,cust_43a6673bfa,HDFC Bank,savings,14932.25,,,
acct_98cb068829,cust_8dec05e6ac,Bank of Baroda,savings,36685.25,,,
acct_192bfd193f,cust_20f7aa0bc4,Axis Bank,savings,42314.9,,,
acct_be9aabe0d0,cust_002c131706,State Bank of India,savings,39496.04,,,
acct_4514cf3d40,cust_93ab30e431,Axis Bank,savings,49089.8,,,
acct_7aab805f65,cust_b3b1ce8afe,Axis Bank,savings,17584.65,,,
acct_6928903527,cust_616e169932,ICICI Bank,savings,16657.89,,,
acct_a2e571ce95,cust_382f6844ab,State Bank of India,savings,39545.84,,,
acct_2d1e1e5312,cust_8d0d45a4bb,State Bank of India,savings,19206.17,,,
acct_97e913e094,cust_bd6d29a723,ICICI Bank,savings,19316.85,,,
acct_d8ba9220c2,cust_0acb4e39ad,State Bank of India,savings,41198.83,,,
acct_85ca6178b1,cust_fb22600da5,Bank of Baroda,savings,46030.13,,,
acct_fb04d37b08,cust_ac6b03d845,HDFC Bank,savings,19212.62,,,
acct_4408828c3e,cust_d6485271cc,Bank of Baroda,savings,26737.45,,,
acct_056a419f42,cust_c56254ffd3,Bank of Baroda,savings,17391.64,,,
acct_2a3e23c523,cust_53e92c14ab,Punjab National Bank,savings,17616.3,,,
acct_9e090f9a4b,cust_a2e44e69f0,Axis Bank,savings,13809.58,,,
acct_b7964ee6cd,cust_a694eb8d5f,ICICI Bank,savings,7396.47,,,
acct_494f960197,cust_a3edbce709,State Bank of India,savings,24670.79,,,
acct_aa5a0b6e45,cust_fec4d598e6,State Bank of India,savings,40550.95,,,
acct_dccc535455,cust_83031b4479,Axis Bank,savings,26982.45,,,
acct_b49870090e,cust_cb66a9e92d,HDFC Bank,savings,40360.46,,,
acct_effe2ae491,cust_3ef165d4b6,Bank of Baroda,savings,20782.75,,,
acct_97586be888,cust_3a42d77766,ICICI Bank,savings,15067.1,,,
acct_c5024efa00,cust_0013d04ee6,Bank of Baroda,savings,46938.9,,,
acct_75a54d1c46,cust_04a6af7dfe,Bank of Baroda,savings,10000.03,,,
acct_7770300fdc,cust_5e3b54553b,Bank of Baroda,savings,29923.04,,,
acct_f49398ea40,cust_a1d671b092,Axis Bank,savings,17862.26,,,
acct_25c3915f59,cust_92823fe234,HDFC Bank,savings,34441.82,,,
acct_3c3d4c12dd,cust_9c577da69c,Bank of Baroda,savings,41539.32,,,
acct_ba00c7ea9b,cust_85d139dd7d,State Bank of India,savings,19755.26,,,
acct_b44764adec,cust_94cfdcc43d,HDFC Bank,savings,5831.17,,,
acct_bd83ae1b14,cust_82e47b3ee2,Punjab National Bank,savings,27539.45,,,
acct_802a8ade02,cust_c492303381,Bank of Baroda,savings,47547.63,,,
acct_133dac8499,cust_d66be3d82d,Punjab National Bank,savings,48039.16,,,
acct_d12329a1be,cust_a54fe2400e,State Bank of India,savings,45754.21,,,
acct_f3cec3784c,cust_295115c9b9,HDFC Bank,savings,7142.73,,,
acct_07849e72f4,cust_2abf13a711,Axis Bank,savings,46433.74,,,
acct_1910e54197,cust_f2d1ffd778,HDFC Bank,savings,37446.69,,,
acct_ab084c0e1c,cust_cef5c09471,ICICI Bank,savings,3430.64,,,
acct_ef9b8d9713,cust_eb54d3f12e,Punjab National Bank,savings,39405.83,,,
acct_b37ef2501c,cust_9977dea82e,Punjab National Bank,savings,38445.92,,,
acct_478516fb6d,cust_053c58f25d,Bank of Baroda,savings,35244.56,,,
acct_9334017bf0,cust_6f76e06abc,ICICI Bank,savings,47087.26,,,
acct_017bf1719f,cust_55e2e66973,State Bank of India,savings,13077.54,,,
acct_34271195da,cust_0c5339e8ba,Bank of Baroda,savings,8166.47,,,
acct_cf6c00b07d,cust_d719ec1df4,HDFC Bank,savings,47389.85,,,
acct_071bb4cae2,cust_417912ceab,Punjab National Bank,savings,31216.06,,,
acct_a3b9ef241c,cust_50293ba584,Punjab National Bank,savings,45344.92,,,
acct_557b1c31fc,cust_08b7e6f63f,Bank of Baroda,savings,45494.28,,,
acct_9fcb0d85a9,cust_2a0a3eb1eb,State Bank of India,savings,25401.74,,,
acct_71de092995,cust_0e043f10cf,Punjab National Bank,savings,2817.51,,,
acct_4a003db75e,cust_d2dc415c4a,HDFC Bank,savings,37114.04,,,
acct_c45d930800,cust_a02844641e,Bank of Baroda,savings,21771.84,,,
acct_6364a66e81,cust_35b95bcf4e,Punjab National Bank,savings,41330.44,,,
acct_b6c75789d0,cust_f9762c1e4e,Punjab National Bank,savings,7033.84,,,
acct_a159c93c33,cust_d1f6207363,ICICI Bank,savings,7452.79,,,
acct_b17a1736ad,cust_8176720738,Bank of Baroda,savings,2565.06,,,
acct_f7703f2400,cust_74a3959f34,HDFC Bank,savings,48381.32,,,
acct_764b3d9635,cust_b5c9e3f6a1,HDFC Bank,savings,25711.03,,,
acct_0dc5c82447,cust_51dbf1ba98,ICICI Bank,savings,33788.09,,,
acct_7976d78b04,cust_0dd82b0926,Axis Bank,savings,3358.56,,,
acct_ae5016e054,cust_0b3cb9fefd,Axis Bank,savings,41778.05,,,
acct_e73889cec4,cust_68f1d9981b,Axis Bank,savings,43925.19,,,
acct_3108662e22,cust_216437b558,Punjab National Bank,savings,34033.69,,,
acct_bf6960b7b4,cust_62be2b5cbb,Axis Bank,savings,37003.95,,,
acct_c0218f2c91,cust_b06caa2432,ICICI Bank,savings,12192.46,,,
acct_90849336c9,cust_2f066f799b,HDFC Bank,savings,7099.6,,,
acct_4175c1e504,cust_191c0c2389,State Bank of India,savings,24655.62,,,
acct_8892645998,cust_f9a17416ad,Axis Bank,savings,32532.0,,,
acct_7f59a6c6e4,cust_4097ea4c71,ICICI Bank,savings,31122.32,,,
acct_a59d27bb81,cust_5d6d080a8e,Punjab National Bank,savings,17054.66,,,
acct_02326857c5,cust_1f26ae9344,State Bank of India,savings,5943.13,,,
acct_75cc92faf2,cust_d4d138e257,State Bank of India,savings,39149.17,,,
acct_cd48a51361,cust_6a734ef5c4,Bank of Baroda,savings,46273.96,,,
acct_e3c38b1f2d,cust_563cd09393,ICICI Bank,savings,2010.02,,,
acct_298f5835d3,cust_225b512876,Axis Bank,savings,9517.44,,,
acct_05981365b0,cust_26c54191c4,State Bank of India,savings,26035.36,,,
acct_515d8bbac6,cust_596c82c978,ICICI Bank,savings,38990.42,,,
acct_8e5db49f73,cust_939c34689e,HDFC Bank,savings,5654.53,,,
acct_a31f31695e,cust_ee87131f4f,ICICI Bank,savings,47610.98,,,
acct_efdb052d5c,cust_68ea2ec3fb,HDFC Bank,savings,45790.94,,,
acct_c04250fe1a,cust_538d0eeeff,ICICI Bank,savings,45049.63,,,
acct_6cd54bebeb,cust_4c8becb4d6,Punjab National Bank,savings,12749.0,,,
acct_f2d4cde436,cust_1d810793fb,ICICI Bank,savings,41103.71,,,
acct_9cd948778a,cust_cdf6114ff8,Axis Bank,savings,33302.97,,,
acct_f51d7c4ed2,cust_ce5b5a5711,HDFC Bank,savings,43557.52,,,
acct_71900f7260,cust_16dc6ce975,Axis Bank,savings,20334.1,,,
acct_526774ff54,cust_8c8ae2db1f,ICICI Bank,savings,41762.78,,,
acct_a5925c894b,cust_341531f417,Axis Bank,savings,36285.1,,,
acct_8e9f624ed9,cust_c2aac7f47f,Bank of Baroda,savings,18082.17,,,
acct_1ca19e0e76,cust_7cbe01bd15,Punjab National Bank,savings,26550.09,,,
acct_22f962ea8b,cust_e1b197783b,Punjab National Bank,savings,32725.68,,,
acct_031ee99725,cust_6913152d4b,ICICI Bank,savings,26623.1,,,
acct_0fa2454b0c,cust_e0cff15b53,Axis Bank,savings,29411.35,,,
acct_ae64e9cb64,cust_b4c5577049,Punjab National Bank,savings,28668.43,,,
acct_91cf4ed505,cust_4beddb94e7,Punjab National Bank,savings,32521.51,,,
acct_15dac140f2,cust_61a4fe0d45,ICICI Bank,savings,33797.13,,,
acct_b915f9ae9f,cust_c1576742df,Axis Bank,savings,13480.6,,,
acct_68dad86f9d,cust_dcbe86500e,Bank of Baroda,savings,48769.0,,,
acct_ae8a107dc3,cust_78de57966c,ICICI Bank,savings,42110.51,,,
acct_7e6a89b742,cust_4f9f771f2b,ICICI Bank,savings,29152.11,,,
acct_04ee7ab854,cust_0023026f2e,ICICI Bank,savings,13929.07,,,
acct_24c2289bc8,cust_511f1dd733,ICICI Bank,savings,27981.15,,,
acct_d96be75dd6,cust_e02b9a9c59,Bank of Baroda,savings,17466.16,,,
acct_61ebdb0c67,cust_4315e6a81b,HDFC Bank,savings,45733.67,,,
acct_9aeab12b0e,cust_8f05257158,Punjab National Bank,savings,12018.19,,,
acct_d426d88b00,cust_53d645ed93,Punjab National Bank,savings,39001.77,,,
acct_4d02ad2be8,cust_cf05add73b,Axis Bank,savings,18046.47,,,
acct_04e7831fe3,cust_fce4b0ef09,Bank of Baroda,savings,34035.73,,,
acct_b43cda4fc8,cust_632d349c8f,Axis Bank,savings,41778.59,,,
acct_ad25840cd3,cust_8f67e5a2a1,Punjab National Bank,savings,24209.0,,,
acct_513121f42d,cust_fa1c9405bb,Axis Bank,savings,12803.07,,,
acct_5db09d1cc1,cust_da0fc93ca8,ICICI Bank,savings,20254.99,,,
acct_bec84f0b2f,cust_74f7e25f59,ICICI Bank,savings,36666.55,,,
acct_a52691cb1c,cust_cdc175b45a,Punjab National Bank,savings,32914.95,,,
acct_eb04fc926e,cust_676e92bcde,Punjab National Bank,savings,23956.91,,,
acct_b8a2f7f664,cust_34a3d25de5,ICICI Bank,savings,21977.38,,,
acct_8d4ffa19f5,cust_465f34a3ae,ICICI Bank,savings,48021.49,,,
acct_28d23a6a20,cust_69427bcd7f,State Bank of India,savings,23619.26,,,
acct_6232431f3b,cust_0167b884f2,Axis Bank,savings,12440.45,,,
acct_c07ef4a59f,cust_f94ce6c286,Bank of Baroda,savings,17002.59,,,
acct_82facf29a5,cust_c326226a84,State Bank of India,savings,31355.93,,,
acct_bbcada3cfc,cust_4b0898d2af,Punjab National Bank,savings,41977.55,,,
acct_f96e2a452b,cust_36bed9a1bc,ICICI Bank,savings,5191.57,,,
acct_d109256828,cust_f7fe564433,State Bank of India,savings,20713.78,,,
acct_6cf7e66b3e,cust_05a61e0b87,Bank of Baroda,savings,35968.75,,,
acct_a5cfa9cf8b,cust_da66614d83,ICICI Bank,savings,33472.39,,,
acct_7d69b0e8ad,cust_93f237b833,Bank of Baroda,savings,11600.33,,,
acct_20c6d62b22,cust_aa819666ea,Bank of Baroda,savings,24536.3,,,
acct_026bbe251e,cust_38bab32deb,Bank of Baroda,savings,39777.44,,,
acct_b6e4adb1b5,cust_72a9876b11,Punjab National Bank,savings,9225.82,,,
acct_2d5b716eac,cust_06e467cec0,Punjab National Bank,savings,22862.36,,,
acct_49bea48bd7,cust_15f184831f,Punjab National Bank,savings,15128.86,,,
acct_042daed65f,cust_c2761d4ef6,ICICI Bank,savings,39047.48,,,
acct_edae5a02a5,cust_1ac34a08c0,HDFC Bank,savings,45850.31,,,
acct_87c2e23736,cust_fa509b4793,Punjab National Bank,savings,9240.14,,,
acct_a76462e8a3,cust_053ccb5e60,Punjab National Bank,savings,22689.99,,,
acct_c87cd5489b,cust_c49ebd8e54,ICICI Bank,savings,10261.11,,,
acct_aba11ebf77,cust_2917ce7585,Punjab National Bank,savings,29201.8,,,
acct_f901f9e278,cust_6cb9cd347b,HDFC Bank,savings,23376.18,,,
acct_ffc41ddbbd,cust_1755ee5baf,Axis Bank,savings,17478.27,,,
acct_76f52d2d9e,cust_7bc504c6ef,ICICI Bank,savings,29114.69,,,
acct_1b7c103ea4,cust_ba81d8534d,ICICI Bank,savings,48494.01,,,
acct_cd278d6ed4,cust_07d8024b15,ICICI Bank,savings,18912.21,,,
acct_f53ca1befa,cust_c4077d5e37,Bank of Baroda,savings,31141.29,,,
acct_320ef20aca,cust_cc9b7db498,Bank of Baroda,savings,13081.66,,,
acct_abf15ce00d,cust_b37b3e27c7,ICICI Bank,savings,48858.1,,,
acct_94e5b0d992,cust_199671ae6b,Bank of Baroda,savings,34387.22,,,
acct_aebd10f63e,cust_6f8d7f12aa,Punjab National Bank,savings,16137.38,,,
acct_dd917c5452,cust_1c99bd85a6,HDFC Bank,savings,34925.43,,,
acct_e9ffe9ea30,cust_bec9ea77eb,State Bank of India,savings,31541.72,,,
acct_6cd79197f8,cust_eed55b0115,HDFC Bank,savings,44186.83,,,
acct_5cf339a884,cust_a2c5e6b712,Bank of Baroda,savings,7273.17,,,
acct_ba689186de,cust_dcc924e849,ICICI Bank,savings,37284.56,,,
acct_ec6db3043f,cust_233a4e62d0,HDFC Bank,savings,13021.76,,,
acct_c41cb93dfd,cust_744f393b5b,Axis Bank,savings,26085.51,,,
acct_69b233058a,cust_e33ad3458d,State Bank of India,savings,15790.69,,,
acct_df2db561d1,cust_e3c84dd60c,Bank of Baroda,savings,38929.99,,,
acct_23d749be4d,cust_3a7e8ddea2,HDFC Bank,savings,34901.97,,,
acct_77387770f6,cust_407e61f3e4,State Bank of India,savings,41389.49,,,
acct_b9bf4c10da,cust_956c1b339b,HDFC Bank,savings,23376.93,,,
acct_bca76c0328,cust_5914692782,ICICI Bank,savings,18124.09,,,
acct_a78aa2186d,cust_475aa850da,Punjab National Bank,savings,31097.33,,,
acct_8240eba8f7,cust_f084117740,Bank of Baroda,savings,37075.66,,,
acct_b2c0337f95,cust_b48f60c471,ICICI Bank,savings,20553.48,,,
acct_73a779a5ed,cust_936edafe08,HDFC Bank,savings,49688.59,,,
acct_d417e67117,cust_95efaac54b,HDFC Bank,savings,22608.8,,,
acct_c0f23e0bb5,cust_d5e595d26b,ICICI Bank,savings,13355.11,,,
acct_85d7fea31a,cust_e67e6fc4ef,State Bank of India,savings,30831.94,,,
acct_7d126827e2,cust_a94c6df372,State Bank of India,savings,32686.48,,,
acct_7cd8830a0f,cust_51269cd22d,ICICI Bank,savings,31067.79,,,
acct_7af11d29fe,cust_35480d83f3,Punjab National Bank,savings,20444.05,,,
acct_5a3c603d61,cust_b95bae5478,Bank of Baroda,savings,21218.31,,,
acct_b1c4d913eb,cust_d965a9c475,HDFC Bank,savings,23993.86,,,
acct_39c8f2aa15,cust_503cc13675,Axis Bank,savings,43158.83,,,
acct_c4f93b726c,cust_549f7a880b,ICICI Bank,savings,6402.28,,,
acct_e6b268dc37,cust_e026e850e5,Punjab National Bank,savings,15728.94,,,
acct_1ac9ae9c81,cust_415732c58c,ICICI Bank,savings,16691.63,,,
acct_faaf87b1ee,cust_15b55cadb9,HDFC Bank,savings,39698.69,,,
acct_5dad49cb84,cust_714377a93d,Bank of Baroda,savings,31864.8,,,
acct_d761f38b66,cust_e76882fbad,State Bank of India,savings,12853.43,,,
acct_e3defc48dc,cust_741199a35f,ICICI Bank,savings,4845.39,,,
acct_f22c2a8248,cust_c95c092e1f,State Bank of India,savings,46471.63,,,
acct_583e5b2a2a,cust_e6c387ca88,Bank of Baroda,savings,32767.68,,,
acct_d802fab3f4,cust_74e22138c6,Bank of Baroda,savings,21836.88,,,
acct_cc6b6d5766,cust_4fde0a0bac,State Bank of India,savings,46270.65,,,
acct_3f535d2dbf,cust_c3ac65509b,Punjab National Bank,savings,29071.75,,,
acct_5ac5497252,cust_3811a07776,ICICI Bank,savings,15435.0,,,
acct_c501a24946,cust_07258f0452,State Bank of India,savings,34295.45,,,
acct_ee78addf47,cust_8458621055,HDFC Bank,savings,9716.04,,,
acct_7aac67587c,cust_69dbb7ddf1,State Bank of India,savings,49734.37,,,
acct_c66e45ca40,cust_abc6729c66,Axis Bank,savings,41639.99,,,
acct_25d2120126,cust_5271ea9a9e,ICICI Bank,savings,29933.82,,,
acct_12b61f7000,cust_a3db68cf6d,Axis Bank,savings,18474.73,,,
acct_89c62367f8,cust_2ba520f4a2,Punjab National Bank,savings,48940.69,,,
acct_72669e3949,cust_a825d2472e,Axis Bank,savings,30176.08,,,
acct_4f4b1de132,cust_58b71b409d,Bank of Baroda,savings,16882.6,,,
acct_4e9e948d78,cust_20335a0cda,State Bank of India,savings,44376.61,,,
acct_ff7d900dbe,cust_9dde1c40ba,Axis Bank,savings,30067.46,,,
acct_9f1da2d660,cust_7d6a9b159a,HDFC Bank,savings,33013.96,,,
acct_6e42b14757,cust_6f72e692c8,Bank of Baroda,savings,24909.16,,,
acct_52da690aaa,cust_fd5dca7cc2,Punjab National Bank,savings,15255.39,,,
acct_c6c3118239,cust_000e46acc0,State Bank of India,savings,3056.81,,,
acct_b1cee1d70f,cust_3c034bf9f4,State Bank of India,savings,27587.22,,,
acct_2025a446b3,cust_323c69eb80,ICICI Bank,savings,5864.51,,,
acct_d5ddb134e0,cust_1c10043f77,State Bank of India,savings,35983.46,,,
acct_4a24b9b03e,cust_69e9669d25,ICICI Bank,savings,25916.45,,,
acct_a15fcdac6e,cust_f9b840c4f5,State Bank of India,savings,31333.65,,,
acct_af408fc41b,cust_6b4b893a7d,HDFC Bank,savings,14284.87,,,
acct_6ba8d6d3dc,cust_8f942a8473,Punjab National Bank,savings,22883.18,,,
acct_79b2cfbb3e,cust_062526b2f2,Bank of Baroda,savings,36136.22,,,
acct_4b08218d34,cust_1e0dbde7d0,ICICI Bank,savings,35246.5,,,
acct_3dccddfef0,cust_8a8cf6a230,HDFC Bank,savings,23997.84,,,
acct_890d389c40,cust_d8028e266c,HDFC Bank,savings,14741.19,,,
acct_feb4b1bba9,cust_09f780a01f,Bank of Baroda,savings,16512.56,,,
acct_f3a25603cd,cust_68e782128f,Axis Bank,savings,43684.49,,,
acct_ed5fe4ace3,cust_10be646f52,State Bank of India,savings,37765.95,,,
acct_237262a408,cust_d0477beb3e,ICICI Bank,savings,49258.39,,,
acct_3aa04b631c,cust_c23ee4d71d,Bank of Baroda,savings,8066.42,,,
acct_7c5ea25fdf,cust_22a798699c,HDFC Bank,savings,6744.94,,,
acct_74fa89b97e,cust_552fb58f8e,Axis Bank,savings,42662.13,,,
acct_2c4378e49a,cust_b43722b94f,Punjab National Bank,savings,3880.64,,,
acct_2e694e6fc9,cust_d756ee0c3f,State Bank of India,savings,23177.19,,,
acct_9e68205fcc,cust_9842021703,ICICI Bank,savings,28038.94,,,
acct_1f43a10e8b,cust_f0206abd87,ICICI Bank,savings,39668.9,,,
acct_92dfb1f2a4,cust_720ec1d6ba,Axis Bank,savings,12061.88,,,
acct_5172147133,cust_c46aecb762,State Bank of India,savings,18210.05,,,
acct_2f13271cb8,cust_5882b0965d,Axis Bank,savings,10737.46,,,
acct_dfc0019bd0,cust_063598ae46,Axis Bank,savings,18089.32,,,
acct_cff85076ac,cust_cd88772594,HDFC Bank,savings,20697.18,,,
acct_1f0695b71d,cust_006fb78f59,Axis Bank,savings,26998.37,,,
acct_6a515bc261,cust_87eaba1780,HDFC Bank,savings,12009.8,,,
acct_039c6f75f3,cust_26fff4a54a,ICICI Bank,savings,40656.86,,,
acct_ff9bdffecc,cust_c660b40ac8,ICICI Bank,savings,28675.92,,,
acct_3d71fce30a,cust_8ccf331111,Bank of Baroda,savings,43359.28,,,
acct_b82fcaf0ba,cust_367066599a,State Bank of India,savings,44392.03,,,
acct_6b8d7f27cf,cust_2252ecf3fc,Bank of Baroda,savings,17038.86,,,
acct_64ee45741b,cust_49563f4ee3,HDFC Bank,savings,25476.94,,,
acct_41c7251c4a,cust_fa6440bf1a,Punjab National Bank,savings,7422.1,,,
acct_d84069354f,cust_1ff9faf586,Axis Bank,savings,28302.34,,,
acct_087f5d47b9,cust_027e255ddf,HDFC Bank,savings,10844.28,,,
acct_2858d3966e,cust_880a4a5837,Punjab National Bank,savings,12840.92,,,
acct_7d99911ff5,cust_79da3067ad,Punjab National Bank,savings,43083.22,,,
acct_38576f5524,cust_e11a6f96b4,HDFC Bank,savings,39727.11,,,
acct_21f7786ba2,cust_c59ba1c546,Axis Bank,savings,12034.43,,,
acct_479812fa21,cust_4e76ab23dd,Axis Bank,savings,42500.72,,,
acct_28b10ae25d,cust_1fe802ad5f,Punjab National Bank,savings,49660.92,,,
acct_0fc3bec277,cust_d7b408b457,HDFC Bank,savings,21450.79,,,
acct_1adfe8fc14,cust_13895279a7,State Bank of India,savings,40872.09,,,
acct_fa778eea92,cust_ca328b4a37,Punjab National Bank,savings,15618.14,,,
acct_66da6314da,cust_6a8a3d85c2,Punjab National Bank,savings,32259.6,,,
acct_57b0293ded,cust_f697f0c77d,ICICI Bank,savings,25352.46,,,
acct_e251beed00,cust_2c313ff7b6,Axis Bank,savings,41651.84,,,
acct_e6e7bfd3eb,cust_995ac569d8,State Bank of India,savings,34169.92,,,
acct_1e64c8dc4f,cust_57e88f7abd,Punjab National Bank,savings,9878.93,,,
acct_666955a23b,cust_8633b181b8,State Bank of India,savings,11222.94,,,
acct_4eb8b7b345,cust_40dfba529d,Punjab National Bank,savings,47676.12,,,
acct_c04085d0fc,cust_fa6eb01d59,Axis Bank,savings,8562.51,,,
acct_e3f677d361,cust_5511caeb6d,Bank of Baroda,savings,47417.96,,,
acct_b4555d6d4d,cust_e170a17fa0,Axis Bank,savings,18129.32,,,
acct_385dcd3ed0,cust_a894e58c26,HDFC Bank,savings,14949.14,,,
acct_1a50d35a4c,cust_2bb7282c39,HDFC Bank,savings,46077.48,,,
acct_5a4e234774,cust_782140f070,HDFC Bank,savings,11839.76,,,
acct_b7ec19f942,cust_af0abf122d,HDFC Bank,savings,12539.98,,,
acct_91628d3edb,cust_aaace14846,Axis Bank,savings,49739.17,,,
acct_8e4c821024,cust_dfeea8b7a3,Axis Bank,savings,30826.19,,,
acct_2ff117951d,cust_30151792a8,State Bank of India,savings,22423.73,,,
acct_4f10923576,cust_6fa25cccb7,Axis Bank,savings,26860.49,,,
acct_81d0e82669,cust_035f7c922a,Bank of Baroda,savings,2976.3,,,
acct_7fcff53b96,cust_4500dce969,ICICI Bank,savings,5991.04,,,
acct_17bc7630ec,cust_2b7d04223a,ICICI Bank,savings,49934.7,,,
acct_c689bb264b,cust_8b04387692,Punjab National Bank,savings,18888.21,,,
acct_cf18a760c0,cust_5f68fb0ad3,Bank of Baroda,savings,31294.65,,,
acct_4c0c8b8fbf,cust_5eeaf0702a,HDFC Bank,savings,13689.33,,,
acct_c406ef784b,cust_1a6b13aa48,Bank of Baroda,savings,48206.07,,,
acct_a44c24a330,cust_1e6247223a,HDFC Bank,savings,40420.52,,,
acct_40b26587e5,cust_6116e05527,Axis Bank,savings,39554.93,,,
acct_a485b822b4,cust_e39ebab2bc,Axis Bank,savings,26564.03,,,
acct_9f5b96d6c6,cust_923b0dcb1e,Punjab National Bank,savings,34861.04,,,
acct_d966e2ad18,cust_d4da385ddf,HDFC Bank,savings,35479.19,,,
acct_fa02efc9b4,cust_f8898f9a1e,Axis Bank,savings,24947.59,,,
acct_64ba0ebc24,cust_b890d1a55d,State Bank of India,savings,21049.41,,,
acct_7f82cae014,cust_a103a62e37,Punjab National Bank,savings,11153.27,,,
acct_5c7d54526f,cust_b6d3e2b8a7,Punjab National Bank,savings,47925.89,,,
acct_4892d5a048,cust_c6e37a3802,State Bank of India,savings,19542.43,,,
acct_b78a194995,cust_5c65140a6b,Punjab National Bank,savings,48491.77,,,
acct_791c0116c0,cust_a3ed6cf839,State Bank of India,savings,12248.18,,,
acct_d6b3fec29b,cust_472b44a92e,State Bank of India,savings,24768.82,,,
acct_288f77fc9b,cust_08eb75c77b,Bank of Baroda,savings,32542.3,,,
acct_efb00ec61f,cust_d8e845cd73,Axis Bank,savings,11446.31,,,
acct_9f7f9b179c,cust_79f4a5fcee,Axis Bank,savings,14661.49,,,
acct_65d3a60dbe,cust_89509d29bc,Axis Bank,savings,12163.66,,,
acct_066fb11310,cust_9f55059be7,Punjab National Bank,savings,33086.12,,,
acct_ee19787bb3,cust_dcfe82ea98,ICICI Bank,savings,42782.81,,,
acct_40e359c044,cust_6a8d5e7a47,ICICI Bank,savings,22428.45,,,
acct_fb03029af1,cust_192d4409f7,Axis Bank,savings,28880.53,,,
acct_6722777338,cust_e48d83295a,Punjab National Bank,savings,24393.28,,,
acct_ee4f81be5a,cust_f50a6d3b24,Punjab National Bank,savings,24628.34,,,
acct_da0e719414,cust_6faa5b2959,HDFC Bank,savings,27886.48,,,
acct_4b2072a3e5,cust_78fb24bea0,Bank of Baroda,savings,42815.27,,,
acct_87cfa5bf38,cust_1f6962e695,Axis Bank,savings,28471.81,,,
acct_a64bec26fc,cust_922b83707c,Axis Bank,savings,38774.83,,,
acct_de3c293f97,cust_909b0d44b1,ICICI Bank,savings,30621.16,,,
acct_16ceae75b8,cust_d0c0308d06,Axis Bank,savings,15211.89,,,
acct_6544db12f9,cust_558ff47347,State Bank of India,savings,9705.94,,,
acct_4b8e5bd14f,cust_dddca205c3,State Bank of India,savings,18807.26,,,
acct_16f50a0b31,cust_a18f6082f7,Axis Bank,savings,40749.37,,,
acct_ce562953bb,cust_e5356dc76e,HDFC Bank,savings,13181.44,,,
acct_6e40d123a6,cust_302f1e9690,HDFC Bank,savings,33834.19,,,
acct_4810726a97,cust_c6a3c15088,Punjab National Bank,savings,12854.3,,,
acct_794c3be9c7,cust_b76b4b0c39,Punjab National Bank,savings,25055.64,,,
acct_38242ee1fe,cust_e8bec3a76a,ICICI Bank,savings,38952.34,,,
acct_7544697c6a,cust_4deebd4e7e,Bank of Baroda,savings,2412.57,,,
acct_bec331f9d5,cust_9c6f0a8e39,HDFC Bank,savings,14094.55,,,
acct_2d89b1eb8a,cust_9f74a7c5c6,HDFC Bank,savings,14908.69,,,
acct_a4bb0423e4,cust_feb2804ee9,Punjab National Bank,savings,3594.24,,,
acct_5faa88e912,cust_3682f94bba,Punjab National Bank,savings,11356.1,,,
acct_00029dda74,cust_5affa82cb7,Punjab National Bank,savings,29172.48,,,
acct_6e1ba83724,cust_2d4d51e780,State Bank of India,savings,46020.33,,,
acct_e5194dcc01,cust_b3df07c951,ICICI Bank,savings,47708.46,,,
acct_efb817674c,cust_d0f612af2f,ICICI Bank,savings,47036.59,,,
acct_91735d4d1f,cust_5d5026a91f,Axis Bank,savings,4819.32,,,
acct_06b8915e92,cust_5212b22366,Punjab National Bank,savings,40314.15,,,
acct_cd8dead547,cust_e22ecb7de0,HDFC Bank,savings,36454.47,,,
acct_c6e479d0a8,cust_e12cb50b18,ICICI Bank,savings,13299.54,,,
acct_e05c164a29,cust_29a7a66c8d,Axis Bank,savings,33388.74,,,
acct_c4714335d7,cust_1971e841a0,State Bank of India,savings,40904.25,,,
acct_375fc0a7db,cust_20c30a24cf,State Bank of India,savings,44468.37,,,
acct_b5cc341085,cust_0324a3c8ee,ICICI Bank,savings,9538.47,,,
acct_a283fe9526,cust_f13e908a95,Bank of Baroda,savings,25359.64,,,
acct_a3108c0656,cust_98102ecff1,Punjab National Bank,savings,46443.3,,,
acct_6ca1ebb7d3,cust_2186b3a51e,Punjab National Bank,savings,37955.63,,,
acct_f60d460a4f,cust_2b1d229d95,Punjab National Bank,savings,42278.22,,,
acct_0b9182c7ea,cust_117434b822,Axis Bank,savings,7987.86,,,
acct_ac11920a00,cust_039783e6d8,HDFC Bank,savings,27158.05,,,
acct_d042ad1528,cust_0fece0f031,Bank of Baroda,savings,37868.66,,,
acct_a38e59bd8d,cust_1d4cefd38e,State Bank of India,savings,23832.3,,,
acct_01b13429eb,cust_f443ab5d51,HDFC Bank,savings,39414.59,,,
acct_6283258c8e,cust_72883cd714,ICICI Bank,savings,39391.73,,,
acct_a63c9ef6c7,cust_a1a6f8b7bf,Punjab National Bank,savings,42380.79,,,
acct_85ceb93700,cust_72b4bf0802,Axis Bank,savings,30854.6,,,
acct_4b50f6aec1,cust_cbd4d0f543,HDFC Bank,savings,25352.13,,,
acct_2439c66de3,cust_77ec67fbd9,ICICI Bank,savings,27884.24,,,
acct_ae1096257c,cust_adda21aa68,State Bank of India,savings,6152.24,,,
acct_793d0a9968,cust_715c9b5b10,State Bank of India,savings,8102.22,,,
acct_f925d52982,cust_01b8abba42,ICICI Bank,savings,14876.04,,,
acct_9602490b6d,cust_796673f0d1,Axis Bank,savings,15923.87,,,
acct_bfb38be788,cust_19cebac5f6,State Bank of India,savings,16755.74,,,
acct_207a36b2ff,cust_78d7e6df63,Axis Bank,savings,34507.49,,,
acct_d2b69aeec2,cust_381941e3e3,Punjab National Bank,savings,29434.16,,,
acct_7648ed4022,cust_8702e8f331,Axis Bank,savings,30444.73,,,
acct_2c7318fa6a,cust_9885991952,Axis Bank,savings,12671.66,,,
acct_e26b2e6aef,cust_3ec426abdb,ICICI Bank,savings,40879.34,,,
acct_6bffe4cb36,cust_424240b6b1,State Bank of India,savings,14703.14,,,
acct_f4d5838b8e,cust_b89e2a92a7,HDFC Bank,savings,43689.08,,,
acct_cf837dd815,cust_ae94554508,ICICI Bank,savings,35840.71,,,
acct_e87c00b562,cust_64a1c3ad33,HDFC Bank,savings,44649.8,,,
acct_bd3be4784a,cust_7ac4cbab6d,ICICI Bank,savings,8603.49,,,
acct_524d2d809d,cust_e288984bd6,HDFC Bank,savings,6131.73,,,
acct_5b43067eae,cust_04520dfa30,State Bank of India,savings,17227.68,,,
acct_dd574edf18,cust_46bb96a4af,Bank of Baroda,savings,29455.94,,,
acct_ebde827b6a,cust_721660953b,Bank of Baroda,savings,43706.0,,,
acct_25d92bc299,cust_95210466a0,Bank of Baroda,savings,5676.2,,,
acct_6c7a5171f0,cust_54e005f1e0,Axis Bank,savings,3573.01,,,
acct_d961b21da2,cust_d7f2df5ba6,Punjab National Bank,savings,39897.13,,,
acct_49c1134233,cust_9062c6fd06,Axis Bank,savings,26480.63,,,
acct_391c68c6d7,cust_fcb2fa42ea,Axis Bank,savings,48255.41,,,
acct_9aae4c775a,cust_57d38b6b0b,ICICI Bank,savings,5384.11,,,
acct_3d9f068602,cust_c99382260b,State Bank of India,savings,15669.47,,,
acct_20008a438c,cust_3bcd026f2d,ICICI Bank,savings,15927.53,,,
acct_65ebaddc31,cust_2f55fa0998,State Bank of India,savings,7430.28,,,
acct_0dc74b6408,cust_aa45631a16,Punjab National Bank,savings,29201.93,,,
acct_b73039cd9e,cust_b58c7aba5e,HDFC Bank,savings,23420.97,,,
acct_895c444811,cust_35b6f51977,State Bank of India,savings,8363.72,,,
acct_982a3b437a,cust_702858d8b3,Punjab National Bank,savings,37846.63,,,
acct_71af402d2e,cust_db0294f3bf,Bank of Baroda,savings,41377.81,,,
acct_6a9ee27ce8,cust_20ce5de16a,Axis Bank,savings,41159.62,,,
acct_bcf0a7bb3d,cust_6b045225f9,Axis Bank,savings,39315.51,,,
acct_f455e4376f,cust_a7a181d959,State Bank of India,savings,44516.45,,,
acct_d39bf42ea9,cust_353d33958b,HDFC Bank,savings,13849.92,,,
acct_c92201b013,cust_c5c380456b,State Bank of India,savings,30999.35,,,
acct_3050ee1fa1,cust_9439a04372,HDFC Bank,savings,42800.86,,,
acct_8c690f58a9,cust_01c1f08a53,HDFC Bank,savings,7426.61,,,
acct_8c9b372ca7,cust_15209366d2,HDFC Bank,savings,42852.44,,,
acct_b95e4669ae,cust_e8d83134cf,HDFC Bank,savings,25738.75,,,
acct_532cd3d419,cust_8b83568506,HDFC Bank,savings,21882.56,,,
acct_e7b68a687b,cust_912216a2c8,State Bank of India,savings,2971.89,,,
acct_936457a417,cust_b1cf114215,Punjab National Bank,savings,36349.37,,,
acct_0d65f49f06,cust_d4876fb302,HDFC Bank,savings,19117.13,,,
acct_f1c6976c8c,cust_2d1392ce7c,ICICI Bank,savings,15373.45,,,
acct_8ee5fc2b12,cust_82865d388e,Punjab National Bank,savings,18898.2,,,
acct_43bb7f4112,cust_d73a252af8,State Bank of India,savings,5737.4,,,
acct_0a18d8efae,cust_633434e28d,ICICI Bank,savings,49532.34,,,
acct_689b4af59d,cust_7c212f300b,Axis Bank,savings,34397.64,,,
acct_c1bdcba46d,cust_9a8ba67c39,ICICI Bank,savings,33654.73,,,
acct_58d64edd39,cust_7792c5e2ac,Punjab National Bank,savings,4422.74,,,
acct_ca3471b7c7,cust_fc13182983,State Bank of India,savings,37052.39,,,
acct_3f7787ced4,cust_917aa73db1,Axis Bank,savings,12843.86,,,
acct_a7ff39747a,cust_02ac49eab0,HDFC Bank,savings,48580.36,,,
acct_0f6f679753,cust_0e3fc3d6cd,HDFC Bank,savings,3106.14,,,
acct_b0122fd7d4,cust_d6dc25a78b,ICICI Bank,savings,35830.77,,,
acct_2b8acdec16,cust_fec49564d4,State Bank of India,savings,8714.1,,,
acct_18fa2d9978,cust_835d646597,Bank of Baroda,savings,47628.31,,,
acct_f8850e5916,cust_c729f9be2e,State Bank of India,savings,44564.45,,,
acct_d84711e869,cust_f816382c31,Punjab National Bank,savings,11410.14,,,
acct_0c80d9c799,cust_726e7e8016,State Bank of India,savings,47085.5,,,
acct_0b5de431c3,cust_b313904b3e,ICICI Bank,savings,39146.02,,,
acct_7db70b3590,cust_445f720a97,Punjab National Bank,savings,12768.76,,,
acct_e5136f3d83,cust_c86b38c57c,State Bank of India,savings,31664.67,,,
acct_8352ce157c,cust_e51d9cc361,Punjab National Bank,savings,46142.57,,,
acct_3c209b1186,cust_4f17353a8d,ICICI Bank,savings,30974.4,,,
acct_8a675cb90b,cust_e8bb584df3,State Bank of India,savings,3992.21,,,
acct_9508e9e2fd,cust_87f226618d,ICICI Bank,savings,41161.97,,,
acct_85c4fef481,cust_6508fba72b,HDFC Bank,savings,37367.23,,,
acct_3670e6b9ea,cust_5676e6082e,Punjab National Bank,savings,45913.45,,,
acct_e88eda93a0,cust_8526a4dc23,HDFC Bank,savings,15293.18,,,
acct_e5c56750b1,cust_1e7688d464,Bank of Baroda,savings,25024.6,,,
acct_ef1e4641ef,cust_63744484a5,State Bank of India,savings,47165.13,,,
acct_d1fccd1ae6,cust_57f4c2fd26,Axis Bank,savings,10518.9,,,
acct_49ebe777c8,cust_2d64a7a575,Bank of Baroda,savings,40614.05,,,
acct_51ca833658,cust_bb775946a3,ICICI Bank,savings,28375.66,,,
acct_a3e44134c9,cust_4c20a52f48,ICICI Bank,savings,21555.1,,,
acct_caafb96285,cust_f583d3fa3a,Bank of Baroda,savings,8316.64,,,
acct_71c9a6a3cc,cust_033f901566,HDFC Bank,savings,7894.45,,,
acct_d4a0c59957,cust_fd49ff3b19,Punjab National Bank,savings,21744.98,,,
acct_84f2468615,cust_654333ae29,Bank of Baroda,savings,13358.39,,,
acct_fea5d14446,cust_ca9ed84c62,HDFC Bank,savings,39048.35,,,
acct_f72ba12860,cust_8882fa2c1b,Axis Bank,savings,24371.74,,,
acct_3567b79876,cust_c636acd2b4,Bank of Baroda,savings,2784.83,,,
acct_9c15cb794a,cust_dd3a0a660d,State Bank of India,savings,34546.0,,,
acct_cc360fd4a5,cust_8142d9849a,Axis Bank,savings,19624.47,,,
acct_2fecdbdd16,cust_8e7a2a68a5,HDFC Bank,savings,14867.9,,,
acct_8690188562,cust_13c6ed8de9,Punjab National Bank,savings,39042.77,,,
acct_a636d0bc4b,cust_0c0ba8be41,Axis Bank,savings,10531.99,,,
acct_8448c5149e,cust_395b33ccd0,ICICI Bank,savings,42774.42,,,
acct_8626b75da4,cust_57e8287713,HDFC Bank,savings,37543.62,,,
acct_222120a2d1,cust_a38f3b7ef1,HDFC Bank,savings,27366.19,,,
acct_7faa6f2913,cust_09ca6d388b,HDFC Bank,savings,16347.19,,,
acct_2f10bc40a3,cust_9e1f6c252f,State Bank of India,savings,19580.28,,,
acct_0d7eb0ec82,cust_fbd6bc6e09,ICICI Bank,savings,48535.98,,,
acct_bf5c2abb88,cust_ce8f46b97d,HDFC Bank,savings,42771.63,,,
acct_8ba2c52213,cust_03e28c1b55,State Bank of India,savings,47783.1,,,
acct_e483b3aa0d,cust_431319d817,HDFC Bank,savings,26272.5,,,
acct_0a023e1b31,cust_c831d1a840,Bank of Baroda,savings,18883.72,,,
acct_66155f0cc1,cust_f4a1b30efe,Axis Bank,savings,35481.86,,,
acct_7ddab09fa9,cust_3f2f07c5af,State Bank of India,savings,25707.99,,,
acct_8311d3ca22,cust_ff8c821cdb,Bank of Baroda,savings,31594.3,,,
acct_dbbd13d9a2,cust_3cc61727e2,ICICI Bank,savings,47536.02,,,
acct_87524d86a8,cust_774c602dac,Axis Bank,savings,13697.04,,,
acct_f7541f1680,cust_9f7b073c2b,ICICI Bank,savings,17215.19,,,
acct_6077a8998d,cust_e2bb7e55fc,Axis Bank,savings,31865.07,,,
acct_60b7d00fb5,cust_5abc68493b,Axis Bank,savings,15430.37,,,
acct_594d194834,cust_cbda0c6968,Axis Bank,savings,38735.34,,,
acct_287f2cfad1,cust_3f666e6f21,ICICI Bank,savings,28871.39,,,
acct_b26ddcee75,cust_a6905511c4,State Bank of India,savings,23566.98,,,
acct_b880023961,cust_5194019510,State Bank of India,savings,41649.38,,,
acct_221d748c1e,cust_da5059824a,HDFC Bank,savings,37619.75,,,
acct_a8ac51b6de,cust_2415550541,State Bank of India,savings,30964.95,,,
acct_78e4d8d34d,cust_ff2060a0a4,State Bank of India,savings,4897.75,,,
acct_936d73481a,cust_9f4904f261,ICICI Bank,savings,20617.33,,,
acct_d6cd9be79a,cust_994b00c473,Axis Bank,savings,13072.15,,,
acct_97654c8e88,cust_a86830076a,Axis Bank,savings,47763.79,,,
acct_d8fe4d98d7,cust_29066e95d2,Punjab National Bank,savings,3265.67,,,
acct_4aa77465a6,cust_0cc49871e3,Bank of Baroda,savings,5135.4,,,
acct_bacd420e00,cust_fa5c044e6d,Bank of Baroda,savings,42595.38,,,
acct_0cd4bc6783,cust_93b958489c,HDFC Bank,savings,44242.71,,,
acct_2a788ce34c,cust_8195232303,Bank of Baroda,savings,15822.53,,,
acct_92ead5785f,cust_2514bfdca8,Axis Bank,savings,7361.27,,,
acct_8e791196d6,cust_e0b61c22de,ICICI Bank,savings,15239.53,,,
acct_05bd71af42,cust_b61101e240,Bank of Baroda,savings,37271.05,,,
acct_3829478ed7,cust_97e9a7fdee,ICICI Bank,savings,37980.59,,,
acct_d448eaf1c9,cust_ca022d1ead,HDFC Bank,savings,41422.08,,,
acct_ea406dbeaf,cust_aa0099c429,HDFC Bank,savings,37937.98,,,
acct_f63c0c1e4a,cust_91aed88f21,Axis Bank,savings,7966.91,,,
acct_8ac3851bfa,cust_4e8aec83c1,Bank of Baroda,savings,30287.75,,,
acct_d778351d3a,cust_8336289c03,Axis Bank,savings,15785.25,,,
acct_a3dbdb6b81,cust_f7ae107bc9,Bank of Baroda,savings,33366.96,,,
acct_72d8513825,cust_7f6995adfd,HDFC Bank,savings,8236.66,,,
acct_c427f38db1,cust_ea5d8ea398,Bank of Baroda,savings,3386.02,,,
acct_e21808483f,cust_e779ac6b61,ICICI Bank,savings,3304.08,,,
acct_140912c073,cust_122fd4ad3e,Punjab National Bank,savings,12576.66,,,
acct_5b475d43d2,cust_d852789752,ICICI Bank,savings,28544.15,,,
acct_7b4fcb3a58,cust_f6e091cc03,Axis Bank,savings,41214.49,,,
acct_b3469d32d7,cust_965af83d29,Axis Bank,savings,13396.07,,,
acct_30d803af2d,cust_19aa04c3e6,Axis Bank,savings,7325.93,,,
acct_450d5fd442,cust_bfe183a189,Punjab National Bank,savings,24124.93,,,
acct_71f02f44cc,cust_f094015b5e,Axis Bank,savings,8044.6,,,
acct_f926016afa,cust_7cdda57e05,Axis Bank,savings,18612.54,,,
acct_5f62572781,cust_82026b9193,State Bank of India,savings,8832.34,,,
acct_8a3796f5a0,cust_e719e01375,Punjab National Bank,savings,17094.46,,,
acct_a41b3a585d,cust_f90fffee50,ICICI Bank,savings,20860.78,,,
acct_6b883bcfc6,cust_4ae97e57de,State Bank of India,savings,16478.84,,,
acct_fa19a38aef,cust_709b5d363a,Bank of Baroda,savings,18850.98,,,
acct_fc5a385ef0,cust_f551a70aa6,State Bank of India,savings,28122.57,,,
acct_1bd40e74da,cust_d07910f629,Bank of Baroda,savings,34760.52,,,
acct_585c288df8,cust_103f18a017,Punjab National Bank,savings,21248.52,,,
acct_a960036ba9,cust_59d3b349ae,State Bank of India,savings,11408.25,,,
acct_b3360ab314,cust_daca843b41,HDFC Bank,savings,23745.11,,,
acct_adf4f7f5b3,cust_0e3682c3c8,Axis Bank,savings,18062.9,,,
acct_03f3c9d34d,cust_2d2ceee62c,ICICI Bank,savings,23016.29,,,
acct_43ecac2767,cust_22688722b9,Bank of Baroda,savings,21551.51,,,
acct_751b598d49,cust_a2859f9596,Axis Bank,savings,41578.24,,,
acct_a027fae58f,cust_051db319a9,State Bank of India,savings,42425.08,,,
acct_8d3ba99564,cust_7e4ee2ff54,State Bank of India,savings,22271.6,,,
acct_23b7cd4152,cust_ddcd132627,Axis Bank,savings,10953.32,,,
acct_4a937a5e22,cust_35b19a88c5,Axis Bank,savings,19646.39,,,
acct_2f72bb555a,cust_f522f0f575,Punjab National Bank,savings,23375.45,,,
acct_0483cc08e6,cust_b3e877d63f,Axis Bank,savings,8141.11,,,
acct_a0b42e0852,cust_e7ade88e12,State Bank of India,savings,46211.58,,,
acct_19a94bce21,cust_01cc2795fb,State Bank of India,savings,48657.45,,,
acct_337507ca65,cust_094c94f2c8,Axis Bank,savings,21541.75,,,
acct_efad0fa78e,cust_56f9ff5030,HDFC Bank,savings,47223.29,,,
acct_e5daa549b6,cust_063354aa75,Bank of Baroda,savings,20623.82,,,
acct_ce6d22cdf3,cust_198599ba47,Axis Bank,savings,26501.23,,,
acct_1ee5b2231d,cust_f85c491719,State Bank of India,savings,16287.58,,,
acct_98e7921bcf,cust_86575260f1,Bank of Baroda,savings,16463.85,,,
acct_a2f11d9b6f,cust_ca85179b74,State Bank of India,savings,3011.45,,,
acct_fefc21baa2,cust_32fd5ba5d1,Bank of Baroda,savings,33331.76,,,
acct_6b285ab078,cust_d0d19513c8,Bank of Baroda,savings,3736.27,,,
acct_cbfe7253b0,cust_8c73974ec8,Axis Bank,savings,25875.75,,,
acct_9effb5fbaa,cust_f795691a2d,Bank of Baroda,savings,24405.86,,,
acct_bc94c8184a,cust_a8eab69678,State Bank of India,savings,8027.7,,,
acct_29287d1d5c,cust_9c24549fd9,Axis Bank,savings,23372.08,,,
acct_6445098454,cust_85803b2bc6,Axis Bank,savings,16475.42,,,
acct_97734dc0b7,cust_db61bc5edf,HDFC Bank,savings,43734.63,,,
acct_140aa71026,cust_c04df5035c,Axis Bank,savings,20605.44,,,
acct_e96cd9b4e1,cust_e40a019b0d,Axis Bank,savings,41322.88,,,
acct_af408b11d8,cust_51f4e90676,Bank of Baroda,savings,23715.94,,,
acct_686846c808,cust_31980c3838,HDFC Bank,savings,33645.17,,,
acct_6864e86cc2,cust_d18b1cc0eb,Punjab National Bank,savings,13611.84,,,
acct_90dc49bf46,cust_bcc704349b,State Bank of India,savings,47077.44,,,
acct_07672532d2,cust_7abad74a6e,Punjab National Bank,savings,41408.91,,,
acct_d6f9f90cee,cust_74124da039,HDFC Bank,savings,21190.9,,,
acct_6fc4061c98,cust_ac4d4a6664,ICICI Bank,savings,44497.67,,,
acct_571543669b,cust_a8d23d49cc,HDFC Bank,savings,13422.44,,,
acct_11ff0f1c68,cust_68ad032961,HDFC Bank,savings,41742.28,,,
acct_6a4e31d15b,cust_1468782d7e,State Bank of India,savings,31015.58,,,
acct_4fb82e71c1,cust_d132792550,HDFC Bank,savings,11896.08,,,
acct_4636feb914,cust_97dc82a2bc,Axis Bank,savings,44547.58,,,
acct_9563f0f4ec,cust_347cd08d7a,Bank of Baroda,savings,47933.0,,,
acct_f7ca2483fa,cust_f9f8376f61,Axis Bank,savings,44645.87,,,
acct_435d35d7a1,cust_908a7fbf46,Axis Bank,savings,21587.42,,,
acct_74eb393b8a,cust_2f68772657,Axis Bank,savings,31153.38,,,
acct_f47a352522,cust_eae9bb1e07,HDFC Bank,savings,22771.83,,,
acct_5e886e17fe,cust_81821f7ec7,Axis Bank,savings,45871.74,,,
acct_0d479d931d,cust_440207cd30,HDFC Bank,savings,21479.22,,,
acct_e40c0a2025,cust_48868e3357,ICICI Bank,savings,22913.77,,,
acct_1f55c70bf9,cust_1735a7699a,HDFC Bank,savings,41223.37,,,
acct_c76d5567f7,cust_b3cccd7ad5,HDFC Bank,savings,38837.57,,,
acct_eb4fc74d46,cust_cb4d04b78b,HDFC Bank,savings,34117.8,,,
acct_2580963492,cust_4689055e7a,HDFC Bank,savings,38161.43,,,
acct_e253b471f8,cust_8df65add28,State Bank of India,savings,28724.68,,,
acct_3de7612057,cust_f902fe06bf,Bank of Baroda,savings,45571.38,,,
acct_82eb2eb3f2,cust_09dbfefecd,ICICI Bank,savings,45094.59,,,
acct_efb2db7118,cust_65a699781a,ICICI Bank,savings,48052.81,,,
acct_af5240d6d7,cust_970ca5efc2,HDFC Bank,savings,44164.8,,,
acct_461450c259,cust_e4d5cc2247,ICICI Bank,savings,26136.23,,,
acct_443488111b,cust_2f527ca480,State Bank of India,savings,48110.45,,,
acct_31f1b4e93e,cust_63a4edff37,State Bank of India,savings,44450.42,,,
acct_a454dca2f3,cust_46f0bbdf82,ICICI Bank,savings,5206.84,,,
acct_1c9b124e9f,cust_46ce1eb1d6,Axis Bank,savings,26055.46,,,
acct_e75a06a10e,cust_7c2d0908b3,State Bank of India,savings,25988.05,,,
acct_dd76e7d2a0,cust_f9fef726f5,ICICI Bank,savings,33131.45,,,
acct_1bbe0f8461,cust_085912bef1,HDFC Bank,savings,32134.91,,,
acct_e863eab633,cust_414c94018f,State Bank of India,savings,31051.16,,,
acct_cbe6d8d534,cust_46c1c2302c,Bank of Baroda,savings,29099.41,,,
acct_3dfd961db0,cust_da58669166,Bank of Baroda,savings,38332.85,,,
acct_8d451eb525,cust_3213cc4c66,Punjab National Bank,savings,27812.93,,,
acct_9c2f67a0e3,cust_bfd52ad6c0,HDFC Bank,savings,16880.42,,,
acct_aaa39f97e7,cust_d162629959,Punjab National Bank,savings,40090.2,,,
acct_abd4aa75b0,cust_844ea1b0c3,State Bank of India,savings,29286.27,,,
acct_46d66336bd,cust_e9f5d4fc27,Axis Bank,savings,47311.05,,,
acct_bdae4a8ff4,cust_35d9f01d2f,Bank of Baroda,savings,11726.17,,,
acct_f68571256c,cust_71f808920e,State Bank of India,savings,28984.55,,,
acct_9c3014804a,cust_3f1b71768c,Bank of Baroda,savings,33496.77,,,
acct_553ad67bb3,cust_9fa778be62,ICICI Bank,savings,28134.09,,,
acct_6b9520cad1,cust_28da0b69bb,State Bank of India,savings,10265.0,,,
acct_0ff97cefae,cust_6bfd4da8b8,Punjab National Bank,savings,6920.77,,,
acct_aa3b643a9d,cust_7321a9eaa5,Bank of Baroda,savings,9006.81,,,
acct_64b6f65b30,cust_ef3bab5bcf,Axis Bank,savings,10289.51,,,
acct_8dfec345ac,cust_2eb9db2cd9,Bank of Baroda,savings,46532.57,,,
acct_e196dbb7a1,cust_66a337f06d,Axis Bank,savings,39577.99,,,
acct_5b6d7a5990,cust_ff918ff9fd,State Bank of India,savings,26243.37,,,
acct_6238682a8a,cust_bba6f49e3a,Bank of Baroda,savings,48595.11,,,
acct_610e84b014,cust_23ac276a32,Axis Bank,savings,41908.88,,,
acct_15d0b6f0d6,cust_309c84d504,Axis Bank,savings,37733.86,,,
acct_21960607e5,cust_ca183631ad,ICICI Bank,savings,16796.63,,,
acct_23a31dd60a,cust_bedf0748f4,Punjab National Bank,savings,8515.89,,,
acct_b83c1d2965,cust_df41a5328a,Punjab National Bank,savings,39802.77,,,
acct_de35270b45,cust_205be5c545,Bank of Baroda,savings,41505.21,,,
acct_b78144071c,cust_49e207d7fd,ICICI Bank,savings,14942.87,,,
acct_7bfe7b4f59,cust_585f519651,HDFC Bank,savings,13477.35,,,
acct_ab67c9032e,cust_bbb8920696,Bank of Baroda,savings,20172.36,,,
acct_33678ef53f,cust_2d6b6a82e8,HDFC Bank,savings,28650.25,,,
acct_ea929cd3ac,cust_3260ef4ad6,ICICI Bank,savings,45667.06,,,
acct_5419a78e1b,cust_0398d584a8,ICICI Bank,savings,44443.85,,,
acct_9ab4a1ffb1,cust_0e5f4d6ff2,HDFC Bank,savings,9976.78,,,
acct_1e077c0a74,cust_b3f6217ff4,ICICI Bank,savings,3319.6,,,
acct_88d556e7d0,cust_6860e125ef,HDFC Bank,savings,9787.47,,,
acct_4b43ce2993,cust_c7aee607c7,ICICI Bank,savings,7304.24,,,
acct_7dc3e383ba,cust_6dbd240291,State Bank of India,savings,9995.34,,,
acct_ae4545ec05,cust_c515fc950c,Axis Bank,savings,8141.29,,,
acct_ffe416c978,cust_beadbcf7f3,Axis Bank,savings,21129.55,,,
acct_c3efb09ad5,cust_3801cc460c,State Bank of India,savings,18629.85,,,
acct_f3042eb7f1,cust_6d5ad5d5b0,ICICI Bank,savings,45211.8,,,
acct_11bc8da541,cust_5b8f457bd4,HDFC Bank,savings,8879.24,,,
acct_f97805274f,cust_7e5ec30d2e,Punjab National Bank,savings,39731.34,,,
acct_fa31542122,cust_ccb85b871c,Axis Bank,savings,20796.56,,,
acct_7ec54827ac,cust_d9c66e3c3c,ICICI Bank,savings,4211.78,,,
acct_5b17e22753,cust_d68bae8e68,State Bank of India,savings,46250.2,,,
acct_8f4f5672a1,cust_c3f697dc62,Bank of Baroda,savings,42438.21,,,
acct_ae93b490b1,cust_2895b2bc8b,State Bank of India,savings,20445.31,,,
acct_1cfec49e78,cust_3e8c7a8437,Bank of Baroda,savings,9885.8,,,
acct_5fb87e0855,cust_ccf23fae77,State Bank of India,savings,5409.65,,,
acct_8938a03b52,cust_f4533df002,Bank of Baroda,savings,38358.82,,,
acct_49ecacc3df,cust_251b949915,State Bank of India,savings,6765.08,,,
acct_0ac8fc22a3,cust_92d8eb03bf,Bank of Baroda,savings,48074.61,,,
acct_25b2724330,cust_876cc63c74,State Bank of India,savings,8415.28,,,
acct_1aa4cf19f0,cust_32402d59ce,ICICI Bank,savings,30980.45,,,
acct_b47c62baff,cust_9ce1460c0a,HDFC Bank,savings,39694.28,,,
acct_ad2e73483a,cust_0f8746d3f6,HDFC Bank,savings,26809.6,,,
acct_2858e66652,cust_8b14667221,Axis Bank,savings,12315.28,,,
acct_0a2ff4f119,cust_3da4f0afac,HDFC Bank,savings,39956.1,,,
acct_970e42334a,cust_8ce7a4e46c,State Bank of India,savings,28988.97,,,
acct_0f48b417cc,cust_512cd15e75,Axis Bank,savings,48949.08,,,
acct_53f27ce05f,cust_ad2d4478ca,Axis Bank,savings,30227.43,,,
acct_ec68a087eb,cust_ec3a4e09ac,Bank of Baroda,savings,27600.2,,,
acct_2dc0088833,cust_57618340b2,HDFC Bank,savings,39853.84,,,
acct_0083f79fc1,cust_85a8241fcd,Axis Bank,savings,49870.29,,,
acct_15d7e73676,cust_21f9f0e9ee,Bank of Baroda,savings,47271.83,,,
acct_fda4717e32,cust_d03d467765,HDFC Bank,savings,21980.09,,,
acct_b6f66d8a73,cust_830d5d8563,Punjab National Bank,savings,20427.27,,,
acct_ea458fb2af,cust_f57f2997b2,ICICI Bank,savings,42580.12,,,
acct_403363796c,cust_c59b1afbc5,State Bank of India,savings,14297.76,,,
acct_a85a6f0fe4,cust_5e3847a8db,HDFC Bank,savings,20757.52,,,
acct_0a83c39fe7,cust_c5eb5e235c,Punjab National Bank,savings,30720.18,,,
acct_0efcb714d6,cust_a575d82155,Punjab National Bank,savings,35551.01,,,
acct_7a884a77e0,cust_650b4e93e6,Axis Bank,savings,37346.08,,,
acct_92d317a00d,cust_1ad84941a4,Bank of Baroda,savings,4156.29,,,
acct_af007a4a8a,cust_a477bc4729,Bank of Baroda,savings,33632.3,,,
acct_784ef17e1f,cust_dffaa6755b,Axis Bank,savings,41750.32,,,
acct_18bb5ea929,cust_fb33c60bc7,HDFC Bank,savings,28838.03,,,
acct_cb2937e6e6,cust_ab1b022094,ICICI Bank,savings,39723.76,,,
acct_7ade464f31,cust_558047358d,Axis Bank,savings,23576.75,,,
acct_a531c99bad,cust_f9bac887d8,Axis Bank,savings,6240.24,,,
acct_fc0316a14d,cust_25fb7b19d2,Punjab National Bank,savings,48227.68,,,
acct_a4ffdb544b,cust_06b84f0ca7,State Bank of India,savings,45316.56,,,
acct_096fbe38fe,cust_749c3231b4,HDFC Bank,savings,14497.71,,,
acct_667f92135c,cust_1d23df45cf,HDFC Bank,savings,20235.7,,,
acct_49aa64a06a,cust_6f666d7282,State Bank of India,savings,46421.33,,,
acct_694f451bf3,cust_4a5f7eb1a5,Bank of Baroda,savings,23079.53,,,
acct_cff7b35786,cust_3df3a27c17,Punjab National Bank,savings,14327.93,,,
acct_e7b55d29ec,cust_da60a5bfd1,State Bank of India,savings,47165.33,,,
acct_2de4bcd717,cust_5e11557124,Bank of Baroda,savings,32368.82,,,
acct_01cb3715f5,cust_1edc9459c9,Bank of Baroda,savings,35787.32,,,
acct_c0fbfd7eaf,cust_f8c8cc8b14,Axis Bank,savings,41509.85,,,
acct_ccd33295b7,cust_fdb6979f1c,State Bank of India,savings,19414.69,,,
acct_ed7ce6f8aa,cust_128916317c,Bank of Baroda,savings,47510.75,,,
acct_a10eef6fd9,cust_46de1dd4b5,State Bank of India,savings,18908.68,,,
acct_f12d4a65be,cust_ef33e456be,Punjab National Bank,savings,26526.12,,,
acct_ae26b8fa2a,cust_4b0163a408,Bank of Baroda,savings,37305.44,,,
acct_21b510c2ae,cust_20a504e894,Punjab National Bank,savings,46033.53,,,
acct_244c2da4d4,cust_d316f58e0a,Bank of Baroda,savings,19477.38,,,
acct_92f97ed948,cust_3ade9b3af8,ICICI Bank,savings,23504.49,,,
acct_d23ac248d9,cust_785cc4c0ca,ICICI Bank,savings,15759.53,,,
acct_8273248197,cust_61785080f0,State Bank of India,savings,28981.44,,,
acct_ac76513033,cust_31cb3ac9d6,HDFC Bank,savings,26870.19,,,
acct_b4e7db8d14,cust_8834c604ca,State Bank of India,savings,16536.69,,,
acct_3260f950f6,cust_261d1d72d6,Punjab National Bank,savings,42790.63,,,
acct_8d8464d513,cust_99062f6b03,ICICI Bank,savings,17104.04,,,
acct_ec91b13755,cust_8c720dae70,Axis Bank,savings,24254.5,,,
acct_261b1f52aa,cust_09b193aa3f,State Bank of India,savings,46555.14,,,
acct_7725e256b1,cust_a719df4e26,State Bank of India,savings,25648.95,,,
acct_c1f920664f,cust_98132dd4d0,ICICI Bank,savings,19471.76,,,
acct_2fb0797ed4,cust_0aaf2f9b04,ICICI Bank,savings,43857.1,,,
acct_bebf810109,cust_dc9787cd2b,State Bank of India,savings,21019.31,,,
acct_aee212bfdf,cust_efaf6379aa,Punjab National Bank,savings,45001.57,,,
acct_58f0340197,cust_c9302142d0,Punjab National Bank,savings,5628.75,,,
acct_05caf05251,cust_50a5856089,HDFC Bank,savings,26142.9,,,
acct_a402be9cbb,cust_a49bea6bc1,Bank of Baroda,savings,7083.87,,,
acct_cdb8b9e14d,cust_c43efc5275,Bank of Baroda,savings,19667.11,,,
acct_abc3a2ffb5,cust_ae962c923e,ICICI Bank,savings,36219.07,,,
acct_c676371163,cust_e547f0b1fb,ICICI Bank,savings,44073.12,,,
acct_e2dcf027fd,cust_b92a8e8847,Bank of Baroda,savings,42739.77,,,
acct_59cf54d67a,cust_0c1a5dbb25,Axis Bank,savings,35641.25,,,
acct_470646189f,cust_2116521bf4,State Bank of India,savings,14408.74,,,
acct_18f2d72271,cust_0862e57df6,Axis Bank,savings,33458.5,,,
acct_0939c3e140,cust_a9c76f6b6d,Axis Bank,savings,15632.59,,,
acct_c112953987,cust_91bdda9b55,Punjab National Bank,savings,28982.59,,,
acct_7ad7b64829,cust_4dbd8f5748,HDFC Bank,savings,14387.85,,,
acct_a31d393910,cust_f603585ea5,Punjab National Bank,savings,33162.23,,,
acct_a096bed48f,cust_e1ca7ab4a2,State Bank of India,savings,45076.15,,,
acct_53b4998095,cust_d013536b69,Axis Bank,savings,8353.54,,,
acct_9f5e6fd8ed,cust_e002f0ae43,ICICI Bank,savings,40154.71,,,
acct_24f508cf27,cust_2c7a4be036,HDFC Bank,savings,38266.32,,,
acct_826a2582c9,cust_1cee6f5cdf,State Bank of India,savings,5384.57,,,
acct_2b0312c768,cust_23808b28f4,ICICI Bank,savings,29145.68,,,
acct_b5c502be9d,cust_2db897d330,HDFC Bank,savings,17984.53,,,
acct_85fd575c0c,cust_f40dcdcb21,State Bank of India,savings,37070.73,,,
acct_47294a132d,cust_6957a94c89,HDFC Bank,savings,41770.91,,,
acct_38f4c1c730,cust_475cf92b83,Bank of Baroda,savings,6281.29,,,
acct_d267ff010e,cust_91f06c9d31,HDFC Bank,savings,42321.09,,,
acct_5d17e62e70,cust_530bd8c241,Axis Bank,savings,22516.06,,,
acct_118551534c,cust_71ef6b6860,Punjab National Bank,savings,18482.83,,,
acct_9f54823493,cust_17d16fda9f,HDFC Bank,savings,20387.64,,,
acct_d771a75d11,cust_baab61994f,HDFC Bank,savings,10777.87,,,
acct_39df3cbda0,cust_b84972d319,Bank of Baroda,savings,8050.86,,,
acct_4f22b8d756,cust_4d3ffce3c2,HDFC Bank,savings,31918.96,,,
acct_e707ba30c4,cust_f6d2e51dde,Axis Bank,savings,35623.97,,,
acct_3dd35e42e9,cust_bdfb75f924,Bank of Baroda,savings,35885.73,,,
acct_440d37b297,cust_24d4b1d2b1,Punjab National Bank,savings,31194.68,,,
acct_baad7ca04a,cust_1c96937dc2,Axis Bank,savings,38715.77,,,
acct_411f91e06b,cust_1122ecc1cf,ICICI Bank,savings,29383.94,,,
acct_bf13fd821a,cust_4f9b3cd815,ICICI Bank,savings,47170.65,,,
acct_3f544ccd7f,cust_7bf04654c5,State Bank of India,savings,29092.66,,,
acct_ea8862354f,cust_f0581a323f,Bank of Baroda,savings,17596.37,,,
acct_ec8c74c042,cust_6d0d34c5a3,Axis Bank,savings,15541.9,,,
acct_7c11757c95,cust_fb1a1995a8,State Bank of India,savings,25265.82,,,
acct_cf2ce27312,cust_d74f0d2a60,HDFC Bank,savings,18746.04,,,
acct_bb0d696213,cust_e9cf3b6d07,Bank of Baroda,savings,26421.17,,,
acct_7308916c01,cust_82d54670a6,Bank of Baroda,savings,30368.67,,,
acct_713ec59c1b,cust_1503f55a1e,HDFC Bank,savings,39221.33,,,
acct_74f22a6ab4,cust_9a42a8dede,Axis Bank,savings,48922.65,,,
acct_114bdc852f,cust_ce4a6f3049,HDFC Bank,savings,48515.66,,,
acct_27f8d7f17e,cust_26c1092dc3,HDFC Bank,savings,16316.58,,,
acct_b5e5d7ae2d,cust_4e37884f59,ICICI Bank,savings,25942.19,,,
acct_ebcd2be626,cust_e27d56797c,Punjab National Bank,savings,49446.72,,,
acct_ce8e1e2c7c,cust_3791718db3,Punjab National Bank,savings,27933.58,,,
acct_98916b5446,cust_05d90e3521,HDFC Bank,savings,16666.16,,,
acct_7328dfd957,cust_d871d4e73a,Bank of Baroda,savings,48630.13,,,
acct_9eaba08499,cust_c58b4789dd,Axis Bank,savings,11194.69,,,
acct_49f1fe11cb,cust_c564a79d68,State Bank of India,savings,17195.33,,,
acct_f1e733329d,cust_71f5691e72,HDFC Bank,savings,11475.16,,,
acct_bebe5338a6,cust_ed77697e76,State Bank of India,savings,28399.9,,,
acct_dc03121642,cust_67079c4dfe,Punjab National Bank,savings,43382.15,,,
acct_a788efb751,cust_e4d26ce17a,State Bank of India,savings,2340.86,,,
acct_79407f92f2,cust_c85a37ffb9,Bank of Baroda,savings,46238.11,,,
acct_a968f0f520,cust_ed2e251dce,Punjab National Bank,savings,21191.68,,,
acct_9ef9c78a2b,cust_952fdfdef9,Axis Bank,savings,38250.95,,,
acct_ce7c00edfd,cust_d1458f1bc5,Bank of Baroda,savings,24495.96,,,
acct_bc1d6a0a2c,cust_a579d0a9a7,Punjab National Bank,savings,24564.3,,,
acct_7bbb4f5012,cust_6c29f97542,Punjab National Bank,savings,12001.66,,,
acct_71626a24be,cust_0c35c67fc4,Axis Bank,savings,40681.05,,,
acct_24c2b32db9,cust_4ef5fbc42f,State Bank of India,savings,24360.86,,,
acct_d61aa95850,cust_40f4354a45,State Bank of India,savings,30323.08,,,
acct_bbef74a53d,cust_da30dabcdc,HDFC Bank,savings,12443.73,,,
acct_8c94203553,cust_07ad7d2d4a,Axis Bank,savings,43722.92,,,
acct_b3844d2229,cust_2568db6f4f,ICICI Bank,savings,11207.98,,,
acct_cfa31f7281,cust_f22dc8f5e6,Axis Bank,savings,44169.38,,,
acct_8fc4f7b485,cust_1df6064ea1,ICICI Bank,savings,14476.38,,,
acct_53004c1ab3,cust_b99b1db77e,Punjab National Bank,savings,22704.99,,,
acct_77bcc263bf,cust_9a40b58020,HDFC Bank,savings,3330.42,,,
acct_cfee32c96f,cust_d77467c325,HDFC Bank,savings,40366.87,,,
acct_69d78aa07f,cust_458ba621ba,HDFC Bank,savings,26402.93,,,
acct_5725d65e66,cust_fd541d6ca3,Bank of Baroda,savings,41265.72,,,
acct_f5ff9f5270,cust_a84a03e13f,HDFC Bank,savings,16478.96,,,
acct_5327121f67,cust_160223114d,Axis Bank,savings,19643.82,,,
acct_0b0749f73a,cust_3949788c41,HDFC Bank,savings,45073.67,,,
acct_a91bab315f,cust_30dfa5316e,Punjab National Bank,savings,20832.61,,,
acct_55c9ab5828,cust_2e7afc154d,Punjab National Bank,savings,21701.91,,,
acct_4ccb7b6553,cust_d88dd8b644,Punjab National Bank,savings,24614.24,,,
acct_840e824c96,cust_ecabed12cd,ICICI Bank,savings,15180.74,,,
acct_de178e480d,cust_0946157024,ICICI Bank,savings,19777.83,,,
acct_cbfcd8830c,cust_186822c024,Axis Bank,savings,29273.89,,,
acct_875680fa5a,cust_b20547f31a,State Bank of India,savings,40911.74,,,
acct_b97ed529fa,cust_dc16a4d3fd,Axis Bank,savings,47232.98,,,
acct_41cd3bdd33,cust_070bb38f19,State Bank of India,savings,20009.52,,,
acct_70d2743357,cust_902cb105db,Bank of Baroda,savings,44549.13,,,
acct_fd445978dc,cust_449f99fe39,Bank of Baroda,savings,47375.58,,,
acct_0d5ca623fe,cust_c27e7d89a5,Bank of Baroda,savings,32643.27,,,
acct_e99e624ad5,cust_f6c6fe2540,State Bank of India,savings,39349.26,,,
acct_ded6676c6b,cust_e1fadd87da,ICICI Bank,savings,19062.52,,,
acct_ff87e04aa5,cust_556626ce96,ICICI Bank,savings,48548.67,,,
acct_b2ed30b077,cust_10290c2719,HDFC Bank,savings,3551.34,,,
acct_37b2758407,cust_3ae5025ab0,ICICI Bank,savings,46966.12,,,
acct_e062342f51,cust_60e59dae4d,ICICI Bank,savings,45295.32,,,
acct_687e4eb30d,cust_9ac1eed86a,ICICI Bank,savings,3127.47,,,
acct_0459b59e66,cust_3b95c47eb8,Bank of Baroda,savings,45787.69,,,
acct_8bc897f998,cust_b8748f3ac1,ICICI Bank,savings,6313.4,,,
acct_1953ec93c9,cust_ee39628735,State Bank of India,savings,36499.59,,,
acct_2572c1c30f,cust_4dfea9e073,Axis Bank,savings,12017.89,,,
acct_45b5c00f35,cust_3d453b9f13,State Bank of India,savings,5591.72,,,
acct_066808ee47,cust_be530a9007,State Bank of India,savings,21953.72,,,
acct_9b6bed138a,cust_15cdc5fc32,State Bank of India,savings,45509.86,,,
acct_a89c053e0a,cust_f333e0117c,Punjab National Bank,savings,33869.0,,,
acct_aeab925784,cust_c558d4fbb2,Axis Bank,savings,10817.36,,,
acct_86d6a41a7f,cust_038f40ac73,ICICI Bank,savings,49152.1,,,
acct_edd5385018,cust_fba914fdd0,Punjab National Bank,savings,13415.1,,,
acct_939e5e82bd,cust_9599199bf9,Bank of Baroda,savings,24339.44,,,
acct_6c64c2479f,cust_424e000ae4,State Bank of India,savings,40343.11,,,
acct_bdb5215e76,cust_734cd831de,Axis Bank,savings,30916.75,,,
acct_06b34c79e7,cust_1b496ac1de,ICICI Bank,savings,14795.91,,,
acct_961c11364d,cust_d330261dc0,ICICI Bank,savings,14935.37,,,
acct_0fef8d14ab,cust_961121c2e6,ICICI Bank,savings,21230.17,,,
acct_8ad7611d9a,cust_75d0792ad7,Punjab National Bank,savings,4887.35,,,
acct_62453fb704,cust_559957a079,Axis Bank,savings,19565.59,,,
acct_8b440cf6f4,cust_9905ccf0af,Punjab National Bank,savings,15295.76,,,
acct_48011be854,cust_e768b9a640,Axis Bank,savings,28081.14,,,
acct_0d2d9173a9,cust_21b5b2b610,HDFC Bank,savings,15331.17,,,
acct_60e9d44f83,cust_dc5fcf42e1,State Bank of India,savings,19149.98,,,
acct_12e208cde6,cust_5d2c491870,Bank of Baroda,savings,31544.1,,,
acct_f785a8e239,cust_12f9025068,Bank of Baroda,savings,14152.84,,,
acct_6c5ba0095b,cust_911ae7ce0e,Axis Bank,savings,44641.51,,,
acct_c7b9575055,cust_37479b37bb,HDFC Bank,savings,23933.4,,,
acct_7d2a5ba0de,cust_6c710bd58b,State Bank of India,savings,12693.22,,,
acct_7c628988b5,cust_3dddf1d865,ICICI Bank,savings,22175.37,,,
acct_f6ac6d1a29,cust_1ef899f162,Punjab National Bank,savings,36591.52,,,
acct_c401f63dfa,cust_590b9bd837,HDFC Bank,savings,19720.71,,,
acct_8ca98b951e,cust_220ede7c12,State Bank of India,savings,28509.77,,,
acct_f4f55cd580,cust_c206943283,Axis Bank,savings,12847.55,,,
acct_e08efc7feb,cust_ef90252a2a,State Bank of India,savings,9702.24,,,
acct_138cc80236,cust_f6b1c845d0,Axis Bank,savings,38934.18,,,
acct_60735cc2aa,cust_f960caadfe,Axis Bank,savings,40091.09,,,
acct_1bc65d66ea,cust_165063206e,Bank of Baroda,savings,29708.45,,,
acct_08e7a0d5f8,cust_e9951f01c6,Bank of Baroda,savings,29763.7,,,
acct_01bbd66ff6,cust_de0967c978,Punjab National Bank,savings,27130.95,,,
acct_f59514a635,cust_a872f03931,ICICI Bank,savings,26593.9,,,
acct_89717b9602,cust_f4b39569e0,Bank of Baroda,savings,26821.98,,,
acct_bf604dc75c,cust_af301f1502,Bank of Baroda,savings,3075.3,,,
acct_f17eb8f84d,cust_f05b3b3062,Bank of Baroda,savings,43897.24,,,
acct_973ddde93b,cust_4a31f59895,Axis Bank,savings,5930.06,,,
acct_7acab76c90,cust_d7af03ce0f,State Bank of India,savings,5021.22,,,
acct_7f8b546a52,cust_11b3f2f63c,HDFC Bank,savings,27552.02,,,
acct_41bfaed68b,cust_989789ab21,Axis Bank,savings,9451.16,,,
acct_b6c54a6cc1,cust_eb45ef1749,Bank of Baroda,savings,40689.21,,,
acct_0f1aebd70a,cust_901540799e,Axis Bank,savings,28871.93,,,
acct_d172f87f68,cust_a85000b109,HDFC Bank,savings,47265.72,,,
acct_d73d8c2264,cust_6ed851669a,Bank of Baroda,savings,10895.7,,,
acct_abd4ad78c1,cust_17735d4bf9,Punjab National Bank,savings,46430.42,,,
acct_20a23e91c8,cust_459bb741f6,ICICI Bank,savings,49744.34,,,
acct_6cec059398,cust_c2e29c97de,HDFC Bank,savings,11840.56,,,
acct_bdca79b288,cust_ec3ef8d464,HDFC Bank,savings,26273.88,,,
acct_42b0677cc0,cust_53323e95a9,HDFC Bank,savings,24548.62,,,
acct_cce8a6e874,cust_d1c60520d3,State Bank of India,savings,7694.74,,,
acct_81a315348d,cust_a7e6abce11,HDFC Bank,savings,40457.72,,,
acct_5a291693dc,cust_fb9161654c,Bank of Baroda,savings,21607.13,,,
acct_e1705eb9dc,cust_d9e6c40ea3,ICICI Bank,savings,27375.17,,,
acct_ad335d2e11,cust_cc485fca03,HDFC Bank,savings,17903.9,,,
acct_23cec6cc1e,cust_23c1716db2,ICICI Bank,savings,3885.95,,,
acct_22ba851fc9,cust_7eab1e3993,Axis Bank,savings,29517.34,,,
acct_268d532088,cust_331ea6a603,Bank of Baroda,savings,11693.24,,,
acct_91c2c67fd3,cust_25b77c14b8,HDFC Bank,savings,46643.76,,,
acct_6850f84097,cust_421eb70b80,State Bank of India,savings,28748.74,,,
acct_47b970c64d,cust_093069d2bd,HDFC Bank,savings,26205.8,,,
acct_80d815cb6c,cust_4ca836d121,Punjab National Bank,savings,44742.88,,,
acct_66a0987ace,cust_239351bcd8,HDFC Bank,savings,26226.71,,,
acct_be22144d2e,cust_92476f8215,Punjab National Bank,savings,39498.35,,,
acct_5d28e18319,cust_4e6bed592a,State Bank of India,savings,17053.82,,,
acct_5ed9c7be19,cust_af75961fbd,Axis Bank,savings,26746.86,,,
acct_10dbf11941,cust_2bedd3e872,HDFC Bank,savings,42101.13,,,
acct_744c13d814,cust_0681849996,Punjab National Bank,savings,11378.39,,,
acct_3170e02d47,cust_64adbd2f62,Punjab National Bank,savings,30539.81,,,
acct_41fdc27a6f,cust_d7b2b1a6d6,ICICI Bank,savings,40008.58,,,
acct_74bf4aeed6,cust_ae3b0d1698,Punjab National Bank,savings,6294.83,,,
acct_4755e77ad4,cust_3181bf755e,Bank of Baroda,savings,20383.6,,,
acct_64a62e7637,cust_00007c58a5,HDFC Bank,savings,39497.3,,,
acct_1bc0e0f994,cust_a93aa82f23,Bank of Baroda,savings,40568.14,,,
acct_4faf487d90,cust_dd221f4031,ICICI Bank,savings,49522.59,,,
acct_3564e6d340,cust_56a825bd8f,State Bank of India,savings,38661.18,,,
acct_1327fc9aef,cust_1b09298897,Punjab National Bank,savings,40959.82,,,
acct_370e79e1cc,cust_63f43457ac,Punjab National Bank,savings,6509.27,,,
acct_9c9a067c0d,cust_1dcec095aa,Bank of Baroda,savings,20829.76,,,
acct_a89f43fb65,cust_889e9e6d56,State Bank of India,savings,12455.16,,,
acct_5c0ce97107,cust_345b5a1c31,ICICI Bank,savings,4369.62,,,
acct_c7a596f7d8,cust_f6f7a3dccd,HDFC Bank,savings,9928.86,,,
acct_7ed63c4565,cust_f4c73b53cc,ICICI Bank,savings,4748.41,,,
acct_badaa82860,cust_17c3270902,Axis Bank,savings,36806.11,,,
acct_53ca742d1f,cust_dd022dc0b6,State Bank of India,savings,22693.04,,,
acct_7cd4cf4b27,cust_4ff13a0a3f,Axis Bank,savings,23303.85,,,
acct_9946634477,cust_7972a1d521,ICICI Bank,savings,30871.72,,,
acct_8bf66f108d,cust_05b580b837,Punjab National Bank,savings,28436.83,,,
acct_038017f860,cust_0090503534,Punjab National Bank,savings,10796.46,,,
acct_3ca8da66bd,cust_b9e83d01fa,Bank of Baroda,savings,33520.96,,,
acct_f5ddd9d78d,cust_4c5a934837,State Bank of India,savings,25454.31,,,
acct_664dafb7dd,cust_01a1d0b1ed,Axis Bank,savings,7547.65,,,
acct_628b34a92d,cust_bc72ac68d0,ICICI Bank,savings,24336.97,,,
acct_bfca7b33b6,cust_bd2dd80d9f,HDFC Bank,savings,5084.46,,,
acct_09df9c267a,cust_a96f952287,Bank of Baroda,savings,37631.73,,,
acct_4ef94fb15d,cust_7117a8a050,State Bank of India,savings,12981.15,,,
acct_676466eff0,cust_89c187320b,Bank of Baroda,savings,46014.65,,,
acct_c5d824e170,cust_d9a49b7b62,Bank of Baroda,savings,21356.4,,,
acct_d2dbafc6de,cust_211320116f,HDFC Bank,savings,18164.85,,,
acct_bce33c8519,cust_71859b1220,State Bank of India,savings,6206.99,,,
acct_60c2946e23,cust_6be766ea54,State Bank of India,savings,22104.06,,,
acct_f90bc7ebbe,cust_56812d272b,Bank of Baroda,savings,15623.48,,,
acct_dadd3b35c1,cust_d97947b3bb,ICICI Bank,savings,32697.39,,,
acct_ecd5965625,cust_0c82cb672b,Bank of Baroda,savings,8915.71,,,
acct_c776be43a9,cust_46bb4fc74b,Punjab National Bank,savings,10481.69,,,
acct_b13efb1f45,cust_904dcbce48,State Bank of India,savings,22828.42,,,
acct_158ccba413,cust_4f83b156c7,Punjab National Bank,savings,36560.11,,,
acct_5ef63b0c5b,cust_b8dc609205,Bank of Baroda,savings,43485.71,,,
acct_b292ec3f9c,cust_b21897b573,Axis Bank,savings,3713.8,,,
acct_f3a76cb504,cust_c6dad1c741,Bank of Baroda,savings,33790.68,,,
acct_a7126a583f,cust_0a511b73c1,ICICI Bank,savings,29551.54,,,
acct_90213e0d5d,cust_1da59f9fbd,HDFC Bank,savings,35957.2,,,
acct_163b91d00e,cust_45f179cdbb,Axis Bank,savings,42928.61,,,
acct_48d190c8c2,cust_01268d2497,State Bank of India,savings,26746.45,,,
acct_b8a7bfdeef,cust_2fc0cfcd67,Axis Bank,savings,30459.68,,,
acct_cc81822849,cust_56d0d83b4d,State Bank of India,savings,12922.87,,,
acct_29c8c9781d,cust_6de4728ce5,State Bank of India,savings,29232.99,,,
acct_061e77ebbf,cust_4a35c3ad88,Axis Bank,savings,3582.16,,,
acct_fb5da77064,cust_973ca69817,State Bank of India,savings,18805.6,,,
acct_1197667938,cust_2e6128829a,State Bank of India,savings,28519.06,,,
acct_e56dcaef5e,cust_d2829c46e6,HDFC Bank,savings,23036.32,,,
acct_d07d2c62ca,cust_a9dd334e24,HDFC Bank,savings,49941.61,,,
acct_606d4376b9,cust_ea82f10886,Axis Bank,savings,20117.76,,,
acct_e6732edd15,cust_43eb7be74a,Bank of Baroda,savings,22114.11,,,
acct_f5fb8f0e4c,cust_69b5c08c06,Axis Bank,savings,43607.11,,,
acct_20ae6492e0,cust_d415af7ad4,Punjab National Bank,savings,44951.76,,,
acct_71e9b590e0,cust_63386aa4f5,Bank of Baroda,savings,9648.13,,,
acct_b1fdf0a995,cust_504b5ca181,State Bank of India,savings,30183.11,,,
acct_c3c73a9646,cust_b492fdba5d,State Bank of India,savings,29284.48,,,
acct_ab8923407f,cust_130f6a4747,Punjab National Bank,savings,9317.42,,,
acct_2500669c6d,cust_75738539c3,Axis Bank,savings,16280.91,,,
acct_71361cbcb0,cust_903687fc46,Punjab National Bank,savings,43473.78,,,
acct_e7c6c076bd,cust_c05ed96f7e,ICICI Bank,savings,47170.74,,,
acct_82f79099d5,cust_893c7692af,ICICI Bank,savings,15615.04,,,
acct_6950160955,cust_3e1ef541dd,HDFC Bank,savings,23664.25,,,
acct_beb3294fd4,cust_0f8347cf75,Bank of Baroda,savings,25284.51,,,
acct_9620f1c297,cust_83509ccc91,ICICI Bank,savings,46917.66,,,
acct_b4f8996d2d,cust_378ad67f3c,Bank of Baroda,savings,29675.14,,,
acct_bad2f9e134,cust_698c10e7da,ICICI Bank,savings,34650.75,,,
acct_50ea725440,cust_5d9ffbcc83,State Bank of India,savings,47491.04,,,
acct_4e64e6dc31,cust_5e5a512734,HDFC Bank,savings,27668.08,,,
acct_a378210324,cust_ca35af25a3,ICICI Bank,savings,9168.6,,,
acct_f49b3c9bd9,cust_8e1cc4a522,Punjab National Bank,savings,35303.2,,,
acct_cf381f18d8,cust_8bcfd8f09a,ICICI Bank,savings,47558.88,,,
acct_e437785dad,cust_fe376b34db,ICICI Bank,savings,38323.7,,,
acct_677a5d172c,cust_2cb651faac,Axis Bank,savings,19811.84,,,
acct_eaca58d8e4,cust_6840febde9,Axis Bank,savings,9772.91,,,
acct_3f36045944,cust_dd1530972d,Axis Bank,savings,48017.1,,,
acct_fd4bddadbc,cust_ac7c1b41f6,Axis Bank,savings,27600.03,,,
acct_525d7da289,cust_f0af1f5f61,Punjab National Bank,savings,13698.05,,,
acct_3444692203,cust_24f3586b9b,Punjab National Bank,savings,8185.52,,,
acct_a3f3b518a5,cust_68adbb785a,ICICI Bank,savings,31473.24,,,
acct_5df94f77ed,cust_44e3881cdd,ICICI Bank,savings,48108.27,,,
acct_facc1261f5,cust_2809ba96f7,Punjab National Bank,savings,49084.89,,,
acct_9fb7377d9a,cust_3b6d4e9b08,Bank of Baroda,savings,2634.15,,,
acct_92cda1c36c,cust_4b80727949,ICICI Bank,savings,37985.58,,,
acct_4687a821ad,cust_34540ce018,ICICI Bank,savings,9824.46,,,
acct_968115685d,cust_456cbec856,ICICI Bank,savings,35216.36,,,
acct_b45c3ed89d,cust_eca179a243,Punjab National Bank,savings,41803.41,,,
acct_142e4160b1,cust_ecd3a1c32f,Bank of Baroda,savings,22681.36,,,
acct_09df6428fd,cust_69a0e9d3d6,Bank of Baroda,savings,31146.32,,,
acct_fe7899c5eb,cust_69baf72f0c,Axis Bank,savings,18826.76,,,
acct_5c0bab888e,cust_9855a6a813,ICICI Bank,savings,25865.97,,,
acct_ad1b62b429,cust_7e490608c6,Axis Bank,savings,2029.14,,,
acct_d94657ce26,cust_5c32296e05,Axis Bank,savings,36377.41,,,
acct_2a12a2379e,cust_d06c4ae834,Axis Bank,savings,16582.89,,,
acct_50ae1bae4e,cust_36f19be57d,Axis Bank,savings,5383.62,,,
acct_500b20dc99,cust_dd5a17bcd5,Axis Bank,savings,25250.93,,,
acct_e7a8030c8b,cust_732e8bcca3,Punjab National Bank,savings,30617.75,,,
acct_18fa506d26,cust_899d9f2ba9,Punjab National Bank,savings,43914.51,,,
acct_53ef1b4797,cust_aca1795e20,HDFC Bank,savings,41991.57,,,
acct_bf207bbcf1,cust_9cc7ed7fd0,Punjab National Bank,savings,7249.22,,,
acct_cb2732fd31,cust_17cf0c5be3,HDFC Bank,savings,11419.87,,,
acct_1f7e1eeda8,cust_924254063c,HDFC Bank,savings,19267.71,,,
acct_d50c373670,cust_7c4332a884,Axis Bank,savings,42148.19,,,
acct_37a335b9d1,cust_8b45a35feb,Bank of Baroda,savings,48872.21,,,
acct_13cbb00136,cust_24a6f3d260,Bank of Baroda,savings,12652.88,,,
acct_1e60328167,cust_bcda7b9a28,Axis Bank,savings,45067.81,,,
acct_14f2af619c,cust_8a7c9ac49f,State Bank of India,savings,19941.87,,,
acct_0db55026ee,cust_70d74e4a78,Axis Bank,savings,31184.84,,,
acct_a4ddaec9d8,cust_f432d866d4,Punjab National Bank,savings,32256.54,,,
acct_49dcb6c7a3,cust_3eabff6bdc,Punjab National Bank,savings,14273.61,,,
acct_71a2e4ad93,cust_b051e64417,HDFC Bank,savings,24686.54,,,
acct_88284ba166,cust_2915759bfc,Punjab National Bank,savings,34005.25,,,
acct_1fe1a7c82d,cust_46e8ef0ebf,Bank of Baroda,savings,30541.59,,,
acct_0737fbf8f3,cust_2525caf42a,State Bank of India,savings,34125.62,,,
acct_97bb7332c9,cust_9704f04cb2,State Bank of India,savings,44876.46,,,
acct_c197e2849f,cust_877afb3696,Bank of Baroda,savings,31979.67,,,
acct_f2b8646560,cust_d36082060e,Axis Bank,savings,5827.47,,,
acct_b74b033406,cust_41c4a072be,Bank of Baroda,savings,30857.56,,,
acct_fe01dbde97,cust_b1d9c67893,Punjab National Bank,savings,9253.24,,,
acct_f9a98dbe1d,cust_dbb5f67e2a,State Bank of India,savings,41546.1,,,
acct_b76ddfcfc3,cust_d7f56dea78,Punjab National Bank,savings,48167.92,,,
acct_6a831ee84c,cust_487e9f2af5,ICICI Bank,savings,18133.3,,,
acct_71c330cc74,cust_514df23982,Punjab National Bank,savings,5527.38,,,
acct_a92f98cb60,cust_4d266b530d,Bank of Baroda,savings,15945.8,,,
acct_8156966c9c,cust_06156336ee,Bank of Baroda,savings,3746.06,,,
acct_1c929b871b,cust_750b6bce11,Bank of Baroda,savings,22024.14,,,
acct_d3c76d6f48,cust_55c5659dda,ICICI Bank,savings,15359.27,,,
acct_588e6eadef,cust_c1aefcb2d4,Punjab National Bank,savings,22734.43,,,
acct_6ee8589d82,cust_2692e98499,ICICI Bank,savings,19023.42,,,
acct_39fde982a3,cust_d26c01a0fc,HDFC Bank,savings,23337.39,,,
acct_4035fd7cf4,cust_1acf272f63,State Bank of India,savings,47967.3,,,
acct_1cb1f44fc7,cust_1d635df19e,Axis Bank,savings,14296.96,,,
acct_660834880a,cust_c8226b9725,Punjab National Bank,savings,18016.95,,,
acct_7830114015,cust_1ac58abbe2,ICICI Bank,savings,35312.96,,,
acct_c4f34723b8,cust_b4f925a568,Bank of Baroda,savings,34402.75,,,
acct_0493007a94,cust_18bd368fdb,Punjab National Bank,savings,16369.67,,,
acct_1e87493790,cust_6216ee1ac7,State Bank of India,savings,40634.88,,,
acct_1c36b5695d,cust_da2c944711,Punjab National Bank,savings,43594.43,,,
acct_7b043ff63a,cust_4f510d8b68,Punjab National Bank,savings,26457.58,,,
acct_1563cca68f,cust_516b2d8010,Bank of Baroda,savings,18223.56,,,
acct_ed99676966,cust_8ce3334116,Axis Bank,savings,30742.61,,,
acct_2a1e674d67,cust_696281b9ed,HDFC Bank,savings,33410.98,,,
acct_08354f21d1,cust_25ad698a9e,Axis Bank,savings,14617.54,,,
acct_38ee73ae47,cust_ae30b529bf,ICICI Bank,savings,37535.53,,,
acct_d60777a5b1,cust_4b057019e8,ICICI Bank,savings,39763.76,,,
acct_5073066472,cust_2cad50cbeb,HDFC Bank,savings,48451.75,,,
acct_499cb66d47,cust_752540f126,Axis Bank,savings,27731.28,,,
acct_474dd7bf08,cust_3a7e1120cf,HDFC Bank,savings,29491.77,,,
acct_ac578d3629,cust_713c5a36f4,ICICI Bank,savings,21421.29,,,
acct_4837d9cb7b,cust_41774981be,ICICI Bank,savings,31947.86,,,
acct_c42b0c8e9e,cust_feb4a45031,State Bank of India,savings,12011.39,,,
acct_9d6e01a5bd,cust_983fd29bd9,Axis Bank,savings,38414.61,,,
acct_bb321e9e90,cust_2649fa33d8,Axis Bank,savings,18622.53,,,
acct_8676896b28,cust_8fc2372c26,State Bank of India,savings,29277.18,,,
acct_dac7401dab,cust_6cf78e7142,Bank of Baroda,savings,19933.31,,,
acct_0efce072c1,cust_cc68af355b,Punjab National Bank,savings,8748.02,,,
acct_6302a61afe,cust_85ecaf8386,ICICI Bank,savings,17948.6,,,
acct_296b78522f,cust_74a5202960,HDFC Bank,savings,15774.59,,,
acct_228b55df03,cust_4ef92f72ce,ICICI Bank,savings,26078.62,,,
acct_982d3e2ba7,cust_a89a5503e5,Punjab National Bank,savings,38131.11,,,
acct_4420aabc2b,cust_a02a7ebe33,ICICI Bank,savings,46511.26,,,
acct_8b42a1f6e1,cust_c3ba40bfbc,State Bank of India,savings,18367.88,,,
acct_24be111a6e,cust_defd2168c0,ICICI Bank,savings,3490.61,,,
acct_d638c47415,cust_6d06964c5c,Bank of Baroda,savings,36016.94,,,
acct_3b9a7aae7d,cust_182fc95161,State Bank of India,savings,8559.15,,,
acct_7344d05266,cust_fd40289356,HDFC Bank,savings,22414.07,,,
acct_0ce63732e0,cust_fa09ceb2ae,Axis Bank,savings,43075.81,,,
acct_b4247003ef,cust_4749e78d8f,ICICI Bank,savings,19271.95,,,
acct_019a6747e0,cust_f8345557f1,State Bank of India,savings,24071.39,,,
acct_210479a088,cust_aac6865d0c,Punjab National Bank,savings,35641.8,,,
acct_e78a452e1c,cust_f0fbb0034e,HDFC Bank,savings,6157.66,,,
acct_313e1352d6,cust_70a9cb2b24,ICICI Bank,savings,47279.95,,,
acct_9ba556ebb9,cust_204925be52,Punjab National Bank,savings,21980.46,,,
acct_f719ce708d,cust_d2614142f8,Bank of Baroda,savings,43343.03,,,
acct_18ceaa13e0,cust_17828a744c,HDFC Bank,savings,20383.74,,,
acct_dce4ea4308,cust_b657b2daba,ICICI Bank,savings,46822.22,,,
acct_1e675195a5,cust_1c11e806f8,HDFC Bank,savings,11124.89,,,
acct_9155fc4ee5,cust_58a2d26957,Axis Bank,savings,33420.97,,,
acct_c672a613a3,cust_4d3c66175c,HDFC Bank,savings,24207.8,,,
acct_e18e2a1e65,cust_3feb62246d,State Bank of India,savings,38768.86,,,
acct_a556df3f9f,cust_3882b8f6c1,ICICI Bank,savings,19345.26,,,
acct_da92f0666d,cust_2f7dad858a,ICICI Bank,savings,46648.39,,,
acct_469234d9d5,cust_6043a26129,Axis Bank,savings,27495.19,,,
acct_1aff9ff1eb,cust_17ff692beb,ICICI Bank,savings,35183.02,,,
acct_b720c6dd71,cust_fca20fdc0c,HDFC Bank,savings,35723.7,,,
acct_9894fa191d,cust_c70927b5ad,State Bank of India,savings,47988.69,,,
acct_1ccabb53ea,cust_f189d4f7a6,Punjab National Bank,savings,39653.44,,,
acct_ca6b3581c1,cust_f8180188b0,Punjab National Bank,savings,47138.41,,,
acct_109daad324,cust_f3e7c0635a,Axis Bank,savings,19602.16,,,
acct_22a9954e36,cust_9e0de2db2c,State Bank of India,savings,39309.44,,,
acct_af26e50657,cust_3ae77b74a1,ICICI Bank,savings,18628.86,,,
acct_1bac4b0f0f,cust_e244f31d36,ICICI Bank,savings,48270.42,,,
acct_54a51b0ee8,cust_ababcca56d,HDFC Bank,savings,29801.88,,,
acct_c713b6b446,cust_73e4489641,ICICI Bank,savings,49285.32,,,
acct_cd3afc6822,cust_8aafd97582,State Bank of India,savings,45206.07,,,
acct_c212d20478,cust_4edee528d8,Axis Bank,savings,26449.31,,,
acct_097910053d,cust_4a60ffcbb4,Bank of Baroda,savings,37885.19,,,
acct_c55d6f8b53,cust_9006d021a6,Punjab National Bank,savings,13269.65,,,
acct_5820ee7cb2,cust_dc831d8d41,Punjab National Bank,savings,6095.1,,,
acct_3843eec037,cust_dd866f6e6e,ICICI Bank,savings,14799.08,,,
acct_6a7ed3259f,cust_10bad4ea4b,Bank of Baroda,savings,32510.98,,,
acct_aa4f04a272,cust_0a0e6dbe00,Bank of Baroda,savings,29084.69,,,
acct_08fa580b5e,cust_61f2e4fed4,Axis Bank,savings,22514.14,,,
acct_fed6fa7c4c,cust_e809e3d641,Bank of Baroda,savings,5996.37,,,
acct_410d488204,cust_94028cf219,HDFC Bank,savings,41582.98,,,
acct_4f8437b949,cust_88edb5c51a,HDFC Bank,savings,42199.3,,,
acct_2981774399,cust_0e92a952f4,Axis Bank,savings,9724.46,,,
acct_3a1d5cfb19,cust_17151215be,Axis Bank,savings,34629.34,,,
acct_5d948813ea,cust_90cd855b9e,Bank of Baroda,savings,21755.05,,,
acct_457a409890,cust_3b9bd07942,ICICI Bank,savings,37741.22,,,
acct_7869e004a0,cust_8949dfe131,State Bank of India,savings,30609.53,,,
acct_3e56e6b9bd,cust_fad5af2f62,HDFC Bank,savings,49893.48,,,
acct_57d4d30d96,cust_04580c905f,Punjab National Bank,savings,32246.6,,,
acct_1f7fa82c41,cust_502464b232,ICICI Bank,savings,30881.86,,,
acct_6e2e3ac585,cust_fa5a9a4b18,Axis Bank,savings,48528.15,,,
acct_916055e22a,cust_7910e006d6,ICICI Bank,savings,15909.28,,,
acct_7b68152791,cust_432893ec99,ICICI Bank,savings,26831.78,,,
acct_945796b64f,cust_1e859d24ed,ICICI Bank,savings,8257.9,,,
acct_6868b92c8f,cust_260564bd75,Bank of Baroda,savings,13628.81,,,
acct_7834af3564,cust_782c76034b,ICICI Bank,savings,40775.96,,,
acct_45585a9b37,cust_d7e6e41486,Punjab National Bank,savings,13612.44,,,
acct_f329fe67ef,cust_6bdc0eabaf,HDFC Bank,savings,9066.59,,,
acct_6d9f6101aa,cust_1c9e22e7f1,HDFC Bank,savings,38471.23,,,
acct_bf3c6b38bc,cust_c5aff9df66,ICICI Bank,savings,32711.29,,,
acct_99aa52ce1c,cust_a29135935a,ICICI Bank,savings,32091.2,,,
acct_03440ac3ea,cust_402d7063cd,HDFC Bank,savings,35807.06,,,
acct_8e37f54074,cust_73f29de229,Bank of Baroda,savings,12692.03,,,
acct_fde45b4135,cust_42f0346c6a,Punjab National Bank,savings,18132.07,,,
acct_a8f9fe6cf6,cust_78a692d2ac,State Bank of India,savings,25995.69,,,
acct_d19f19b45d,cust_a9476d5609,State Bank of India,savings,7113.11,,,
acct_ededb30f82,cust_3947d6adaf,ICICI Bank,savings,15644.28,,,
acct_c87d8fca29,cust_5e853f3187,ICICI Bank,savings,47967.3,,,
acct_d67b47ddf8,cust_640cc2318f,Bank of Baroda,savings,43326.74,,,
acct_ad7d5ac04c,cust_846c7a9b3d,ICICI Bank,savings,41668.03,,,
acct_01b7607d4c,cust_692e67837f,State Bank of India,savings,7905.64,,,
acct_8bab37581b,cust_4dd9eaa8d8,Punjab National Bank,savings,36444.57,,,
acct_8a133ede54,cust_c092457796,ICICI Bank,savings,19973.6,,,
acct_52d3804ca6,cust_f63c8ccafe,ICICI Bank,savings,25936.1,,,
acct_63c7f0dfa4,cust_5047e058ee,HDFC Bank,savings,37997.3,,,
acct_5bc18b59a3,cust_b04650d956,ICICI Bank,savings,18296.11,,,
acct_451e466fb1,cust_0f32373c2d,Bank of Baroda,savings,16466.56,,,
acct_e59b0c44b1,cust_2be8f79bcf,Bank of Baroda,savings,3761.32,,,
acct_22233fabe2,cust_99d25b0bcb,ICICI Bank,savings,5062.84,,,
acct_0004631216,cust_22165d32f1,Punjab National Bank,savings,40892.21,,,
acct_6ea3eb0df6,cust_bc7cbc318b,HDFC Bank,savings,38330.2,,,
acct_7cc56f320c,cust_c7c1541fc6,Punjab National Bank,savings,41699.94,,,
acct_8b42d230a0,cust_495cdedd2c,ICICI Bank,savings,4817.25,,,
acct_2c51c3a523,cust_6fd6906cec,Bank of Baroda,savings,4518.52,,,
acct_8ec7a24664,cust_0b64235d94,Axis Bank,savings,15117.34,,,
acct_0496f2d391,cust_284600387d,ICICI Bank,savings,27874.56,,,
acct_d8afbd83c3,cust_d32d3dff0c,State Bank of India,savings,48491.47,,,
acct_62c01e495f,cust_6514265d14,HDFC Bank,savings,7576.11,,,
acct_54fd05dca8,cust_1ee3df0c98,Punjab National Bank,savings,27222.47,,,
acct_751e4361d6,cust_7a92762a75,State Bank of India,savings,19880.46,,,
acct_039c6c4b73,cust_9661578326,Bank of Baroda,savings,6665.38,,,
acct_db263b14c6,cust_171bfde125,Axis Bank,savings,39087.77,,,
acct_c66ff6b021,cust_fdf3dcde57,HDFC Bank,savings,36795.26,,,
acct_9c1aafe05c,cust_e6901fc36c,Punjab National Bank,savings,39972.65,,,
acct_a7ea6a9ff4,cust_231d34bcea,Punjab National Bank,savings,15970.97,,,
acct_911d05816d,cust_b133ba9629,ICICI Bank,savings,15550.23,,,
acct_9da588f092,cust_e639199fe2,Bank of Baroda,savings,8875.26,,,
acct_0aa446bd0d,cust_1f94a1f618,Punjab National Bank,savings,35393.04,,,
acct_d1362d08fb,cust_32882b95a2,Axis Bank,savings,42447.97,,,
acct_5805e0f526,cust_84c49016f3,HDFC Bank,savings,12865.73,,,
acct_bfa1bdf21d,cust_f3dda080b9,State Bank of India,savings,39956.36,,,
acct_dc189c159c,cust_d88e10c8e1,ICICI Bank,savings,45642.54,,,
acct_b960a34a74,cust_abf281cd05,Axis Bank,savings,32097.82,,,
acct_ad5640666c,cust_8cdbb259ef,Punjab National Bank,savings,37489.96,,,
acct_4c4af6eb00,cust_f85a4d6165,Axis Bank,savings,2426.6,,,
acct_d7071655a5,cust_6879a76e2a,Axis Bank,savings,16841.91,,,
acct_d3bd9c9077,cust_c837a6a531,Punjab National Bank,savings,13802.33,,,
acct_41e76591b8,cust_6ea54ac1f9,Bank of Baroda,savings,40419.86,,,
acct_e2f7ea1747,cust_aeb1974623,ICICI Bank,savings,13406.14,,,
acct_cbe0698efa,cust_df22eee3af,HDFC Bank,savings,16425.61,,,
acct_940204c298,cust_ecde6a6fe6,ICICI Bank,savings,5105.13,,,
acct_3b5d10ab6f,cust_28bb9c5a5c,HDFC Bank,savings,47833.28,,,
acct_88135c9349,cust_9f9bc19ffd,ICICI Bank,savings,40262.36,,,
acct_508d3b9b74,cust_a7f81fe9d3,ICICI Bank,savings,11041.26,,,
acct_d0155210a6,cust_892951da82,ICICI Bank,savings,12244.49,,,
acct_1dd2d20733,cust_cb99a0654d,Punjab National Bank,savings,43837.65,,,
acct_657ab94449,cust_91fe9df1e8,Bank of Baroda,savings,36989.79,,,
acct_ee86b51001,cust_3163b77e62,Punjab National Bank,savings,49510.26,,,
acct_8e5abbfb9a,cust_5a19a4f861,Axis Bank,savings,39374.67,,,
acct_30f6743c6b,cust_3d76460f83,Bank of Baroda,savings,46606.53,,,
acct_f765b96bcd,cust_2a6136d22f,Bank of Baroda,savings,30741.56,,,
acct_86abeb85d1,cust_135d20a663,Punjab National Bank,savings,6620.15,,,
acct_6e8a80a554,cust_a5123dbf9b,Axis Bank,savings,8724.96,,,
acct_f1fe91a599,cust_51bbdd1114,Axis Bank,savings,12261.02,,,
acct_b81b60cc38,cust_6ab5d3c65f,HDFC Bank,savings,15325.96,,,
acct_fb73e98734,cust_1abcd73366,ICICI Bank,savings,48442.43,,,
acct_9d6e55f485,cust_cba9d11cfb,Axis Bank,savings,4167.94,,,
acct_9e00126dce,cust_da6506b38b,Punjab National Bank,savings,43962.54,,,
acct_4b52058b5c,cust_c65539c58a,HDFC Bank,savings,31647.83,,,
acct_d52ec3fe59,cust_dc72032a6b,State Bank of India,savings,18176.95,,,
acct_ccccbd223c,cust_118944f211,ICICI Bank,savings,47466.01,,,
acct_c99f514dcc,cust_165f662f3e,ICICI Bank,savings,38070.36,,,
acct_a4f8cb1940,cust_1e5d3ee102,Punjab National Bank,savings,11573.23,,,
acct_216d80a937,cust_c3b583c5fc,Axis Bank,savings,5803.77,,,
acct_c1467dfce5,cust_2652d527c6,ICICI Bank,savings,8354.02,,,
acct_6fdc2e484c,cust_63839c1002,Punjab National Bank,savings,26034.56,,,
acct_079bbd1da3,cust_00601adb1f,Punjab National Bank,savings,3781.46,,,
acct_7d43e6f8dc,cust_dfe9fa7aed,ICICI Bank,savings,9605.27,,,
acct_dfb45bd682,cust_1ff4dc7e43,Axis Bank,savings,38369.74,,,
acct_44bf13d35c,cust_3922446070,Axis Bank,savings,29399.59,,,
acct_6e74245883,cust_42823bc81d,HDFC Bank,savings,29966.79,,,
acct_e01d356fd6,cust_20842204d2,Axis Bank,savings,7017.44,,,
acct_d433a96cad,cust_948a78d941,State Bank of India,savings,11629.94,,,
acct_25943c9de3,cust_64ee972dd7,Punjab National Bank,savings,28462.34,,,
acct_ffc487a885,cust_c90d91c5c6,Axis Bank,savings,29401.0,,,
acct_5d71b1c4fa,cust_8108480727,Punjab National Bank,savings,45771.66,,,
acct_a33d2434ad,cust_a9ff3b455f,HDFC Bank,savings,18023.17,,,
acct_c0fc82ba88,cust_191d2fe72a,Axis Bank,savings,2209.64,,,
acct_cd2b752212,cust_88f8340791,ICICI Bank,savings,43917.06,,,
acct_9fff901152,cust_13120f843e,Punjab National Bank,savings,42716.17,,,
acct_d731d6f7ef,cust_f81d0ee525,State Bank of India,savings,23226.0,,,
acct_29ca31e8e6,cust_666be87fb3,ICICI Bank,savings,45317.61,,,
acct_4793c7c426,cust_fcadc0af85,Bank of Baroda,savings,3973.18,,,
acct_76d6905779,cust_5660fcf09a,HDFC Bank,savings,8362.92,,,
acct_f16c5d72d0,cust_da6083fd91,HDFC Bank,savings,37155.03,,,
acct_6e6b9537b9,cust_0bdd3211b4,Axis Bank,savings,13838.57,,,
acct_c527a32eb3,cust_5d3081b386,Bank of Baroda,savings,30755.15,,,
acct_7b9b306251,cust_caa3d5f7c5,Punjab National Bank,savings,13993.09,,,
acct_0515b73004,cust_a1477dbd53,Punjab National Bank,savings,6012.78,,,
acct_a521aa333d,cust_acb3e3b625,HDFC Bank,savings,4103.94,,,
acct_d4943ae538,cust_2d081986e3,HDFC Bank,savings,11839.05,,,
acct_afca2a4496,cust_3e5b19b080,Bank of Baroda,savings,23647.46,,,
acct_600e6890e9,cust_924a24e321,Bank of Baroda,savings,6750.32,,,
acct_e3c039b3c9,cust_160b016e8d,State Bank of India,savings,5845.79,,,
acct_f4f5f57452,cust_0f83c577de,HDFC Bank,savings,23315.8,,,
acct_42497ce2f2,cust_d435075c0d,State Bank of India,savings,45433.92,,,
acct_03157aa419,cust_46daf89f04,Bank of Baroda,savings,41993.59,,,
acct_87b5c05421,cust_12f944d25a,Axis Bank,savings,42510.85,,,
acct_b961ce5bc1,cust_49f39d5c25,State Bank of India,savings,3732.18,,,
acct_c17fa1cade,cust_f67be5ec5f,Bank of Baroda,savings,38152.19,,,
acct_c572f6fd6b,cust_a9c9f832d5,Bank of Baroda,savings,27183.22,,,
acct_c57844eab5,cust_ba5b36d042,HDFC Bank,savings,8060.79,,,
acct_f2531fed02,cust_471531b2d6,HDFC Bank,savings,11585.48,,,
acct_d77e1e2d52,cust_8820b3c577,Punjab National Bank,savings,4378.15,,,
acct_62e1298fd9,cust_fbd1ed8b56,State Bank of India,savings,14844.66,,,
acct_f9547319ef,cust_6fb8d0fdb6,ICICI Bank,savings,20307.44,,,
acct_2489b5e78a,cust_c753a7cebd,Axis Bank,savings,35771.42,,,
acct_41a131b4c6,cust_dc95335a60,Axis Bank,savings,12332.99,,,
acct_b085697b28,cust_84fffd62ce,Bank of Baroda,savings,19835.57,,,
acct_0ae2e9ac01,cust_86a78ed5d4,Axis Bank,savings,37925.37,,,
acct_67f553ef2b,cust_3abfa4cae1,HDFC Bank,savings,43656.32,,,
acct_0e8028c286,cust_b154a8cf7a,Bank of Baroda,savings,27777.02,,,
acct_3cc465e9f5,cust_d69c8adc85,Axis Bank,savings,21518.18,,,
acct_c6e5870490,cust_b3391d2738,State Bank of India,savings,28913.91,,,
acct_c93eebf7a1,cust_f075f898be,Punjab National Bank,savings,47190.14,,,
acct_42903532c9,cust_c3b952afd6,Axis Bank,savings,21426.54,,,
acct_80dc5c19e8,cust_bba994641a,HDFC Bank,savings,44503.13,,,
acct_19e55b6ddc,cust_3deb5b8d9a,State Bank of India,savings,44457.18,,,
acct_2b5434eb84,cust_a8ec9d171e,Bank of Baroda,savings,6407.74,,,
acct_0ba60f18f4,cust_ff7fe81170,Axis Bank,savings,22340.5,,,
acct_19b92760be,cust_f1576300e9,Punjab National Bank,savings,17759.67,,,
acct_63e74033b8,cust_5a9c2b1659,Axis Bank,savings,18315.26,,,
acct_ced4beaedf,cust_1484ad9ad3,Bank of Baroda,savings,47745.57,,,
acct_c031c82320,cust_14cdd568fa,Bank of Baroda,savings,30796.17,,,
acct_f9d9ac25b6,cust_0780f04a21,ICICI Bank,savings,40797.62,,,
acct_f9c02ed386,cust_bcf0e072d0,Bank of Baroda,savings,21487.83,,,
acct_9728323f47,cust_3b18068504,Axis Bank,savings,46650.47,,,
acct_930d5e537e,cust_383faa6131,Punjab National Bank,savings,41561.76,,,
acct_7c788a7df2,cust_aeac490358,State Bank of India,savings,36965.23,,,
acct_a853449b03,cust_298a1d0f73,ICICI Bank,savings,20792.91,,,
acct_831563f17b,cust_02e28f6027,Axis Bank,savings,15850.74,,,
acct_c870ff9eb8,cust_20fc4551ce,State Bank of India,savings,34717.98,,,
acct_f99a47b7d5,cust_dad6675c81,ICICI Bank,savings,22967.12,,,
acct_df72988c52,cust_9b7511d6ca,ICICI Bank,savings,41491.86,,,
acct_93dceb1cc9,cust_5823a5e4db,Punjab National Bank,savings,23020.74,,,
acct_2379b991e3,cust_13e196a0ff,Bank of Baroda,savings,14548.14,,,
acct_1f58731a3e,cust_5107d86d3b,Axis Bank,savings,45765.98,,,
acct_5299eb0cf9,cust_9a39050b0a,ICICI Bank,savings,27067.86,,,
acct_d32894fd7a,cust_a876da90a4,State Bank of India,savings,8296.03,,,
acct_3f6db29e13,cust_4152116cb6,State Bank of India,savings,32978.14,,,
acct_6eaf5f431f,cust_4ccf60906b,State Bank of India,savings,28624.22,,,
acct_45eb4e0f58,cust_7250f2483c,HDFC Bank,savings,42553.19,,,
acct_9106660695,cust_d7a813ab70,Punjab National Bank,savings,46089.84,,,
acct_2290d46091,cust_7cfb86f008,State Bank of India,savings,37531.62,,,
acct_05286c436a,cust_ed5ee1cccf,HDFC Bank,savings,45961.81,,,
acct_15e82bf800,cust_4e729466e2,Punjab National Bank,savings,47230.32,,,
acct_00bc67c465,cust_023a2b548c,Axis Bank,savings,8264.96,,,
acct_e71790ad6d,cust_ba200f0a8c,Bank of Baroda,savings,40890.96,,,
acct_11d35f74bc,cust_0ff78eca5a,Bank of Baroda,savings,5145.51,,,
acct_70ad84252d,cust_ba65b77db9,Punjab National Bank,savings,43360.21,,,
acct_fec1c6ad12,cust_3b02472db7,Bank of Baroda,savings,39870.86,,,
acct_301793dafa,cust_6eb213e726,ICICI Bank,savings,46018.73,,,
acct_e71dfdc5c1,cust_2df658a9e3,Punjab National Bank,savings,32146.41,,,
acct_b18a21eb54,cust_17b40545af,Axis Bank,savings,39638.07,,,
acct_7c2ff335e7,cust_767ff5b431,HDFC Bank,savings,38816.31,,,
acct_162b41b35a,cust_b58c53c966,ICICI Bank,savings,20427.22,,,
acct_b21dac8896,cust_e62b011021,Axis Bank,savings,36443.76,,,
acct_b742082479,cust_335cdece89,State Bank of India,savings,31555.47,,,
acct_da9ac09772,cust_6db6ade9ee,Axis Bank,savings,8498.53,,,
acct_56e7168245,cust_88f405702c,State Bank of India,savings,4284.95,,,
acct_69ee6e3796,cust_79d5af586a,Bank of Baroda,savings,15722.92,,,
acct_cd193f7622,cust_76e1be659f,Punjab National Bank,savings,36439.02,,,
acct_0c24980fb8,cust_81fd44ee57,HDFC Bank,savings,33336.38,,,
acct_7c1d704435,cust_112cb27313,State Bank of India,savings,19096.36,,,
acct_8ef47c3dd2,cust_a7ed52081f,HDFC Bank,savings,32236.43,,,
acct_47b40ce6b3,cust_99a36538c6,ICICI Bank,savings,37028.28,,,
acct_bd772018b7,cust_8de5725ab2,HDFC Bank,savings,8647.55,,,
acct_cd1c26b2e3,cust_860067ca15,Axis Bank,savings,4862.36,,,
acct_c3e1cc5d83,cust_e54213316e,ICICI Bank,savings,27906.79,,,
acct_1fc6d44209,cust_79ee6ed942,HDFC Bank,savings,2628.19,,,
acct_4ec965506d,cust_a456ca9719,HDFC Bank,savings,25374.25,,,
acct_f9ec894f5d,cust_4f671e7419,HDFC Bank,savings,38945.86,,,
acct_0bb8927a3d,cust_682ccfe5ea,Bank of Baroda,savings,44093.69,,,
acct_7cc3a1b20f,cust_eaa28d5bab,HDFC Bank,savings,26344.73,,,
acct_b43a682af7,cust_aa284535b3,Bank of Baroda,savings,27647.9,,,
acct_02e504fef7,cust_893cabb7c8,ICICI Bank,savings,6768.35,,,
acct_474b27b446,cust_ab4c1ab3c9,State Bank of India,savings,40343.33,,,
acct_38af2a9d4b,cust_4f9ca3728b,ICICI Bank,savings,42029.57,,,
acct_fc2b810441,cust_62725dc741,ICICI Bank,savings,23911.25,,,
acct_e97593a138,cust_9cf9ba0609,Bank of Baroda,savings,11564.8,,,
acct_f9a3698d72,cust_ef3a2f1f45,State Bank of India,savings,32935.92,,,
acct_b9ae955c5b,cust_6d35fd1afd,Axis Bank,savings,12096.41,,,
acct_df7687c9d8,cust_cd48c5d754,Bank of Baroda,savings,17305.56,,,
acct_647a2e4ae5,cust_e0134b54fa,HDFC Bank,savings,16966.71,,,
acct_f5a00ed444,cust_3672900ea1,Axis Bank,savings,40917.21,,,
acct_3052f11d67,cust_e3bf130821,Punjab National Bank,savings,20088.91,,,
acct_6be174ebf2,cust_0a135a35c2,Bank of Baroda,savings,49194.99,,,
acct_7f3088c8bc,cust_e3dcc85ec3,ICICI Bank,savings,18365.17,,,
acct_3c861d25d6,cust_fb2ae8d258,Axis Bank,savings,4734.06,,,
acct_ff534b90d7,cust_48fe9e9125,State Bank of India,savings,25227.98,,,
acct_e7b36f6e67,cust_acdc095295,Bank of Baroda,savings,42592.17,,,
acct_5fdfaffcbb,cust_9e0aca5013,HDFC Bank,savings,22165.03,,,
acct_b113d97298,cust_028f5472da,ICICI Bank,savings,38256.99,,,
acct_2677289fd5,cust_f5161eae97,ICICI Bank,savings,32674.17,,,
acct_a862bab171,cust_5e02e03a4b,Bank of Baroda,savings,6323.09,,,
acct_f36fd707f7,cust_2c2af03889,Bank of Baroda,savings,24506.94,,,
acct_61ebb804ee,cust_b02527cace,Bank of Baroda,savings,9683.73,,,
acct_5aeedcd47a,cust_be9c48d8df,Punjab National Bank,savings,46685.17,,,
acct_74f2a7d677,cust_43d70ef6cb,Axis Bank,savings,7184.52,,,
acct_09d0e37e0d,cust_17735b241c,Axis Bank,savings,5371.56,,,
acct_2c18d13ffc,cust_15fef89d2c,ICICI Bank,savings,8260.02,,,
acct_bc3ca874d9,cust_1c4bce0bb2,Bank of Baroda,savings,2305.83,,,
acct_4785bd16db,cust_0fc5fa378b,Punjab National Bank,savings,22693.2,,,
acct_cfb754cc31,cust_a579c6edee,Bank of Baroda,savings,6522.58,,,
acct_665db81a89,cust_2b132eea21,Axis Bank,savings,9985.97,,,
acct_3923bdcd16,cust_f7dd3886b2,Punjab National Bank,savings,41066.98,,,
acct_5283eabe39,cust_662fb76ea7,HDFC Bank,savings,28713.11,,,
acct_43f55beb05,cust_461a357ce5,Axis Bank,savings,49536.85,,,
acct_34e9fcf194,cust_e5ba72dbb5,HDFC Bank,savings,33854.06,,,
acct_8f9e4a5094,cust_d252a24990,HDFC Bank,savings,47000.09,,,
acct_e4c5f6f9b8,cust_3644017dc0,ICICI Bank,savings,27285.93,,,
acct_85922545cd,cust_32ebccbac8,Axis Bank,savings,28466.86,,,
acct_f373649346,cust_cec307b789,Bank of Baroda,savings,4716.8,,,
acct_7d7f62d4b5,cust_a0386708bb,Axis Bank,savings,24072.6,,,
acct_90f1c034d7,cust_80e6e3328b,HDFC Bank,savings,30996.46,,,
acct_838cb09fe1,cust_b17a4a917f,ICICI Bank,savings,42230.83,,,
acct_c17e09aac1,cust_e62ce2d208,Bank of Baroda,savings,32743.39,,,
acct_2bcbfcc6fa,cust_592f3667d5,ICICI Bank,savings,20869.15,,,
acct_4615cc8b9b,cust_97fc55a13e,State Bank of India,savings,17727.69,,,
acct_574dd729b1,cust_0cf21630fa,ICICI Bank,savings,31271.83,,,
acct_361c790d34,cust_0de35ebbb4,HDFC Bank,savings,35379.16,,,
acct_f02251d238,cust_ffb3c15320,Axis Bank,savings,42736.47,,,
acct_f9e05de4c6,cust_c92337157c,Axis Bank,savings,44991.09,,,
acct_6542e89d80,cust_132ba3dc11,ICICI Bank,savings,23885.66,,,
acct_d06dc78a8c,cust_dda9f011bd,Bank of Baroda,savings,3769.29,,,
acct_faf0e88d1a,cust_6505fc4734,Bank of Baroda,savings,22675.47,,,
acct_6d1ed2bc13,cust_e4909d8ea8,HDFC Bank,savings,22284.98,,,
acct_fd36f471a7,cust_54cb5b7179,HDFC Bank,savings,40439.88,,,
acct_17e8e0d272,cust_8d08ef23d1,ICICI Bank,savings,32795.43,,,
acct_6dcfc435bb,cust_5b97aab57e,State Bank of India,savings,28430.78,,,
acct_1e9d99bb67,cust_41351ee789,State Bank of India,savings,4404.12,,,
acct_233304bbc8,cust_7cbeda7ee4,ICICI Bank,savings,25433.58,,,
acct_8decc60aff,cust_e879a15313,State Bank of India,savings,31461.31,,,
acct_131bc832a5,cust_3eee24be29,ICICI Bank,savings,32917.76,,,
acct_3afbe357d9,cust_008b0b8ea4,ICICI Bank,savings,37353.96,,,
acct_511c44faa7,cust_759cba8717,ICICI Bank,savings,14877.34,,,
acct_68a41b3b9f,cust_b9c57ad496,ICICI Bank,savings,33662.09,,,
acct_56f334eb25,cust_0575f9afda,Punjab National Bank,savings,25090.76,,,
acct_2ad1428ab5,cust_13fd0d726c,ICICI Bank,savings,6163.83,,,
acct_f9141d6618,cust_f53f430578,Punjab National Bank,savings,13146.37,,,
acct_673762e132,cust_84e788f3a3,Bank of Baroda,savings,7679.36,,,
acct_6f695b2132,cust_b597d13efd,ICICI Bank,savings,13934.52,,,
acct_cce1ec6de7,cust_c83ff29b45,ICICI Bank,savings,8912.55,,,
acct_d8c989197b,cust_3f3281f511,ICICI Bank,savings,24787.06,,,
acct_ad80f6b7a5,cust_d98cfaee14,HDFC Bank,savings,45442.78,,,
acct_390992b61e,cust_058112be39,Axis Bank,savings,4099.89,,,
acct_807110b12e,cust_57b2a2a6c7,HDFC Bank,savings,36580.2,,,
acct_070e0f7cc9,cust_814f3c35d0,Punjab National Bank,savings,45487.62,,,
acct_923a87eeac,cust_36f34ed2e0,State Bank of India,savings,20989.79,,,
acct_55b11dac82,cust_b7682fccaf,State Bank of India,savings,41796.11,,,
acct_0692c02f33,cust_22500cf55f,Punjab National Bank,savings,44636.29,,,
acct_14b104c1c5,cust_0ad1ff2e5e,Axis Bank,savings,49689.22,,,
acct_67f067988c,cust_c76924de27,Punjab National Bank,savings,9289.17,,,
acct_399350c766,cust_5391a40362,Punjab National Bank,savings,8553.33,,,
acct_577bd179b3,cust_c36eeee3c9,Punjab National Bank,savings,10698.22,,,
acct_5aad6a03f5,cust_4cae60514a,Punjab National Bank,savings,28213.56,,,
acct_a19ce284c3,cust_9fc19c3e5b,ICICI Bank,savings,47108.73,,,
acct_49dd0395b1,cust_b6134835c5,ICICI Bank,savings,17856.05,,,
acct_93a5b467ed,cust_0cc1a2840c,HDFC Bank,savings,27522.6,,,
acct_85da5e5618,cust_9b96d0560c,HDFC Bank,savings,12780.05,,,
acct_95204ef153,cust_3dcce4f303,Punjab National Bank,savings,5639.18,,,
acct_f669f2dd91,cust_9e46707e6d,Axis Bank,savings,18851.3,,,
acct_c3ce5cbd32,cust_7713f026fb,Bank of Baroda,savings,16805.66,,,
acct_1e51c3f732,cust_6947be4731,State Bank of India,savings,26580.1,,,
acct_9314c58cc5,cust_ea96d65106,Punjab National Bank,savings,35123.35,,,
acct_6ef46567fb,cust_0996771bd2,Bank of Baroda,savings,48239.53,,,
acct_9e7ba97f4d,cust_358cf4c9d9,Bank of Baroda,savings,22195.22,,,
acct_9e458c5b7c,cust_14245d515c,ICICI Bank,savings,49615.0,,,
acct_335aa83d6f,cust_9913c8d8ee,State Bank of India,savings,25430.15,,,
acct_162d4e5afe,cust_2f3d335953,ICICI Bank,savings,10700.07,,,
acct_5ea6cb4583,cust_fe6cd368dc,Punjab National Bank,savings,2764.48,,,
acct_b4ea881bf0,cust_6f937ea974,Axis Bank,savings,21359.65,,,
acct_d296c623df,cust_38a0dbf1dc,HDFC Bank,savings,43285.25,,,
acct_cd6ebf3801,cust_ae41bfce2c,ICICI Bank,savings,11300.51,,,
acct_4e0c129b3e,cust_fd700b036b,HDFC Bank,savings,46645.98,,,
acct_302df0046b,cust_4106a6b19e,HDFC Bank,savings,48307.49,,,
acct_7ebd57a785,cust_03d7903d35,ICICI Bank,savings,14277.59,,,
acct_efc3406ff4,cust_4864e3f2cf,Punjab National Bank,savings,18274.43,,,
acct_836cac5703,cust_886c05c4fd,ICICI Bank,savings,9325.91,,,
acct_a83f81bbd1,cust_0cb3375ca7,Axis Bank,savings,17241.97,,,
acct_16d743597a,cust_76124a8ef1,Punjab National Bank,savings,44882.99,,,
acct_9ab728f9d1,cust_3b606b3b71,ICICI Bank,savings,26065.45,,,
acct_aa58a038c3,cust_3e731b90f3,Axis Bank,savings,30707.59,,,
acct_cc0405a819,cust_0f4ae467f3,HDFC Bank,savings,46009.47,,,
acct_9b561f7a40,cust_4b59b682a7,HDFC Bank,savings,33225.0,,,
acct_b4db30e550,cust_2ffd93c40c,State Bank of India,savings,5283.21,,,
acct_e0542305e2,cust_22e220e9c2,Punjab National Bank,savings,11215.47,,,
acct_b7073d4cbb,cust_870ce4af92,State Bank of India,savings,40052.13,,,
acct_51061c1e27,cust_6610064de3,HDFC Bank,savings,37752.47,,,
acct_56755973e4,cust_2edf9b242b,ICICI Bank,savings,29591.0,,,
acct_618a80c96a,cust_13567ea57f,ICICI Bank,savings,45241.41,,,
acct_2a3ae4245b,cust_5a366f7100,Axis Bank,savings,45669.98,,,
acct_4ae258b491,cust_9702d64c09,HDFC Bank,savings,38359.95,,,
acct_42800288dd,cust_8dc3326141,ICICI Bank,savings,7138.4,,,
acct_ab65f9cefa,cust_642c5c0f3e,HDFC Bank,savings,45507.03,,,
acct_df80004c76,cust_d936c57609,Axis Bank,savings,24487.66,,,
acct_b7a4d77255,cust_63333d2a00,Bank of Baroda,savings,14144.32,,,
acct_8bd57c1fc6,cust_09e1c181a4,ICICI Bank,savings,25281.82,,,
acct_21ae97d935,cust_27f54864a0,Punjab National Bank,savings,43682.22,,,
acct_09f3ee8e02,cust_70b1b104b0,ICICI Bank,savings,41680.17,,,
acct_efcaa245e5,cust_8c8cfad164,Punjab National Bank,savings,49393.38,,,
acct_9c44464785,cust_7aa1680fd3,Axis Bank,savings,29447.87,,,
acct_7112c54be9,cust_58418420fc,State Bank of India,savings,40115.06,,,
acct_85d9c30e05,cust_f9e920eab1,Punjab National Bank,savings,41610.72,,,
acct_9847a4afc6,cust_759b46e27b,Axis Bank,savings,31865.62,,,
acct_b540f728c6,cust_bceec65137,HDFC Bank,savings,41652.35,,,
acct_9d4815d40d,cust_9d551bcc51,Axis Bank,savings,21689.58,,,
acct_9a676474ce,cust_6322bab38a,State Bank of India,savings,30896.82,,,
acct_1011cd2619,cust_ea31aab47f,Bank of Baroda,savings,47546.51,,,
acct_0995287938,cust_dac15cbd11,ICICI Bank,savings,20643.68,,,
acct_0b32f54c87,cust_f27a39e4cf,Axis Bank,savings,8009.02,,,
acct_40f9431e69,cust_c8174dd2fd,Punjab National Bank,savings,17728.7,,,
acct_dbda947282,cust_fc2852cb4e,State Bank of India,savings,41060.73,,,
acct_4e67215c46,cust_1357a8f659,HDFC Bank,savings,49698.95,,,
acct_a6c19fbd8b,cust_f119168b1a,Punjab National Bank,savings,27763.71,,,
acct_f80b08da46,cust_29238e84c8,Punjab National Bank,savings,42179.69,,,
acct_c3347dbc85,cust_56796011c3,Axis Bank,savings,13990.26,,,
acct_5dc902353d,cust_6736b928af,HDFC Bank,savings,15620.18,,,
acct_384650862d,cust_ccb140b339,HDFC Bank,savings,5458.32,,,
acct_a61d8b1b73,cust_f3445b492b,State Bank of India,savings,6625.01,,,
acct_d36156befb,cust_fb22701b88,Axis Bank,savings,17687.4,,,
acct_852e66865d,cust_12b54dcdfd,State Bank of India,savings,3892.6,,,
acct_d790217252,cust_23ac3cd1ed,Bank of Baroda,savings,41507.15,,,
acct_eb3cde5e9f,cust_9a448c9fba,ICICI Bank,savings,25867.34,,,
acct_ff390d7715,cust_4b37144248,Bank of Baroda,savings,29046.07,,,
acct_866a66be3c,cust_d3e089158f,Punjab National Bank,savings,41950.77,,,
acct_49e8d35ce0,cust_d78aacd8cd,Axis Bank,savings,5916.07,,,
acct_9d86bdd42d,cust_e6ed8a228f,ICICI Bank,savings,38286.04,,,
acct_a7a14a8c9d,cust_07142f0cf5,State Bank of India,savings,33297.08,,,
acct_6e79ff35e1,cust_4bc3e6f6f6,Punjab National Bank,savings,41024.37,,,
acct_39cc1e4b41,cust_fac27a6a63,ICICI Bank,savings,6258.94,,,
acct_3e4f9a72c4,cust_54cae14c08,Bank of Baroda,savings,37497.06,,,
acct_0de61611de,cust_a2617deb63,Punjab National Bank,savings,5097.67,,,
acct_801bffa5ef,cust_c734d591c8,Punjab National Bank,savings,4275.72,,,
acct_765712e102,cust_edc05b30b4,Axis Bank,savings,24770.89,,,
acct_196994658c,cust_d860d4527c,State Bank of India,savings,25183.68,,,
acct_4be5ed098f,cust_c715da887e,Punjab National Bank,savings,34876.13,,,
acct_f40e7d1e56,cust_78de078b62,Punjab National Bank,savings,28311.82,,,
acct_2520a5b12e,cust_6afdc85a88,Axis Bank,savings,22293.34,,,
acct_a4e2085b34,cust_f7b59d6cab,HDFC Bank,savings,14803.01,,,
acct_2b1b71122b,cust_77d88989fb,Bank of Baroda,savings,28186.43,,,
acct_57e4c313ca,cust_51443d5e6f,Punjab National Bank,savings,49588.93,,,
acct_cf20bcf637,cust_b9b857862d,ICICI Bank,savings,9689.17,,,
acct_545a7447ab,cust_26987df134,ICICI Bank,savings,7915.46,,,
acct_c5ab1ab6d5,cust_9c8c8c063c,Punjab National Bank,savings,41555.7,,,
acct_a751d1acd3,cust_a85b2878a3,HDFC Bank,savings,13831.42,,,
acct_5ec1a5f4c3,cust_f2591e8f76,ICICI Bank,savings,40762.28,,,
acct_635a543543,cust_d6bd07f347,State Bank of India,savings,14918.26,,,
acct_aad706304e,cust_07a8b5cfaa,Bank of Baroda,savings,9936.2,,,
acct_4eccc69f4e,cust_e074e5d898,Axis Bank,savings,10152.76,,,
acct_2b753501c1,cust_d29714d9de,HDFC Bank,savings,7255.66,,,
acct_df48cba01f,cust_5126b86b75,State Bank of India,savings,20472.47,,,
acct_8a6bf9b2fc,cust_b691b8c574,Axis Bank,savings,42981.76,,,
acct_7d428fb778,cust_6aad2097ad,Axis Bank,savings,48439.19,,,
acct_3fd72d6867,cust_eb59ca3fed,Punjab National Bank,savings,49596.54,,,
acct_84f77df90c,cust_9248336d48,HDFC Bank,savings,36374.16,,,
acct_84f557f4ff,cust_462283390b,Axis Bank,savings,6184.88,,,
acct_2af688ee27,cust_bfa7b5ade2,Punjab National Bank,savings,27882.35,,,
acct_5e5a4b62ac,cust_125a212a27,Punjab National Bank,savings,10443.91,,,
acct_eed2224cfc,cust_94caa5dff7,Punjab National Bank,savings,6533.98,,,
acct_625332bf62,cust_7157901544,State Bank of India,savings,2637.57,,,
acct_d0efd207be,cust_2eec62278b,Punjab National Bank,savings,47648.44,,,
acct_0326204bfe,cust_1eb372ba09,Punjab National Bank,savings,2165.84,,,
acct_4c4dfab132,cust_d9338ca6e1,State Bank of India,savings,24046.51,,,
acct_4adb054c64,cust_7721f80436,ICICI Bank,savings,13936.97,,,
acct_44e19126b2,cust_452aa02e95,State Bank of India,savings,9526.18,,,
acct_a9116f449a,cust_9635bdcfe1,Bank of Baroda,savings,6433.47,,,
acct_dee1fb6e97,cust_63c12f2291,Axis Bank,savings,15219.03,,,
acct_9f965fa497,cust_8e58940317,Punjab National Bank,savings,36376.01,,,
acct_6f3ae105c8,cust_b108fa0c31,Bank of Baroda,savings,31334.36,,,
acct_a37e057eac,cust_c824b113a8,State Bank of India,savings,4344.85,,,
acct_b00ecd7819,cust_0ba9fc5318,Punjab National Bank,savings,48530.36,,,
acct_de9cd55116,cust_82850ac27b,State Bank of India,savings,43808.8,,,
acct_b4a185cd8c,cust_244a8360fb,Bank of Baroda,savings,40174.24,,,
acct_829b88932c,cust_9c0cd47f1d,Bank of Baroda,savings,15093.18,,,
acct_49a0f84678,cust_3e30de693b,Punjab National Bank,savings,30569.25,,,
acct_3c180b7dc8,cust_41f5fce70b,ICICI Bank,savings,40110.72,,,
acct_d9bd4c81df,cust_706da024a0,Axis Bank,savings,17820.63,,,
acct_69c0cfe28a,cust_bdc75c275f,Axis Bank,savings,10358.43,,,
acct_ad799c2bc1,cust_af7c81dca2,HDFC Bank,savings,40805.42,,,
acct_79275ef7a6,cust_5da12e97eb,State Bank of India,savings,23811.21,,,
acct_e9a308e767,cust_3fa37efc22,Punjab National Bank,savings,28847.7,,,
acct_84bdce8c65,cust_c9180783a8,State Bank of India,savings,38623.49,,,
acct_bccbf62e3b,cust_bd536352f4,State Bank of India,savings,5901.1,,,
acct_751c3cc055,cust_dbbe3e5bdc,ICICI Bank,savings,44712.39,,,
acct_8942066d14,cust_d41c9e7928,Punjab National Bank,savings,32012.71,,,
acct_acd333a8e4,cust_e7799f1b92,Punjab National Bank,savings,12831.41,,,
acct_f9b1a09801,cust_7dbd19d2c5,State Bank of India,savings,34991.07,,,
acct_6266698d71,cust_a265eea223,State Bank of India,savings,19159.16,,,
acct_7a604fd429,cust_bdf022b5a1,ICICI Bank,savings,6673.4,,,
acct_6b8a4b8d0d,cust_50ac1ef3b5,Bank of Baroda,savings,40242.23,,,
acct_d30c8ab559,cust_a7e0378db4,Axis Bank,savings,11535.73,,,
acct_e04acf7157,cust_d5a7d2b98f,Bank of Baroda,savings,17587.37,,,
acct_ad37f84e1d,cust_2b1cce2eb2,Punjab National Bank,savings,25926.88,,,
acct_77f75b9e58,cust_bafceff135,Bank of Baroda,savings,49246.25,,,
acct_8d62d4a70a,cust_773aba7df3,Punjab National Bank,savings,35529.58,,,
acct_ddd95a5e37,cust_d62653178a,Axis Bank,savings,23977.39,,,
acct_9d6faac2af,cust_5c280d771e,State Bank of India,savings,16179.45,,,
acct_8be7108201,cust_6aceda15bd,ICICI Bank,savings,36996.25,,,
acct_e0595e51b7,cust_5e6c8ca35e,HDFC Bank,savings,42818.71,,,
acct_0e2f6f501b,cust_28c865240a,Bank of Baroda,savings,36765.85,,,
acct_cb8a50f5cd,cust_4f265eaa3e,State Bank of India,savings,24347.86,,,
acct_c629c96083,cust_2c016a5d89,Punjab National Bank,savings,21177.72,,,
acct_28d4049bae,cust_47b18b1db2,Punjab National Bank,savings,14078.29,,,
acct_0e7db6b4bf,cust_e6b1d01433,ICICI Bank,savings,25751.77,,,
acct_527491b678,cust_9e95cb855a,State Bank of India,savings,30271.53,,,
acct_c35fc42fe7,cust_5e9f6e8dbf,HDFC Bank,savings,10842.54,,,
acct_183a16162f,cust_97d1cde1cc,Bank of Baroda,savings,21214.73,,,
acct_360f8ecf45,cust_af0ba4fe42,HDFC Bank,savings,5320.47,,,
acct_570b965fec,cust_1224311bda,State Bank of India,savings,2553.17,,,
acct_e97b57dedd,cust_e2d32263bf,State Bank of India,savings,32611.92,,,
acct_64a9ea789d,cust_7ade13e016,State Bank of India,savings,11389.56,,,
acct_107287286d,cust_c5cc115ad9,Axis Bank,savings,5292.54,,,
acct_0a44a6d03b,cust_0d16f4c7d7,Punjab National Bank,savings,33709.78,,,
acct_cf4811afbb,cust_99729a2f51,HDFC Bank,savings,38981.84,,,
acct_9e68a93e26,cust_72601e54b8,Bank of Baroda,savings,37470.1,,,
acct_07f33ea505,cust_f931a3db20,State Bank of India,savings,45892.78,,,
acct_7dfff4a4ac,cust_2f1f3456ea,Bank of Baroda,savings,7739.18,,,
acct_7c68e364b1,cust_8470fd36f5,State Bank of India,savings,36441.69,,,
acct_4f27722695,cust_603b939585,HDFC Bank,savings,9369.49,,,
acct_dd164d0089,cust_38c711f9df,HDFC Bank,savings,34340.45,,,
acct_c886a3f460,cust_9d135e7cf8,Bank of Baroda,savings,15791.39,,,
acct_7288a0b504,cust_b54217b3c6,ICICI Bank,savings,30849.95,,,
acct_af13e5ac47,cust_b3bbea395c,ICICI Bank,savings,17035.75,,,
acct_e352a399b7,cust_9d77adfd76,ICICI Bank,savings,12009.55,,,
acct_f5a7d40e93,cust_b2944ec717,Punjab National Bank,savings,47899.64,,,
acct_7803449248,cust_69f4b4dbac,Axis Bank,savings,17722.17,,,
acct_6a7f55412b,cust_9dcb7aebc4,Axis Bank,savings,17079.05,,,
acct_a80955f70c,cust_dd0f31c30d,ICICI Bank,savings,21370.21,,,
acct_3b8a51054e,cust_7786f70dc1,ICICI Bank,savings,29244.01,,,
acct_9f99db4282,cust_f39a795ea9,Punjab National Bank,savings,33507.51,,,
acct_11105cbadb,cust_1f9b815f43,HDFC Bank,savings,14824.39,,,
acct_cdeab835a4,cust_fe68e2bb7a,Bank of Baroda,savings,32362.53,,,
acct_2887b79ea4,cust_25a6ba82a3,Punjab National Bank,savings,12922.54,,,
acct_f0ef776840,cust_958ec79eeb,HDFC Bank,savings,40599.73,,,
acct_c322e96cf4,cust_31cdcca45b,ICICI Bank,savings,7468.84,,,
acct_2e24ad65a4,cust_673cbab1df,HDFC Bank,savings,40930.92,,,
acct_d6289adb4e,cust_74eb12c5ca,HDFC Bank,savings,21652.23,,,
acct_9368dc0fd1,cust_3b26a59d0b,Bank of Baroda,savings,35043.89,,,
acct_72d6dc66e1,cust_8a46f4c19b,Axis Bank,savings,22485.91,,,
acct_1b3e3277bb,cust_22c8b4c2e3,Axis Bank,savings,16378.93,,,
acct_56e06bdf1b,cust_904548839a,Bank of Baroda,savings,22107.04,,,
acct_3e3150e715,cust_77147b3075,HDFC Bank,savings,25419.33,,,
acct_f48b885d51,cust_c56512c325,Punjab National Bank,savings,49924.91,,,
acct_00be786ea4,cust_1b7fb56e0a,ICICI Bank,savings,38073.08,,,
acct_1b6db9e298,cust_46c5c24eb7,Bank of Baroda,savings,42733.6,,,
acct_1e9c198f0e,cust_0507634b9d,State Bank of India,savings,25095.39,,,
acct_499f13e7f1,cust_d2d4fc67e5,Punjab National Bank,savings,29901.16,,,
acct_9cae6f5caf,cust_cabe690f0b,State Bank of India,savings,35868.82,,,
acct_b3151992d3,cust_ca67a18978,State Bank of India,savings,35698.45,,,
acct_f04b9e9fdf,cust_229f617f0e,Bank of Baroda,savings,36300.85,,,
acct_881753b59e,cust_b4874074f3,State Bank of India,savings,49740.73,,,
acct_dbf423705d,cust_8fdda44ed7,ICICI Bank,savings,10713.69,,,
acct_8044ab4c4c,cust_1f0dafe1a7,HDFC Bank,savings,16342.3,,,
acct_5e2cadac25,cust_28b9643f05,Punjab National Bank,savings,16680.89,,,
acct_4d10070c07,cust_98efb903b5,Bank of Baroda,savings,17141.48,,,
acct_01d42fb5b3,cust_0e9f787c0b,HDFC Bank,savings,39020.43,,,
acct_371934c7dd,cust_ffdffeef86,HDFC Bank,savings,44268.11,,,
acct_5cc04b8a0e,cust_13c09abd91,Axis Bank,savings,46429.96,,,
acct_59dc25ef30,cust_d7f89ce68a,Punjab National Bank,savings,37681.99,,,
acct_7cbaad72a8,cust_0693d86e2e,Axis Bank,savings,43027.24,,,
acct_1f1e8a6a4e,cust_d94edcecad,Axis Bank,savings,49270.21,,,
acct_91fa802be5,cust_3ef13e87fa,State Bank of India,savings,22682.47,,,
acct_8b81aac101,cust_1b2ec833a4,State Bank of India,savings,30542.71,,,
acct_74de4aede2,cust_93c277c38d,HDFC Bank,savings,47428.79,,,
acct_8d703e00b9,cust_d184e46d26,HDFC Bank,savings,23344.84,,,
acct_9972069ab7,cust_cf24c0dea7,Axis Bank,savings,2042.93,,,
acct_0597b15111,cust_987a1fc2dd,HDFC Bank,savings,5513.84,,,
acct_2b4c337f36,cust_ba04eb840e,Axis Bank,savings,34599.77,,,
acct_720b5f36ac,cust_d0ae0f8b15,HDFC Bank,savings,46654.24,,,
acct_cbcf3df6bb,cust_c5ae01f142,Axis Bank,savings,43057.78,,,
acct_f177c2a96f,cust_56f57d1bb0,Bank of Baroda,savings,10838.55,,,
acct_8222b7ab1c,cust_3f056af669,HDFC Bank,savings,37485.09,,,
acct_c1ee9912db,cust_d35425d585,Punjab National Bank,savings,10240.25,,,
acct_be67d33234,cust_2323aa3306,Axis Bank,savings,9823.58,,,
acct_2ee8483065,cust_f1419477d5,Bank of Baroda,savings,39597.06,,,
acct_4c74b2d232,cust_03e7d4caf8,Punjab National Bank,savings,10690.9,,,
acct_58dcad2260,cust_42c6fd1fae,Punjab National Bank,savings,23023.07,,,
acct_e30bc2886f,cust_a1e33dd9de,ICICI Bank,savings,6750.66,,,
acct_35a76b6ae7,cust_5215587ea6,Axis Bank,savings,23079.56,,,
acct_a1cf616a34,cust_2b552787dc,ICICI Bank,savings,2697.85,,,
acct_872379a8e4,cust_fe44c1c61f,Axis Bank,savings,5681.16,,,
acct_82f8bf17b5,cust_eadd5310bb,Bank of Baroda,savings,32245.81,,,
acct_193214eed6,cust_fb1874482e,State Bank of India,savings,32659.98,,,
acct_31534d998a,cust_1b92b79aca,Punjab National Bank,savings,27785.07,,,
acct_69f469c9db,cust_60c5f23b69,HDFC Bank,savings,17866.04,,,
acct_98b07f3fa3,cust_af6349bfd5,Axis Bank,savings,14270.5,,,
acct_bd26cbf1c4,cust_7d79cfe0cc,Axis Bank,savings,42381.32,,,
acct_4fc9a07bd5,cust_7e2dd4b8fa,Bank of Baroda,savings,49788.6,,,
acct_a50564d798,cust_c4378dd7af,Axis Bank,savings,22615.53,,,
acct_d796596e7a,cust_b2f30d14d6,ICICI Bank,savings,46538.74,,,
acct_b1f229b697,cust_9730935a25,ICICI Bank,savings,29965.76,,,
acct_efa1c8c630,cust_63cd00ccf3,Punjab National Bank,savings,29842.91,,,
acct_0c7c79cef0,cust_2d7652c0a5,Punjab National Bank,savings,41482.74,,,
acct_8fd47ed746,cust_8e046e975b,ICICI Bank,savings,36330.49,,,
acct_44d9433a35,cust_7a31eff433,ICICI Bank,savings,19406.12,,,
acct_51d632f5a0,cust_78ae81804b,Axis Bank,savings,46759.97,,,
acct_c67d9dc859,cust_b3cd051e11,State Bank of India,savings,9338.38,,,
acct_ae634baf7f,cust_1fd289d97c,Bank of Baroda,savings,39313.12,,,
acct_a59b879135,cust_2f45017ef9,Bank of Baroda,savings,20857.71,,,
acct_0085d668f1,cust_03175f707c,Punjab National Bank,savings,9458.93,,,
acct_15442fa037,cust_9121c675fb,ICICI Bank,savings,44510.88,,,
acct_bf5fc790b8,cust_53041f032b,Punjab National Bank,savings,16458.92,,,
acct_5d7174d837,cust_3cc80223d8,Axis Bank,savings,46736.54,,,
acct_1089ab056c,cust_b6a8890dc6,Punjab National Bank,savings,10243.37,,,
acct_54d2159424,cust_cfcfc87777,Axis Bank,savings,22924.34,,,
acct_15c6545e71,cust_8465df9981,Axis Bank,savings,21442.94,,,
acct_70ddd23c7a,cust_b1e3e1fb17,Punjab National Bank,savings,23224.98,,,
acct_35438f91c1,cust_6aa91fa18a,Punjab National Bank,savings,14818.29,,,
acct_8f9c853954,cust_d2d28b5aaa,Punjab National Bank,savings,10938.72,,,
acct_2cc3fe487d,cust_2f84c61953,State Bank of India,savings,16846.58,,,
acct_8074a70c7d,cust_0931102bbc,HDFC Bank,savings,34874.58,,,
acct_80fa94049b,cust_a677cf0976,Bank of Baroda,savings,32710.78,,,
acct_17b5411114,cust_15ba9c801f,Punjab National Bank,savings,12370.77,,,
acct_2b547e309c,cust_89d7c87f67,Bank of Baroda,savings,23865.38,,,
acct_dee5274319,cust_d3a91420e7,Bank of Baroda,savings,13981.79,,,
acct_4b3422a8fe,cust_110ace5114,State Bank of India,savings,43987.61,,,
acct_50402739f4,cust_eef30b09aa,Bank of Baroda,savings,8153.11,,,
acct_6aeed084c4,cust_42b7ad5862,HDFC Bank,savings,41533.06,,,
acct_287e8cd8b5,cust_26e19b81c7,ICICI Bank,savings,13579.9,,,
acct_31afd560a0,cust_b4cd75f87b,ICICI Bank,savings,11997.59,,,
acct_b14b8f181d,cust_c9395fdbf5,Axis Bank,savings,45855.22,,,
acct_73fcd280f1,cust_981a39f50f,HDFC Bank,savings,17477.37,,,
acct_86a8a1f3d8,cust_812081980f,Axis Bank,savings,30011.22,,,
acct_285914c1ed,cust_9df2d07c02,Bank of Baroda,savings,36166.02,,,
acct_0a28047259,cust_ea0d2d26a5,ICICI Bank,savings,43089.3,,,
acct_5d9a03f062,cust_dec1742999,Punjab National Bank,savings,48642.6,,,
acct_803b8c9429,cust_14a4cf531a,ICICI Bank,savings,20692.78,,,
acct_c21a7ccf01,cust_fc48b3ae61,Axis Bank,savings,47525.73,,,
acct_3652553e4d,cust_549b4ec42a,State Bank of India,savings,14100.64,,,
acct_03a9c1ab30,cust_fb39a88faf,Punjab National Bank,savings,26948.91,,,
acct_604964d6ef,cust_9e85ba514a,Punjab National Bank,savings,41747.92,,,
acct_8b395a2e07,cust_261ce0a7cb,State Bank of India,savings,22173.54,,,
acct_2733f0da20,cust_9c25a97936,Axis Bank,savings,31734.18,,,
acct_3673ddce1f,cust_bd9a1269ec,ICICI Bank,savings,27000.88,,,
acct_c92483d2b7,cust_35d28897ba,State Bank of India,savings,36454.24,,,
acct_f7168c0441,cust_329398b85f,Punjab National Bank,savings,38298.49,,,
acct_29c204ee8a,cust_5ec18615fd,State Bank of India,savings,39376.5,,,
acct_af2aa7465e,cust_742f3d71d1,Punjab National Bank,savings,8334.66,,,
acct_c980ce9b8c,cust_4a6e2065ab,State Bank of India,savings,14001.3,,,
acct_b96467f1bd,cust_04f6eefc44,Punjab National Bank,savings,49615.01,,,
acct_78174a2343,cust_dd184d345c,HDFC Bank,savings,45579.38,,,
acct_c8633f7e63,cust_f0baae8206,HDFC Bank,savings,47190.32,,,
acct_0bff80e887,cust_9e00c24a85,ICICI Bank,savings,32677.55,,,
acct_438d45dd47,cust_7c919e8e53,HDFC Bank,savings,41020.21,,,
acct_3d47d27d83,cust_f8c173fc79,State Bank of India,savings,13954.74,,,
acct_bbd4d8bba9,cust_814d795799,Bank of Baroda,savings,32975.37,,,
acct_3289e94a0e,cust_5d1fc356ce,State Bank of India,savings,45073.67,,,
acct_e317503ac7,cust_d875aafa7e,State Bank of India,savings,23695.33,,,
acct_160ae1e477,cust_24b34d378c,Punjab National Bank,savings,40744.99,,,
acct_8d4ae30474,cust_b22179d142,Bank of Baroda,savings,33386.13,,,
acct_af042e695d,cust_4fb1eb28a4,ICICI Bank,savings,47924.57,,,
acct_0c84884c1e,cust_b84ce73da1,State Bank of India,savings,20952.72,,,
acct_250b86e674,cust_2139d1e6f0,HDFC Bank,savings,46917.88,,,
acct_c413f2ad76,cust_c075051d29,Axis Bank,savings,37636.06,,,
acct_b59a5d5a5b,cust_b90f3dc74c,HDFC Bank,savings,33225.65,,,
acct_fd1e188767,cust_a79cdffec5,Punjab National Bank,savings,14573.19,,,
acct_7da8afe385,cust_1d991230ca,Punjab National Bank,savings,46516.46,,,
acct_59f8eb6822,cust_b84df7db46,HDFC Bank,savings,37376.61,,,
acct_532d892265,cust_c5e8457c54,HDFC Bank,savings,7658.56,,,
acct_b993da239a,cust_d1508cbdd1,ICICI Bank,savings,3152.65,,,
acct_132e840203,cust_0afbabf7d8,Bank of Baroda,savings,18669.85,,,
acct_85c3449b27,cust_1527a56646,Axis Bank,savings,21464.85,,,
acct_b86969db80,cust_4e0748d651,Punjab National Bank,savings,27052.66,,,
acct_2cdf888846,cust_544448b4f9,Punjab National Bank,savings,42540.45,,,
acct_906268d4d9,cust_1c92a1f335,Punjab National Bank,savings,44487.54,,,
acct_83f67f5f1d,cust_16953da67e,HDFC Bank,savings,40442.78,,,
acct_425727b851,cust_dbbd6b3b59,Punjab National Bank,savings,15802.77,,,
acct_72f8a7ecc7,cust_e09ba4d6b6,State Bank of India,savings,8118.25,,,
acct_f85c761f67,cust_d995924a19,Bank of Baroda,savings,26141.94,,,
acct_26264ecd30,cust_382db47b58,HDFC Bank,savings,19545.39,,,
acct_1599949ba1,cust_1aed060e3e,Punjab National Bank,savings,3355.5,,,
acct_10cc172a09,cust_844818d340,ICICI Bank,savings,44377.4,,,
acct_adde48f533,cust_e6ffcce926,Punjab National Bank,savings,25798.97,,,
acct_b23b4b7b93,cust_9f26e16900,Punjab National Bank,savings,40470.68,,,
acct_0cea57b27a,cust_e46ee24233,ICICI Bank,savings,23632.58,,,
acct_71fa05ff77,cust_e9d78b0642,ICICI Bank,savings,35939.59,,,
acct_a3d01f8209,cust_404b8313e5,ICICI Bank,savings,48792.02,,,
acct_242c6c626a,cust_8d22f8f081,ICICI Bank,savings,13432.07,,,
acct_30d682acaf,cust_cdd9875433,ICICI Bank,savings,43685.72,,,
acct_3c32e84f7b,cust_22cffd2d4a,State Bank of India,savings,37722.81,,,
acct_1d747f256a,cust_c7e1fa7bde,Axis Bank,savings,20841.21,,,
acct_2fee97a8d9,cust_87abbb5a72,ICICI Bank,savings,16943.1,,,
acct_f2030bd622,cust_1b26cd4218,HDFC Bank,savings,43384.15,,,
acct_6c8d8dae93,cust_69912fb94c,State Bank of India,savings,34376.21,,,
acct_0b727bfa0a,cust_0dfda2872e,Bank of Baroda,savings,13799.61,,,
acct_d0f358739f,cust_41acffb1a9,ICICI Bank,savings,25916.32,,,
acct_f7998d8a41,cust_90998add2d,HDFC Bank,savings,29077.15,,,
acct_777ae67058,cust_ce1ff1f04c,Axis Bank,savings,31403.55,,,
acct_8ff9144dd1,cust_452c6863f2,ICICI Bank,savings,44225.03,,,
acct_3cfb156b4e,cust_7a33558036,Punjab National Bank,savings,8255.3,,,
acct_f1367cd132,cust_cb30f59c0c,State Bank of India,savings,15340.68,,,
acct_343d0a31f7,cust_15d50dd70c,HDFC Bank,savings,20570.43,,,
acct_d17ba853a3,cust_167a6624f9,Bank of Baroda,savings,32124.58,,,
acct_ae4ca44a15,cust_1d6754bdc8,State Bank of India,savings,34189.34,,,
acct_086acdb84f,cust_b5db9138f8,ICICI Bank,savings,47473.04,,,
acct_dead15f766,cust_1ed45d1aa3,Bank of Baroda,savings,27197.43,,,
acct_9a708040f6,cust_a48db99db2,ICICI Bank,savings,20310.8,,,
acct_b8d794bbb4,cust_8f0fdfe2ce,Axis Bank,savings,49963.29,,,
acct_3bba53a237,cust_2bfbfddcb7,HDFC Bank,savings,7486.42,,,
acct_6fa689f3e4,cust_7e8fd4261a,Punjab National Bank,savings,29848.04,,,
acct_535b9a3d0b,cust_5348d0f6ee,ICICI Bank,savings,6148.72,,,
acct_2555cd8214,cust_de88b811a8,HDFC Bank,savings,42831.5,,,
acct_7f6e57151f,cust_bf31240c42,Punjab National Bank,savings,30063.52,,,
acct_4be50bcc73,cust_cb615599d4,Axis Bank,savings,19186.63,,,
acct_8a4233be1b,cust_8dee32ea1a,HDFC Bank,savings,47053.5,,,
acct_f0c45cd7d8,cust_223a6b271c,ICICI Bank,savings,21461.74,,,
acct_1da3876454,cust_cd71875261,State Bank of India,savings,44150.17,,,
acct_a2b44b0814,cust_8c03ff9997,Bank of Baroda,savings,15271.24,,,
acct_43eb49e58c,cust_e48719d1a7,ICICI Bank,savings,2757.48,,,
acct_6a17d128a4,cust_d0875970c0,Bank of Baroda,savings,32616.49,,,
acct_f5b08d1daa,cust_ebb29e77c3,Punjab National Bank,savings,6966.89,,,
acct_5f23898dda,cust_298252c5df,State Bank of India,savings,46128.94,,,
acct_d38d6a0751,cust_b0d3ae967e,Bank of Baroda,savings,16980.21,,,
acct_9e49879fff,cust_9c06ef6050,State Bank of India,savings,19375.3,,,
acct_ee7bd0a335,cust_c3e36d7fcc,Axis Bank,savings,40189.53,,,
acct_edf418508c,cust_bbf357fd6b,HDFC Bank,savings,39109.66,,,
acct_bbc77dd539,cust_3795f4240a,Axis Bank,savings,21542.63,,,
acct_c8d840ecc0,cust_490e7637dc,HDFC Bank,savings,48936.99,,,
acct_d63de923de,cust_202c37e858,Punjab National Bank,savings,10707.7,,,
acct_1f7dc37abd,cust_3ce4774ca5,Axis Bank,savings,42921.04,,,
acct_54bdaa813c,cust_f524138635,State Bank of India,savings,22876.42,,,
acct_9a5a4d04bf,cust_2f997fa5f8,ICICI Bank,savings,22267.79,,,
acct_bd2fd2d74f,cust_8e64c6b86e,Axis Bank,savings,11677.82,,,
acct_b5216f878e,cust_a58b0f9be9,ICICI Bank,savings,33038.74,,,
acct_17020bd680,cust_a90868b062,State Bank of India,savings,23295.14,,,
acct_6e87d9e188,cust_bc7c75e40f,Punjab National Bank,savings,46866.87,,,
acct_c297f8ea85,cust_add81e95a1,Axis Bank,savings,40231.12,,,
acct_8f8e2af81d,cust_c2488aac10,Punjab National Bank,savings,14492.78,,,
acct_2241fa7210,cust_26d4f2025a,Axis Bank,savings,37301.31,,,
acct_28cdf60a13,cust_c6744b6f20,Punjab National Bank,savings,49399.21,,,
acct_fbb6723f37,cust_1b25160542,Punjab National Bank,savings,39961.63,,,
acct_fa0da0f2fb,cust_88046a388a,ICICI Bank,savings,34445.72,,,
acct_6ddeebe99a,cust_da340d8cfd,Axis Bank,savings,16926.75,,,
acct_4f8ec303f6,cust_581720b4f1,Punjab National Bank,savings,31650.88,,,
acct_4bf3e19727,cust_8bea6fc0a1,ICICI Bank,savings,48886.7,,,
acct_19afa4bf63,cust_509b3dbab8,State Bank of India,savings,39642.0,,,
acct_aab112fdef,cust_63d2a3ad13,State Bank of India,savings,15442.67,,,
acct_8484954b62,cust_f2047b1ca8,State Bank of India,savings,31846.07,,,
acct_733e64f06a,cust_abac609059,Bank of Baroda,savings,8769.54,,,
acct_0c2178f22e,cust_3813436db9,HDFC Bank,savings,9118.85,,,
acct_8b791e744e,cust_a6cc068cec,Punjab National Bank,savings,2891.79,,,
acct_4798d153b4,cust_acf12226d3,Bank of Baroda,savings,11135.91,,,
acct_8e5e1211e2,cust_407200f7df,HDFC Bank,savings,21387.78,,,
acct_97cb7135a7,cust_3dfe996682,HDFC Bank,savings,43728.12,,,
acct_3d92557ff1,cust_c90b4a6109,Punjab National Bank,savings,32545.23,,,
acct_8b603f342f,cust_e422ba681e,ICICI Bank,savings,12170.1,,,
acct_abaa61c282,cust_fb943cc76d,HDFC Bank,savings,6647.99,,,
acct_8a9d9f0e1d,cust_87cfab78e0,Punjab National Bank,savings,20580.45,,,
acct_97396dd7d8,cust_b50639b27c,Axis Bank,savings,9195.04,,,
acct_db9556a5f9,cust_009c40329f,Punjab National Bank,savings,47263.95,,,
acct_419ebc9c0f,cust_7b07247d58,Axis Bank,savings,35058.75,,,
acct_62c3f88b24,cust_f4f5750327,Axis Bank,savings,30634.3,,,
acct_3281e07827,cust_fb3000369d,Punjab National Bank,savings,31876.64,,,
acct_b903653d19,cust_e3d30fa649,HDFC Bank,savings,9511.74,,,
acct_8153d24bc7,cust_010f40371f,Bank of Baroda,savings,25830.55,,,
acct_98fb10e3e2,cust_28622cabd7,Punjab National Bank,savings,3995.98,,,
acct_941155dcc4,cust_258b9430e9,Axis Bank,savings,20779.88,,,
acct_95846bb0d7,cust_4f0312cccd,HDFC Bank,savings,37736.87,,,
acct_0f971acb8c,cust_25d7aafb0d,State Bank of India,savings,27391.61,,,
acct_a5852074ba,cust_afc4938ce7,Axis Bank,savings,18480.54,,,
acct_18ceb8788f,cust_7255ca202c,Axis Bank,savings,36454.62,,,
acct_01b4783cd0,cust_a652cd6d4d,State Bank of India,savings,24062.39,,,
acct_a33ccbe0af,cust_4a58f03126,HDFC Bank,savings,19238.38,,,
acct_763c637d71,cust_d9b4c28f32,Axis Bank,savings,16754.57,,,
acct_41998cd77d,cust_9cb1790ff2,ICICI Bank,savings,44590.39,,,
acct_9ffbdbd73d,cust_9ae835202f,State Bank of India,savings,8506.7,,,
acct_52960a6397,cust_61855a1b9b,Bank of Baroda,savings,29601.17,,,
acct_84df49de5c,cust_e53551101a,Bank of Baroda,savings,7341.35,,,
acct_929219c860,cust_034951f833,Axis Bank,savings,6819.41,,,
acct_cbeeb66253,cust_240e53c60c,Bank of Baroda,savings,21452.07,,,
acct_c3662d2c2b,cust_e27ffca342,ICICI Bank,savings,2790.75,,,
acct_fad89122d4,cust_0141a46b73,Bank of Baroda,savings,30982.44,,,
acct_3c007483d3,cust_1cea2e41a2,Bank of Baroda,savings,3146.09,,,
acct_08e11e7556,cust_1485017ad5,HDFC Bank,savings,44829.38,,,
acct_131359d599,cust_4016fcbd3c,Bank of Baroda,savings,8163.84,,,
acct_ce649302d3,cust_650f283dd7,Punjab National Bank,savings,22611.08,,,
acct_84106b0bf1,cust_1955d17c44,ICICI Bank,savings,3974.22,,,
acct_cda8867a6b,cust_91ab41f20a,Punjab National Bank,savings,13146.74,,,
acct_785de65647,cust_34d6c2e2bd,ICICI Bank,savings,4622.79,,,
acct_5e227986ab,cust_7ec8d3649a,Punjab National Bank,savings,33699.5,,,
acct_2b427a2281,cust_471b2c3e19,HDFC Bank,savings,41675.4,,,
acct_c01627969b,cust_ab10f4e095,State Bank of India,savings,17923.87,,,
acct_8d0dcdbd65,cust_889927f808,State Bank of India,savings,27942.97,,,
acct_41f1d8b40f,cust_3ae6b085ae,Bank of Baroda,savings,49127.27,,,
acct_7e3a4e48d2,cust_f3453bcdd5,ICICI Bank,savings,49057.63,,,
acct_3d6ac3a7bf,cust_7f662b37c4,HDFC Bank,savings,24927.21,,,
acct_8790eeb3e0,cust_12b754477c,Bank of Baroda,savings,29210.35,,,
acct_091886c5ad,cust_58b674fe6f,Axis Bank,savings,45960.81,,,
acct_42b4d94a80,cust_86f08f35fa,Punjab National Bank,savings,35993.97,,,
acct_f2aed4e335,cust_6b09d0b0e4,Axis Bank,savings,32793.69,,,
acct_5112cb3841,cust_af509e9a35,Bank of Baroda,savings,33610.68,,,
acct_fd5a464427,cust_37685cc67d,Axis Bank,savings,13669.67,,,
acct_9cc0838be5,cust_16959061fb,State Bank of India,savings,2670.91,,,
acct_0cdd013b8f,cust_5a7224a51a,Punjab National Bank,savings,22922.53,,,
acct_f8282d3d16,cust_eb86470062,Axis Bank,savings,35110.53,,,
acct_3438418b3d,cust_339dd99f49,ICICI Bank,savings,44216.05,,,
acct_be89667de5,cust_e7232eb2de,HDFC Bank,savings,25779.91,,,
acct_55bd9f9cb5,cust_c6d60390b6,HDFC Bank,savings,2268.31,,,
acct_46a27bf593,cust_37d931fc76,Axis Bank,savings,7805.64,,,
acct_90dc4b0b30,cust_99c146a845,ICICI Bank,savings,12209.68,,,
acct_d8ab736599,cust_dc010045c6,ICICI Bank,savings,35655.27,,,
acct_7e499350ba,cust_e13ca08544,HDFC Bank,savings,32182.36,,,
acct_c51898b712,cust_1d2ba45ff8,ICICI Bank,savings,38914.38,,,
acct_f25025c5fc,cust_04dd6468c5,State Bank of India,savings,46933.99,,,
acct_4ab1706041,cust_4dd308dc4b,State Bank of India,savings,17602.93,,,
acct_8f77a3928f,cust_4a5243db25,Punjab National Bank,savings,18452.1,,,
acct_351931913b,cust_7297e0c62f,Punjab National Bank,savings,26665.79,,,
acct_20da80489f,cust_9c1de6591b,State Bank of India,savings,30640.75,,,
acct_c8074c2ba4,cust_4df02ba343,State Bank of India,savings,37345.28,,,
acct_eab2fec668,cust_134ea3caff,State Bank of India,savings,3101.61,,,
acct_a1f845194a,cust_f3e6a8e1db,Punjab National Bank,savings,48243.15,,,
acct_34ead2be28,cust_07e583e695,HDFC Bank,savings,2691.56,,,
acct_3d86f84862,cust_19488d4bae,Bank of Baroda,savings,48850.64,,,
acct_9581e17e90,cust_0bb266e096,State Bank of India,savings,33508.35,,,
acct_d88243e72b,cust_8a04a5169e,ICICI Bank,savings,15422.55,,,
acct_cfd250c1c1,cust_36762f6d63,State Bank of India,savings,14579.91,,,
acct_e3c657cc3a,cust_d5448838d5,HDFC Bank,savings,48203.8,,,
acct_f726a0b863,cust_ace51b9bd7,Punjab National Bank,savings,22917.71,,,
acct_bf99b1df01,cust_73692f2d08,Punjab National Bank,savings,19713.54,,,
acct_caa32500b9,cust_f1bab78601,HDFC Bank,savings,5805.42,,,
acct_db46a6c11a,cust_1c72714dc3,Axis Bank,savings,4357.84,,,
acct_226fc65f57,cust_47e9f4d84f,Punjab National Bank,savings,40054.17,,,
acct_1ceaac588b,cust_456e083a9e,State Bank of India,savings,30215.75,,,
acct_7732112f2a,cust_3f70ba4899,Punjab National Bank,savings,35101.08,,,
acct_cc3db6561f,cust_3c54831762,Axis Bank,savings,22632.02,,,
acct_2863405fd3,cust_1b9c476705,HDFC Bank,savings,19646.24,,,
acct_8e83688b2f,cust_07408da334,HDFC Bank,savings,5660.72,,,
acct_10de532b19,cust_9b321183ca,State Bank of India,savings,27860.73,,,
acct_7da231b3bb,cust_b445eb11c3,Bank of Baroda,savings,29584.55,,,
acct_29ea323497,cust_617cb02f3d,Punjab National Bank,savings,9110.19,,,
acct_b81857e5cd,cust_cfa0967998,Bank of Baroda,savings,26262.08,,,
acct_5c782a91b0,cust_7b86d2a3cf,HDFC Bank,savings,47620.76,,,
acct_7b2d5d5118,cust_4cfa9f9334,State Bank of India,savings,5097.65,,,
acct_4d5d4efca2,cust_d99baa2d8d,Punjab National Bank,savings,21337.79,,,
acct_11578e188e,cust_e43c5ecb41,Punjab National Bank,savings,41808.26,,,
acct_42d4808626,cust_af5a6372f0,State Bank of India,savings,41873.62,,,
acct_be618376dd,cust_6303788afa,HDFC Bank,savings,41372.64,,,
acct_c0e20c40e3,cust_f99ec4dd27,Punjab National Bank,savings,4736.27,,,
acct_74e481f156,cust_54f7800c5b,Axis Bank,savings,48227.54,,,
acct_0e22986abd,cust_e1f8ff99de,State Bank of India,savings,21739.95,,,
acct_ae06ebc73d,cust_df66c27d8b,ICICI Bank,savings,44501.31,,,
acct_339e75d4c7,cust_39332545c5,Axis Bank,savings,42842.65,,,
acct_d44c9f1307,cust_01e4ac94c2,ICICI Bank,savings,15843.51,,,
acct_0178d17a7e,cust_5df5c9fb38,State Bank of India,savings,43171.09,,,
acct_7bd3d8e183,cust_25f5a37a88,Axis Bank,savings,48383.52,,,
acct_e5e824194e,cust_81585e1f00,Punjab National Bank,savings,6327.69,,,
acct_7d283f8e5c,cust_790febfde7,ICICI Bank,savings,19076.35,,,
acct_624b1fa032,cust_423c81b81c,ICICI Bank,savings,10380.31,,,
acct_e6a260bee2,cust_ddc5921d48,Bank of Baroda,savings,44032.75,,,
acct_3f06038a40,cust_d60083e6a9,Punjab National Bank,savings,33306.96,,,
acct_d1d48f8d8a,cust_026dcaa83d,Bank of Baroda,savings,37612.97,,,
acct_f41f9dd605,cust_94eb5744fe,Bank of Baroda,savings,12813.88,,,
acct_396399a28a,cust_0333b540ee,Axis Bank,savings,21141.12,,,
acct_edee655a2d,cust_60ff6ecadc,Bank of Baroda,savings,17544.34,,,
acct_e0c0522b95,cust_e3d8f32377,Punjab National Bank,savings,20730.01,,,
acct_37383fc12b,cust_16bc17682e,ICICI Bank,savings,14537.04,,,
acct_4944f0f57a,cust_99ec99919a,Axis Bank,savings,7799.37,,,
acct_ca413591f1,cust_539f0fc5ac,State Bank of India,savings,41849.92,,,
acct_2c67c9f6b6,cust_10eef14b8d,Bank of Baroda,savings,40492.02,,,
acct_00e404f7f8,cust_0af3fede5c,ICICI Bank,savings,18216.58,,,
acct_7404dddc37,cust_2baba4fb3d,HDFC Bank,savings,26317.0,,,
acct_0965b3d7ad,cust_0a8f2742a5,Punjab National Bank,savings,8391.02,,,
acct_76214285c4,cust_eafa918f99,State Bank of India,savings,2862.81,,,
acct_3df1f73f2f,cust_4009602bc5,Bank of Baroda,savings,17322.36,,,
acct_92de4a8b46,cust_49c05a968e,Bank of Baroda,savings,28275.69,,,
acct_3771a610cf,cust_e8ab1037a5,Axis Bank,savings,32211.2,,,
acct_b26158948a,cust_c29197089c,Punjab National Bank,savings,45056.3,,,
acct_0a8857f1f7,cust_dbded3474e,Bank of Baroda,savings,23528.22,,,
acct_228cfc2980,cust_8374676eae,ICICI Bank,savings,22376.87,,,
acct_bc89c28ed5,cust_63842112d9,HDFC Bank,savings,27922.65,,,
acct_e6bf644564,cust_257073c3f8,Punjab National Bank,savings,30630.63,,,
acct_5644db0028,cust_e502ab90fd,Punjab National Bank,savings,23109.08,,,
acct_0331af3ad3,cust_9c8c3bace7,HDFC Bank,savings,5327.12,,,
acct_a07f646de1,cust_3fb6f3ca5d,HDFC Bank,savings,41704.91,,,
acct_063336ab0a,cust_b88ef44708,Punjab National Bank,savings,7222.82,,,
acct_b6bffbc433,cust_a4655ad815,Bank of Baroda,savings,23228.53,,,
acct_37be874495,cust_16005a4042,State Bank of India,savings,45678.94,,,
acct_faf191252b,cust_1f28a9f8be,HDFC Bank,savings,9963.07,,,
acct_b657b73efa,cust_de0b01a925,State Bank of India,savings,34847.75,,,
acct_b2d2a6061c,cust_f4dd1e12a9,Bank of Baroda,savings,36397.85,,,
acct_fe3d835357,cust_d00191a61c,Axis Bank,savings,34626.28,,,
acct_0c169d16b8,cust_e5fe9284a5,HDFC Bank,savings,35822.97,,,
acct_24326b0b79,cust_9a96910eb0,Punjab National Bank,savings,16128.88,,,
acct_358158cd34,cust_e0d8421363,Axis Bank,savings,23647.03,,,
acct_91cdcb503b,cust_129ef5aef3,Punjab National Bank,savings,19208.07,,,
acct_4c6192958e,cust_b442b49a9e,HDFC Bank,savings,27949.72,,,
acct_0a3b8b07e7,cust_6d59981dc7,ICICI Bank,savings,40106.29,,,
acct_8d9eb9c047,cust_58d3ae94c2,ICICI Bank,savings,27233.77,,,
acct_2465d35c76,cust_6ebc2ed65c,State Bank of India,savings,20265.05,,,
acct_6e2b2fb285,cust_d6efd6d59e,State Bank of India,savings,20997.72,,,
acct_f3e001b370,cust_3b334feb00,HDFC Bank,savings,9825.76,,,
acct_519601fc04,cust_21c7ad8f82,State Bank of India,savings,6546.85,,,
acct_11a6cc3afa,cust_cc553c86d2,State Bank of India,savings,46609.55,,,
acct_971e34db2d,cust_3c686d80fb,State Bank of India,savings,38398.33,,,
acct_9bee427bc6,cust_69cfe886bf,State Bank of India,savings,46826.48,,,
acct_98c57ce1e1,cust_d67b82d041,Axis Bank,savings,21328.8,,,
acct_a9be261380,cust_8f6ee1c67a,ICICI Bank,savings,17795.03,,,
acct_1f2eae10cc,cust_b66db52b29,HDFC Bank,savings,39063.87,,,
acct_e7814edcdf,cust_74af01cec7,Punjab National Bank,savings,37438.09,,,
acct_6f84619da1,cust_2e9d5af9fc,Bank of Baroda,savings,43857.66,,,
acct_6602b1fbb1,cust_e49b1f31eb,Bank of Baroda,savings,7878.92,,,
acct_65e333b7d4,cust_718e38f52b,Axis Bank,savings,48471.43,,,
acct_bb3fc556d5,cust_bda3a9e881,HDFC Bank,savings,48137.93,,,
acct_f3a96daddc,cust_896b61733c,State Bank of India,savings,44500.68,,,
acct_e50c31461a,cust_3f38d8189a,ICICI Bank,savings,27771.08,,,
acct_51ccd6a471,cust_dc63e33895,Bank of Baroda,savings,34532.8,,,
acct_2b3a3b80dc,cust_e756a24d4c,ICICI Bank,savings,22156.6,,,
acct_effb18c572,cust_49f72709be,Punjab National Bank,savings,27276.49,,,
acct_4ca04810bf,cust_3c71d14d35,HDFC Bank,savings,7019.76,,,
acct_159bf93b77,cust_eb9645e7d4,Bank of Baroda,savings,46153.97,,,
acct_c3ae3aae71,cust_c76871c49b,Bank of Baroda,savings,44748.41,,,
acct_bafe6a36ca,cust_cb272f1a03,Bank of Baroda,savings,4254.81,,,
acct_436c8539ad,cust_3c7375ae73,Punjab National Bank,savings,4788.85,,,
acct_f34f6eb4d2,cust_c4c93baa08,Bank of Baroda,savings,47953.99,,,
acct_dc6fe3954e,cust_ce0c386e5f,ICICI Bank,savings,31115.98,,,
acct_1951bca308,cust_ad9c32487d,Axis Bank,savings,31799.35,,,
acct_fe945411b7,cust_147c2f8785,Axis Bank,savings,7836.49,,,
acct_9607ba3af3,cust_63746c68d5,Axis Bank,savings,36429.04,,,
acct_e5a1c58b90,cust_65cbc60fc8,ICICI Bank,savings,28879.01,,,
acct_b2e2aa1a54,cust_864e68c45c,Punjab National Bank,savings,11129.06,,,
acct_88d5b1d166,cust_eded404772,Axis Bank,savings,15481.74,,,
acct_8880f3685a,cust_4a58e4ccc9,Punjab National Bank,savings,36261.18,,,
acct_0914dcab8b,cust_7c48dfa924,Punjab National Bank,savings,33100.99,,,
acct_c72fef324e,cust_a682116c3c,HDFC Bank,savings,47860.44,,,
acct_83b8600dbc,cust_0cb993b734,State Bank of India,savings,37868.39,,,
acct_777ec1da9a,cust_3ebc5f2d08,Bank of Baroda,savings,25401.84,,,
acct_f9f3b28e57,cust_35960ee33a,ICICI Bank,savings,30513.03,,,
acct_571f39c8ba,cust_08200677a8,Bank of Baroda,savings,49312.68,,,
acct_782b489dfd,cust_5234f21acd,Punjab National Bank,savings,17747.05,,,
acct_3daa00d617,cust_76b27e9d1d,State Bank of India,savings,27728.08,,,
acct_8e47d6701e,cust_8e0f7540c9,State Bank of India,savings,33588.59,,,
acct_a47954b2cd,cust_bc85943d42,Axis Bank,savings,25653.87,,,
acct_930e5c9c77,cust_29eee9b782,HDFC Bank,savings,38877.11,,,
acct_f91a3e9c83,cust_094b292e13,Axis Bank,savings,28724.88,,,
acct_1d5f9d8a0b,cust_854573c61e,ICICI Bank,savings,15136.78,,,
acct_3728112d23,cust_ebb12c119c,HDFC Bank,savings,35236.98,,,
acct_6aae74bde6,cust_0dafee1bd1,ICICI Bank,savings,47645.27,,,
acct_b7ffa895c8,cust_28cf539028,ICICI Bank,savings,3238.08,,,
acct_73699781e5,cust_5fbe8f5c69,HDFC Bank,savings,36762.07,,,
acct_553471fe79,cust_7810dd167e,Bank of Baroda,savings,4216.34,,,
acct_73b72870da,cust_908665d6b2,ICICI Bank,savings,8538.39,,,
acct_8db7c1eeec,cust_c7254081bd,HDFC Bank,savings,24844.92,,,
acct_0f279d9746,cust_bbcbb8651d,State Bank of India,savings,36734.52,,,
acct_59027f9c93,cust_91ae1feddc,Axis Bank,savings,10626.02,,,
acct_94bbbb96ba,cust_dc881767d0,HDFC Bank,savings,39163.64,,,
acct_cd9288690f,cust_e139087682,HDFC Bank,savings,29820.37,,,
acct_1ab15773b4,cust_0fb1e0e9ce,Axis Bank,savings,36849.26,,,
acct_bf1c1c5479,cust_8ac9de2429,HDFC Bank,savings,6073.91,,,
acct_5cc04a6757,cust_af714a2981,Bank of Baroda,savings,28437.74,,,
acct_0beef122f1,cust_77dbd04104,HDFC Bank,savings,3749.82,,,
acct_782337a583,cust_ec3a4ba534,HDFC Bank,savings,45242.78,,,
acct_b4508d253f,cust_846f65c7ae,State Bank of India,savings,32420.34,,,
acct_49b9af869a,cust_269fd309ed,ICICI Bank,savings,37295.8,,,
acct_fe5634bfa0,cust_be10bdc320,Axis Bank,savings,36056.24,,,
acct_13354c34b1,cust_2150bdd8a3,ICICI Bank,savings,44957.7,,,
acct_d92ea3d227,cust_b6b3bfe4f5,Bank of Baroda,savings,19754.29,,,
acct_462f9f55f1,cust_c696615395,ICICI Bank,savings,2567.37,,,
acct_098cd45fdd,cust_6ec8fce5fe,State Bank of India,savings,10323.42,,,
acct_4d350b963b,cust_de083dada0,Axis Bank,savings,14708.04,,,
acct_317a187c3a,cust_25d75db99d,Punjab National Bank,savings,32047.78,,,
acct_e76bcae6b6,cust_676e27ed68,Axis Bank,savings,41300.92,,,
acct_cf2f7f88e9,cust_8c2acf60aa,HDFC Bank,savings,13208.48,,,
acct_e2903d8995,cust_a22cbfd305,Bank of Baroda,savings,35914.11,,,
acct_8b7d70ffed,cust_f04556656d,State Bank of India,savings,7414.63,,,
acct_5088cd8ef3,cust_d08df5994d,HDFC Bank,savings,20049.1,,,
acct_48e276c3ff,cust_19a97b769e,HDFC Bank,savings,10625.37,,,
acct_9ecbc9bfa9,cust_7a84a511b1,Axis Bank,savings,4587.26,,,
acct_f59c5429e1,cust_dada4e5f41,HDFC Bank,savings,2559.85,,,
acct_a1ec2ad4f0,cust_4d91c06b03,Punjab National Bank,savings,34608.4,,,
acct_e06927bfcc,cust_4173a32d20,State Bank of India,savings,39799.53,,,
acct_af16d6af06,cust_11fff339e8,ICICI Bank,savings,5010.44,,,
acct_bbfaf24d59,cust_1b07579bb5,Axis Bank,savings,41831.34,,,
acct_f0ac32ba8c,cust_0b77a531ac,State Bank of India,savings,23506.32,,,
acct_f3c26e0f26,cust_9f7122eb28,Axis Bank,savings,45496.06,,,
acct_3c674cbafc,cust_ce2508c490,Axis Bank,savings,29741.12,,,
acct_1e827cedd5,cust_109c884a28,HDFC Bank,savings,2559.89,,,
acct_c59f548037,cust_1c5598ad55,ICICI Bank,savings,12543.33,,,
acct_538d646987,cust_e10848d404,HDFC Bank,savings,24000.62,,,
acct_c43f97a639,cust_0286f70fa5,Axis Bank,savings,44287.95,,,
acct_f1b69fe824,cust_ef5885f5ba,Punjab National Bank,savings,12091.91,,,
acct_f0b80cbe97,cust_3fd6c26cdb,ICICI Bank,savings,32118.22,,,
acct_29910dde0c,cust_4981d374ef,HDFC Bank,savings,15157.64,,,
acct_616cf491c4,cust_1591fc5442,ICICI Bank,savings,34776.1,,,
acct_da5a2f9151,cust_60abd46c50,Bank of Baroda,savings,49897.78,,,
acct_1917bc9acc,cust_0de3fd48ec,Bank of Baroda,savings,3031.13,,,
acct_13e4f9889e,cust_eecb5cb26e,State Bank of India,savings,26827.39,,,
acct_176811acc2,cust_2d22c75f32,Axis Bank,savings,49101.33,,,
acct_dc0edf7f90,cust_979f026ec1,HDFC Bank,savings,5988.54,,,
acct_eee79ee1b7,cust_79245367a1,ICICI Bank,savings,35942.42,,,
acct_16afc3ca76,cust_ee5c62b496,ICICI Bank,savings,25305.61,,,
acct_a8fcc40366,cust_6563394d58,Axis Bank,savings,9909.52,,,
acct_2f3418dd29,cust_879e38a614,Punjab National Bank,savings,41986.7,,,
acct_69b12a917c,cust_50ce9cad49,Bank of Baroda,savings,15127.01,,,
acct_5aea3c6266,cust_16ef4b3463,State Bank of India,savings,29846.59,,,
acct_d2d96457c2,cust_2d853f02f6,Punjab National Bank,savings,18298.77,,,
acct_0d5bcef795,cust_484dde34cd,State Bank of India,savings,47772.66,,,
acct_4cdc6da10c,cust_2fe179a786,HDFC Bank,savings,31006.14,,,
acct_a8e830000b,cust_613fd6844f,State Bank of India,savings,43494.62,,,
acct_1a4262ea1d,cust_48b84a6f73,Bank of Baroda,savings,33334.72,,,
acct_61c48238c6,cust_d73f9d5445,State Bank of India,savings,2887.74,,,
acct_286a2ae03b,cust_92e239ecc0,HDFC Bank,savings,32905.53,,,
acct_de6773b625,cust_a862c3d609,State Bank of India,savings,17522.15,,,
acct_8813bcd2b3,cust_5a740d9101,HDFC Bank,savings,48984.22,,,
acct_7ceb48f808,cust_05f252c2c2,ICICI Bank,savings,15862.97,,,
acct_f7ec10a6e2,cust_fb004e93e4,Axis Bank,savings,37147.89,,,
acct_30420dafba,cust_840044461c,Punjab National Bank,savings,25435.25,,,
acct_4f53461bc2,cust_efd64a7ba8,Axis Bank,savings,8751.94,,,
acct_81611eae84,cust_5f53cfd7d1,Punjab National Bank,savings,32600.7,,,
acct_4c84fffa5c,cust_b5d6489b48,State Bank of India,savings,30118.25,,,
acct_055b5f2f73,cust_3f50711bc5,HDFC Bank,savings,44682.81,,,
acct_7f9c1864ac,cust_3536cc2a2e,Bank of Baroda,savings,24908.88,,,
acct_df439db8d3,cust_1069f6f35e,ICICI Bank,savings,26398.16,,,
acct_59becd15d8,cust_e6878b5902,ICICI Bank,savings,11575.72,,,
acct_4070da15ce,cust_3c9667843f,ICICI Bank,savings,18732.63,,,
acct_4090b83553,cust_f4d6564154,Punjab National Bank,savings,37784.99,,,
acct_59ac880e6b,cust_8624944567,Axis Bank,savings,27867.0,,,
acct_875299820c,cust_5ea595ee1e,ICICI Bank,savings,2918.97,,,
acct_42cfb3366d,cust_80740c11a1,State Bank of India,savings,31504.12,,,
acct_c1d78c78ca,cust_6199bfe255,HDFC Bank,savings,37700.25,,,
acct_44de3c7e01,cust_f4cbcf79ed,Axis Bank,savings,47345.67,,,
acct_a95d1b75a8,cust_ae1c84a16d,Bank of Baroda,savings,8374.97,,,
acct_1d3f37b4c4,cust_9bd3372512,HDFC Bank,savings,6678.06,,,
acct_031d47dc10,cust_bdfea293a2,State Bank of India,savings,30279.77,,,
acct_87f72d888c,cust_1db711130b,Bank of Baroda,savings,4600.11,,,
acct_90a9bd0345,cust_f9b66114ce,State Bank of India,savings,43932.52,,,
acct_8614a9405c,cust_bc98e14eed,Punjab National Bank,savings,28748.6,,,
acct_b3694376b8,cust_804811ea04,State Bank of India,savings,2480.78,,,
acct_f172f026eb,cust_22673adc4c,Axis Bank,savings,7086.12,,,
acct_d293cae145,cust_1a929bf079,ICICI Bank,savings,46574.66,,,
acct_681f044512,cust_f27f80dbb8,Punjab National Bank,savings,3297.58,,,
acct_0561a4d450,cust_1e70c185ff,Punjab National Bank,savings,2843.14,,,
acct_379c6c3041,cust_763fb4db75,HDFC Bank,savings,26252.58,,,
acct_0977cf6c0a,cust_d1451d8c95,HDFC Bank,savings,48408.97,,,
acct_7271a9952f,cust_35f44d5f74,Punjab National Bank,savings,45897.37,,,
acct_797b6f7c59,cust_de68b93a78,ICICI Bank,savings,25434.53,,,
acct_89b24bf002,cust_14a87d6b94,State Bank of India,savings,23670.56,,,
acct_381d5f7540,cust_f971d215cf,Bank of Baroda,savings,21704.18,,,
acct_b591aa3fa0,cust_2564c74ddf,HDFC Bank,savings,22335.79,,,
acct_d63e652a21,cust_951172d76d,State Bank of India,savings,13862.16,,,
acct_b4ed11ac16,cust_40516d48f5,Punjab National Bank,savings,23123.1,,,
acct_5eb501017c,cust_4b0500f7cf,Punjab National Bank,savings,33954.24,,,
acct_3f8aa5f52a,cust_9050262a23,ICICI Bank,savings,3965.5,,,
acct_4645683fb7,cust_8f4619940c,Bank of Baroda,savings,45794.61,,,
acct_a494c8bb93,cust_41b618c9d0,HDFC Bank,savings,47561.52,,,
acct_0ca2599d9d,cust_7351f5e8d3,ICICI Bank,savings,11849.31,,,
acct_b3e172b9bf,cust_6f7caa4f50,Axis Bank,savings,32513.26,,,
acct_4ab351264c,cust_8fe2c1609c,ICICI Bank,savings,9316.84,,,
acct_15fd1274ca,cust_1184fed8f2,State Bank of India,savings,48340.25,,,
acct_f17c79afc8,cust_c75f9b0ecd,ICICI Bank,savings,12852.8,,,
acct_a29379670d,cust_db050eb630,Punjab National Bank,savings,47187.23,,,
acct_ac701e2497,cust_5d4b5eb035,Punjab National Bank,savings,15155.94,,,
acct_08819b6dbd,cust_db7e41a9b7,Axis Bank,savings,3263.71,,,
acct_071d867722,cust_e2a09a0358,Bank of Baroda,savings,17529.1,,,
acct_3c0a721153,cust_c152f3006b,State Bank of India,savings,19915.25,,,
acct_50f955ac20,cust_5453092c62,Punjab National Bank,savings,4332.83,,,
acct_aafa0324e3,cust_7c1dd5f3e2,Axis Bank,savings,27627.75,,,
acct_30051a6f4f,cust_8244a9adda,State Bank of India,savings,48396.96,,,
acct_da6969ce27,cust_88dc772560,Punjab National Bank,savings,19393.39,,,
acct_d60297ad55,cust_ac8f0adecd,Bank of Baroda,savings,7004.98,,,
acct_bd5bc91482,cust_b1df36a3c2,Axis Bank,savings,24830.54,,,
acct_806216d1c1,cust_2b4b8dd72d,State Bank of India,savings,39373.04,,,
acct_03a1cec854,cust_92f6c34615,HDFC Bank,savings,35024.67,,,
acct_98ce37a967,cust_6c17c47273,HDFC Bank,savings,29258.59,,,
acct_88f9f88ee7,cust_879b592403,ICICI Bank,savings,37171.22,,,
acct_54816a11f9,cust_fb707d1505,Axis Bank,savings,47793.83,,,
acct_70cc14cc5e,cust_57d63a50ed,Axis Bank,savings,34912.23,,,
acct_92738e326f,cust_a9ef1a2483,Axis Bank,savings,41538.22,,,
acct_3f896e42ce,cust_d2b53b3df1,Punjab National Bank,savings,9297.02,,,
acct_ccb67d0e6a,cust_caca8d5d15,Punjab National Bank,savings,19650.53,,,
acct_042ffd7b05,cust_49bd26751a,Axis Bank,savings,9184.27,,,
acct_9c8b513b88,cust_952c0d1079,Axis Bank,savings,34752.86,,,
acct_53263281a6,cust_6df97f8ee0,Bank of Baroda,savings,14078.06,,,
acct_17187be934,cust_22531e36f7,Bank of Baroda,savings,37537.55,,,
acct_03b327f88c,cust_e76550cfac,Bank of Baroda,savings,31281.9,,,
acct_59eac5b18b,cust_fb0463dec4,ICICI Bank,savings,32706.21,,,
acct_d5a28f5bbe,cust_69db1eda39,Bank of Baroda,savings,8031.12,,,
acct_b71bddc776,cust_c3dc9b226d,Axis Bank,savings,25074.95,,,
acct_59c5c95369,cust_f27703c4d8,Axis Bank,savings,24179.97,,,
acct_65f85ccd0d,cust_48d2412d19,Axis Bank,savings,5228.84,,,
acct_254867bda6,cust_e49f3d035a,HDFC Bank,savings,21418.79,,,
acct_7778672f86,cust_225211fddd,Bank of Baroda,savings,44930.32,,,
acct_83679d903f,cust_ef1df77092,Axis Bank,savings,43881.48,,,
acct_e515bb294f,cust_94ef6e1ecb,Punjab National Bank,savings,39202.08,,,
acct_8cfe66d4de,cust_3d31a8aad8,Axis Bank,savings,17716.56,,,
acct_44c1773cbc,cust_5f109ee183,Axis Bank,savings,29583.97,,,
acct_7a7a89ff6d,cust_c38a45e924,Bank of Baroda,savings,9564.34,,,
acct_43cedde8e4,cust_5c543df074,HDFC Bank,savings,6248.69,,,
acct_3405aaa334,cust_eb2b1abcba,HDFC Bank,savings,42680.38,,,
acct_d0d3d9bbe7,cust_ba8c98e29b,ICICI Bank,savings,39969.43,,,
acct_cefa6bdb08,cust_292344282a,ICICI Bank,savings,29816.1,,,
acct_de91ddb061,cust_3066eb2301,Bank of Baroda,savings,17917.8,,,
acct_c8b66b62ee,cust_e043fe273d,HDFC Bank,savings,35302.81,,,
acct_9e4fe661d9,cust_1ad2ceafc6,Bank of Baroda,savings,16690.39,,,
acct_0f882ae7dd,cust_356163c729,ICICI Bank,savings,28441.55,,,
acct_235b8b60ea,cust_d9b4f09810,Punjab National Bank,savings,17511.98,,,
acct_1f99925d87,cust_1876c2d7d9,Axis Bank,savings,13093.73,,,
acct_b65dbad7be,cust_b13f3afa32,Axis Bank,savings,21165.52,,,
acct_c826bda9a8,cust_aea2749593,Punjab National Bank,savings,13149.24,,,
acct_11e3b82ee3,cust_6a2bb67114,Axis Bank,savings,16674.3,,,
acct_03faeb9d0c,cust_e21164d7fc,Bank of Baroda,savings,5368.42,,,
acct_1107dc570d,cust_dd0561eb06,State Bank of India,savings,26357.14,,,
acct_5d9b668f49,cust_86ab62c0b5,HDFC Bank,savings,19819.15,,,
acct_3a31dece2d,cust_7d01dae2b6,State Bank of India,savings,20196.46,,,
acct_be8d227c73,cust_7670115db5,Bank of Baroda,savings,15064.18,,,
acct_35b0f530d4,cust_a85173e5f3,State Bank of India,savings,26867.39,,,
acct_b0e0cd7443,cust_adb9d20a6e,ICICI Bank,savings,6056.52,,,
acct_fc1ac38ec9,cust_e54d362166,State Bank of India,savings,36953.47,,,
acct_b1200eea57,cust_02be5f9e81,State Bank of India,savings,18700.74,,,
acct_a6eb0d1ff8,cust_edbe4a2ddc,Bank of Baroda,savings,6829.08,,,
acct_3feb27b52f,cust_cb318e6edc,Bank of Baroda,savings,42636.31,,,
acct_ea6d2b6db7,cust_9c78561401,Punjab National Bank,savings,10086.89,,,
acct_374b3cbf3b,cust_279a034733,HDFC Bank,savings,28641.57,,,
acct_ca7a27acac,cust_34cb7c1b04,Punjab National Bank,savings,41408.61,,,
acct_2685d4a075,cust_a7c842eacd,Axis Bank,savings,7868.03,,,
acct_bf36877bc9,cust_c3819af2fa,Punjab National Bank,savings,31871.01,,,
acct_3643806672,cust_9dbe1b3238,State Bank of India,savings,11430.23,,,
acct_9195c09614,cust_33a7916c62,HDFC Bank,savings,13052.38,,,
acct_5e7f6a5f79,cust_b3e949ea4e,Bank of Baroda,savings,40786.38,,,
acct_ef4951e097,cust_cfb7cf5fcb,ICICI Bank,savings,35193.57,,,
acct_46e99d3774,cust_dff121cc5e,Bank of Baroda,savings,48736.93,,,
acct_5b696932cc,cust_5b6b25d27c,Punjab National Bank,savings,3886.33,,,
acct_0160349a50,cust_c589c5969e,ICICI Bank,savings,31637.73,,,
acct_a18204548d,cust_416358c10f,State Bank of India,savings,22838.63,,,
acct_5e003a2455,cust_6ca53df3ee,State Bank of India,savings,9859.85,,,
acct_6b397e9740,cust_ecbfcc1a02,ICICI Bank,savings,24282.07,,,
acct_834c3d5315,cust_0c857d9a66,Axis Bank,savings,8916.58,,,
acct_2ab512bfc7,cust_20f8089469,State Bank of India,savings,32173.97,,,
acct_dff80add53,cust_2992562077,Punjab National Bank,savings,34253.78,,,
acct_642cbba69f,cust_cdf0685f78,HDFC Bank,savings,13104.69,,,
acct_8a64524c60,cust_e6e01483c1,Bank of Baroda,savings,37568.07,,,
acct_d2221ee503,cust_d0437bb5e2,HDFC Bank,savings,16395.56,,,
acct_e89ddec865,cust_4b94fe332f,Punjab National Bank,savings,32284.29,,,
acct_0eaff9ac21,cust_31ee053596,State Bank of India,savings,10367.83,,,
acct_d951e2bb81,cust_43597396df,Punjab National Bank,savings,31707.74,,,
acct_b8a17a5b5b,cust_66f5a48546,Punjab National Bank,savings,26613.02,,,
acct_9f41a66384,cust_8c72d2185a,Bank of Baroda,savings,45937.88,,,
acct_a065e1c81f,cust_8e165feda3,Bank of Baroda,savings,37339.63,,,
acct_31b7b56b3b,cust_78857ded88,Axis Bank,savings,43333.73,,,
acct_dd21aeb778,cust_d7d7cc6642,State Bank of India,savings,14007.87,,,
acct_0afeed3585,cust_e1ff61b70c,State Bank of India,savings,47931.02,,,
acct_0662eb0cbc,cust_6c03135882,ICICI Bank,savings,39406.95,,,
acct_d1fab7286a,cust_a73b2540e1,State Bank of India,savings,24792.19,,,
acct_f2beffde04,cust_1f6c17cc3d,Punjab National Bank,savings,44054.8,,,
acct_892eb951bd,cust_d5a8d87217,State Bank of India,savings,43659.76,,,
acct_ef7c55db5e,cust_26070b79df,HDFC Bank,savings,32135.45,,,
acct_46a3fe0620,cust_e695dab080,Axis Bank,savings,21916.7,,,
acct_691c4f3dc3,cust_5051904829,Punjab National Bank,savings,42798.36,,,
acct_300b12be85,cust_b9dcb9e32c,ICICI Bank,savings,38229.18,,,
acct_9987431984,cust_5ee93da56e,State Bank of India,savings,13615.48,,,
acct_01d041a351,cust_47a7161f54,Axis Bank,savings,44045.07,,,
acct_f9140156dc,cust_dc203aa979,HDFC Bank,savings,8790.1,,,
acct_414f19546a,cust_52314d1624,HDFC Bank,savings,23565.28,,,
acct_18c11ba67f,cust_32ef057664,Bank of Baroda,savings,10780.39,,,
acct_5d8dfc66de,cust_6452dc687c,State Bank of India,savings,29146.53,,,
acct_ab8e7f1af6,cust_6bd793753b,Axis Bank,savings,34915.47,,,
acct_c44fd6b997,cust_f4719f7091,State Bank of India,savings,24686.87,,,
acct_4a53987a32,cust_9b858277d2,State Bank of India,savings,44216.55,,,
acct_0883ee28c7,cust_8a7d52f2c0,Bank of Baroda,savings,29904.41,,,
acct_65bea4e16c,cust_52c0fc54c1,State Bank of India,savings,41697.97,,,
acct_0081d80662,cust_725adeeb69,Bank of Baroda,savings,49280.58,,,
acct_7836baef04,cust_23614067bf,Bank of Baroda,savings,45157.29,,,
acct_a7403a9d3e,cust_93427265b2,Axis Bank,savings,46346.25,,,
acct_9a5ece7028,cust_0b6087535a,Punjab National Bank,savings,30774.5,,,
acct_778132d77f,cust_b1ed1fd790,Axis Bank,savings,3630.08,,,
acct_b435fb773a,cust_2c77ad64d5,Axis Bank,savings,12683.08,,,
acct_81ef26527c,cust_c8b2b4308b,Axis Bank,savings,4156.92,,,
acct_d35f5f02e3,cust_9cd80e0c32,HDFC Bank,savings,32718.97,,,
acct_463b0dcefd,cust_aec0226d7a,Punjab National Bank,savings,35948.51,,,
acct_ba1a3b401b,cust_c0e2e2bbbf,State Bank of India,savings,24510.25,,,
acct_cf19848903,cust_e74452d0c0,ICICI Bank,savings,37718.71,,,
acct_d308c096ce,cust_681d8e5824,Punjab National Bank,savings,42614.71,,,
acct_6977975982,cust_31be6e2618,Punjab National Bank,savings,35072.59,,,
acct_3afbeb518a,cust_ca6ed88925,ICICI Bank,savings,14222.19,,,
acct_248f108318,cust_e51d49a0f9,Punjab National Bank,savings,37888.84,,,
acct_3633d498f6,cust_b4fe3cf9dd,ICICI Bank,savings,29259.91,,,
acct_cb714f3b47,cust_50db7f258c,Axis Bank,savings,20578.88,,,
acct_74cf6bd1ef,cust_6a878f6cc2,State Bank of India,savings,7014.71,,,
acct_57bdc73b7d,cust_26892eee72,HDFC Bank,savings,43727.41,,,
acct_83e04de51f,cust_f61d35f1e3,State Bank of India,savings,27356.95,,,
acct_e5b0685756,cust_2df0c43dfb,Bank of Baroda,savings,10143.89,,,
acct_88f5ca9e70,cust_b89b49194f,Punjab National Bank,savings,8926.71,,,
acct_e4162a755b,cust_b854eda7e9,State Bank of India,savings,9758.02,,,
acct_0f68ca6bf6,cust_269094b9be,Axis Bank,savings,34303.56,,,
acct_6b36c1367e,cust_78205f2ec2,ICICI Bank,savings,23787.42,,,
acct_b618bc5caa,cust_27f453fe75,HDFC Bank,savings,9047.4,,,
acct_06661a666c,cust_2ef6060000,HDFC Bank,savings,38005.84,,,
acct_a20a62149c,cust_744c3af64d,Axis Bank,savings,45563.72,,,
acct_e218d897c1,cust_ae1d4c3f35,HDFC Bank,savings,40189.39,,,
acct_b29493617d,cust_c4613167dc,State Bank of India,savings,40288.48,,,
acct_608321b2ce,cust_c0d63e4fd1,State Bank of India,savings,16590.09,,,
acct_a1e0c83d01,cust_8476d59b3f,ICICI Bank,savings,16052.11,,,
acct_0f5f3c32cd,cust_a30e11a153,Punjab National Bank,savings,34227.32,,,
acct_481e6b7f4e,cust_69c9802356,Punjab National Bank,savings,41028.42,,,
acct_01adcdd2ff,cust_efd2f4158c,Bank of Baroda,savings,20474.37,,,
acct_bef3806cca,cust_20b00725d1,ICICI Bank,savings,35429.45,,,
acct_2dda6f8a32,cust_90651f8b71,Punjab National Bank,savings,16428.15,,,
acct_34487eeaba,cust_cc7fa979b5,HDFC Bank,savings,43292.93,,,
acct_0ba9f11bb5,cust_24bd5b6c09,ICICI Bank,savings,6496.63,,,
acct_2e22bc4eac,cust_6eed28916e,Axis Bank,savings,11908.17,,,
acct_72f1603622,cust_e8f29506a4,HDFC Bank,savings,31602.37,,,
acct_6fff816c65,cust_5ce9440f5d,Axis Bank,savings,22806.34,,,
acct_f5525d6193,cust_6efae02325,State Bank of India,savings,6755.71,,,
acct_08c08f5886,cust_7db2a7df75,Punjab National Bank,savings,35165.22,,,
acct_0f25eb6e38,cust_bdb68127ec,HDFC Bank,savings,30715.55,,,
acct_548c910018,cust_c821920ccd,Bank of Baroda,savings,15523.03,,,
acct_425df0ed27,cust_3c87b6c159,ICICI Bank,savings,10128.1,,,
acct_cba51a219d,cust_95c2eda921,Punjab National Bank,savings,21048.74,,,
acct_7ea47c60b0,cust_937dd68683,Axis Bank,savings,7351.61,,,
acct_f8f7646863,cust_495547e5fd,Bank of Baroda,savings,31777.01,,,
acct_9652716ccc,cust_6aa27b27e4,HDFC Bank,savings,24297.3,,,
acct_1ff541b84f,cust_0d45b44edf,Axis Bank,savings,4839.26,,,
acct_16d5ff271e,cust_af0c7b6437,Bank of Baroda,savings,17427.4,,,
acct_cf0efa02d7,cust_e0633d4ed1,HDFC Bank,savings,43891.78,,,
acct_62b8652b00,cust_703c6b0019,ICICI Bank,savings,33519.05,,,
acct_5ba093bc83,cust_01d320735a,Bank of Baroda,savings,25687.17,,,
acct_10d32fb2a2,cust_5f53582868,ICICI Bank,savings,34787.83,,,
acct_b4d8655607,cust_b27dd6176c,State Bank of India,savings,17983.83,,,
acct_e1d13b0c6d,cust_f2a3b447ed,Punjab National Bank,savings,10258.51,,,
acct_8d66139eb1,cust_eeb1c6639b,Axis Bank,savings,8700.4,,,
acct_99ec0be8a9,cust_687b6d46e9,Punjab National Bank,savings,41262.61,,,
acct_faa19474fe,cust_3d9e8d2735,State Bank of India,savings,24961.64,,,
acct_0e80b0d7dd,cust_347c1aed42,Axis Bank,savings,47965.0,,,
acct_45cfade61b,cust_c08f6b1a0d,Bank of Baroda,savings,40039.36,,,
acct_fb2951765b,cust_eae1dfb27f,Axis Bank,savings,10891.85,,,
acct_c2846f76a7,cust_b975b9cb11,Axis Bank,savings,5955.45,,,
acct_b25ec0d240,cust_a6656e0879,HDFC Bank,savings,17852.24,,,
acct_ab9bd6eda9,cust_912b12521c,State Bank of India,savings,17773.65,,,
acct_60eb38b43c,cust_ef4becafe9,ICICI Bank,savings,25507.99,,,
acct_0e7caafb1e,cust_ce1543f7ba,Axis Bank,savings,8302.07,,,
acct_65d2d673b7,cust_50909f2dc2,Bank of Baroda,savings,33238.91,,,
acct_5f06bd4500,cust_2c69aea494,Bank of Baroda,savings,45793.26,,,
acct_0e0fc0b2dc,cust_a1bc917120,State Bank of India,savings,39972.69,,,
acct_c2f7eef8f1,cust_7ed9e2dc71,HDFC Bank,savings,26939.89,,,
acct_18844c721b,cust_e1855bebf4,Punjab National Bank,savings,4717.53,,,
acct_a4305afe93,cust_71dd2afb7b,Bank of Baroda,savings,20714.86,,,
acct_74d8beaec8,cust_7ed3543d6e,Punjab National Bank,savings,33560.4,,,
acct_c70b5f91ae,cust_957ef0fddc,Axis Bank,savings,32796.95,,,
acct_5efa971c54,cust_cbd84fa8fa,ICICI Bank,savings,39407.2,,,
acct_9f56e72764,cust_ea09b9f09b,HDFC Bank,savings,5185.83,,,
acct_b33c7377d7,cust_84b67f1066,HDFC Bank,savings,37288.84,,,
acct_6e7072362a,cust_d4c8985895,HDFC Bank,savings,3185.79,,,
acct_49349eaf74,cust_f834a6abaa,Axis Bank,savings,32277.44,,,
acct_f05a250bcf,cust_bd566a4e43,Bank of Baroda,savings,38724.23,,,
acct_f696236b12,cust_7adb8941de,Axis Bank,savings,20192.85,,,
acct_6094fd41b0,cust_1998d91d61,State Bank of India,savings,20121.64,,,
acct_872b3db9a9,cust_d19af50d8f,Punjab National Bank,savings,18725.26,,,
acct_74fe46e02a,cust_59eb5b0c99,Axis Bank,savings,39619.28,,,
acct_8afabf68b0,cust_9873ececa7,Bank of Baroda,savings,27499.62,,,
acct_703da2f695,cust_43119c0903,Punjab National Bank,savings,48531.87,,,
acct_92c31f8cbd,cust_6003cb2d80,Axis Bank,savings,32967.79,,,
acct_f2d6373876,cust_3bb000cc69,Punjab National Bank,savings,41335.35,,,
acct_f2c899b001,cust_eaf4eb71d2,State Bank of India,savings,39492.09,,,
acct_fa1d54806b,cust_232b54bbce,State Bank of India,savings,34391.64,,,
acct_1fae117e20,cust_586bb2cf04,Axis Bank,savings,34609.14,,,
acct_85e7f1961e,cust_1100b4d871,ICICI Bank,savings,48843.25,,,
acct_b89a961814,cust_8259b9d7d1,State Bank of India,savings,30714.24,,,
acct_d9fc8f01a9,cust_ecbddcb3c2,Axis Bank,savings,2110.87,,,
acct_cd5b431e63,cust_cb932381fb,State Bank of India,savings,9358.99,,,
acct_be65030d64,cust_e85ac45c4e,State Bank of India,savings,37031.42,,,
acct_d3361645da,cust_45a4f5b396,Axis Bank,savings,27507.12,,,
acct_7545adbb52,cust_d4e107f842,ICICI Bank,savings,22626.21,,,
acct_65cae7b81c,cust_9130c07598,HDFC Bank,savings,4783.21,,,
acct_b451a11eba,cust_7d349b0b60,Bank of Baroda,savings,36388.08,,,
acct_e165f832a8,cust_6ad6692fbf,HDFC Bank,savings,36576.74,,,
acct_6c6fd8a1d0,cust_ed1b8ecb47,Punjab National Bank,savings,34904.21,,,
acct_4f3084560e,cust_6f90c107d8,Axis Bank,savings,30655.06,,,
acct_8e4e7caf3f,cust_10e37bb243,State Bank of India,savings,25433.92,,,
acct_b55ee272a2,cust_b7f487fd89,Bank of Baroda,savings,29048.37,,,
acct_9631f7555e,cust_251c04e35a,Punjab National Bank,savings,8155.49,,,
acct_ab334dfd2e,cust_4879e036de,HDFC Bank,savings,29827.56,,,
acct_9299872ef6,cust_52a132dc02,Bank of Baroda,savings,34973.26,,,
acct_d3a57a601c,cust_e800cec008,HDFC Bank,savings,14980.73,,,
acct_f59ee837d9,cust_8e70aeac44,Bank of Baroda,savings,29867.17,,,
acct_f3b9bb8c64,cust_ac30ea17c7,ICICI Bank,savings,23298.18,,,
acct_651d3528e6,cust_80ec85436b,Axis Bank,savings,8278.1,,,
acct_2525d5f0ba,cust_a6e5442b51,State Bank of India,savings,12297.65,,,
acct_8355435b7d,cust_885fe8808a,ICICI Bank,savings,35193.86,,,
acct_bf173ec57f,cust_aee6ec5721,Bank of Baroda,savings,29328.22,,,
acct_cb2cfe3f93,cust_a0f75e8191,ICICI Bank,savings,34832.68,,,
acct_a37980193c,cust_b8dc0694e8,State Bank of India,savings,13441.41,,,
acct_08d74b834d,cust_133dc14899,ICICI Bank,savings,6744.09,,,
acct_2f1dfb4622,cust_a23f44718f,State Bank of India,savings,12871.93,,,
acct_8a231eb6f5,cust_b182d3ad3c,State Bank of India,savings,5567.45,,,
acct_1234ee9984,cust_4a480bff0e,Bank of Baroda,savings,23972.35,,,
acct_68a6ecc7d0,cust_82b193d6eb,Punjab National Bank,savings,49421.7,,,
acct_fae4ae29d6,cust_1212c49c48,ICICI Bank,savings,15474.73,,,
acct_b22e002d33,cust_01bdab4b7b,State Bank of India,savings,41756.2,,,
acct_39a44d2da1,cust_434f6ab6cd,Axis Bank,savings,9939.68,,,
acct_462681f392,cust_8c5940f3b1,Punjab National Bank,savings,11338.28,,,
acct_242fbc47e4,cust_18628628a5,Punjab National Bank,savings,38730.9,,,
acct_b0846ee357,cust_e9fa162e88,Punjab National Bank,savings,11166.13,,,
acct_4708ecc36a,cust_30e11c92c7,HDFC Bank,savings,32680.74,,,
acct_879fea55a9,cust_2fa6bbe230,HDFC Bank,savings,3483.26,,,
acct_9112e6e37e,cust_298ca2af08,Punjab National Bank,savings,40484.33,,,
acct_8b6b54eaeb,cust_1b9a848a42,State Bank of India,savings,47907.14,,,
acct_a66e1b45da,cust_7436b4a7fe,Axis Bank,savings,13400.39,,,
acct_9d46d6a243,cust_9ac4e5e7f6,Punjab National Bank,savings,42194.57,,,
acct_662eeebf0f,cust_8ef183b833,Bank of Baroda,savings,44942.17,,,
acct_82c314c1fa,cust_8039cb9b5c,HDFC Bank,savings,14033.59,,,
acct_039aaf0271,cust_ea780fde13,State Bank of India,savings,22278.25,,,
acct_364681e552,cust_367ea38bbb,Punjab National Bank,savings,19433.66,,,
acct_1ff6257b80,cust_92a1e900ac,Punjab National Bank,savings,40797.76,,,
acct_01ebbb57d8,cust_d9e7e2ee03,HDFC Bank,savings,3785.67,,,
acct_adc20ad903,cust_1b42844f23,Punjab National Bank,savings,4785.39,,,
acct_c050a1e1c9,cust_d02e6dc1bb,HDFC Bank,savings,46487.57,,,
acct_9508ef6e38,cust_3183a3a60e,Axis Bank,savings,34319.77,,,
acct_10f760df8e,cust_ea1013795d,HDFC Bank,savings,42882.87,,,
acct_2e6635b560,cust_4f0b9630c7,Axis Bank,savings,43708.14,,,
acct_0a405f3fdf,cust_3647559870,HDFC Bank,savings,33326.4,,,
acct_196dcd956b,cust_a0f9d15921,Bank of Baroda,savings,27941.45,,,
acct_7d15f09dc4,cust_46460f9f04,Bank of Baroda,savings,17807.26,,,
acct_b086c94910,cust_40dadd83ea,Bank of Baroda,savings,18175.89,,,
acct_e220c87e93,cust_b2f2851c1d,State Bank of India,savings,20725.15,,,
acct_2677d3ad92,cust_6960c006d0,Punjab National Bank,savings,36219.26,,,
acct_dd390215d0,cust_56f3bd5ba3,Bank of Baroda,savings,41000.29,,,
acct_220462c192,cust_615354430a,ICICI Bank,savings,27817.74,,,
acct_857a5e6f5e,cust_b83835bdab,State Bank of India,savings,16899.86,,,
acct_00edb7bdcc,cust_8328ab3232,Axis Bank,savings,27702.16,,,
acct_ec32e1d2f7,cust_bd6f05443b,Bank of Baroda,savings,25343.57,,,
acct_c404f212de,cust_90e181b52b,Axis Bank,savings,5875.04,,,
acct_ea99874fb8,cust_d5d546c1b2,State Bank of India,savings,25009.83,,,
acct_6f296b89b2,cust_2b3e430c0e,ICICI Bank,savings,30788.44,,,
acct_c32898a163,cust_f21a86e583,ICICI Bank,savings,35486.41,,,
acct_dd8d11621f,cust_a16a97bdc8,Punjab National Bank,savings,19924.7,,,
acct_a858d694eb,cust_779f979e59,Bank of Baroda,savings,46148.53,,,
acct_bed960357b,cust_77ccb58101,ICICI Bank,savings,11942.82,,,
acct_d3155c6cfb,cust_e0b4179c4e,ICICI Bank,savings,23939.75,,,
acct_1052a52067,cust_d5f2e8829c,ICICI Bank,savings,13176.64,,,
acct_0f23d2a450,cust_f4d4dbebba,ICICI Bank,savings,9050.13,,,
acct_b57aa6392f,cust_9731b4aa98,Bank of Baroda,savings,7452.77,,,
acct_693a38e9b1,cust_45b5aba722,ICICI Bank,savings,6986.3,,,
acct_aaf6f108ea,cust_516465a7f7,ICICI Bank,savings,18080.66,,,
acct_9ce0c43e24,cust_0368044268,Axis Bank,savings,47327.49,,,
acct_fc51c0454c,cust_0379237c1e,State Bank of India,savings,49074.45,,,
acct_429a6d3eaa,cust_3d063bbcf0,HDFC Bank,savings,34729.92,,,
acct_f0adb64060,cust_398948a0bc,HDFC Bank,savings,19970.83,,,
acct_03a5b53645,cust_74927d78aa,Bank of Baroda,savings,46209.91,,,
acct_73221d13db,cust_8828b667b8,Axis Bank,savings,21910.31,,,
acct_4ed272e1d2,cust_1eb3917007,Punjab National Bank,savings,15076.17,,,
acct_1c2c176682,cust_1897e7cdd5,State Bank of India,savings,14304.26,,,
acct_580ef10150,cust_2d318c96e8,HDFC Bank,savings,18027.77,,,
acct_78c2487363,cust_68ff857f93,HDFC Bank,savings,5650.1,,,
acct_746219b270,cust_fe2ad68100,Axis Bank,savings,20141.33,,,
acct_655b94918f,cust_84f62a32fb,Axis Bank,savings,2801.4,,,
acct_80d7a766a8,cust_1b3fad3024,Punjab National Bank,savings,20218.29,,,
acct_f7e96b469a,cust_06c33a4d39,Axis Bank,savings,49611.76,,,
acct_312092724c,cust_ab1a7e8e06,Bank of Baroda,savings,16696.16,,,
acct_a06998e84a,cust_d0c16f9174,State Bank of India,savings,31235.37,,,
acct_281a26fd6f,cust_621c1efd20,State Bank of India,savings,28923.33,,,
acct_eee040b03d,cust_e0c089b1a2,Axis Bank,savings,25274.42,,,
acct_0a939ec72b,cust_6a142a288d,Axis Bank,savings,43048.47,,,
acct_73f43e4299,cust_8fa741cd38,Axis Bank,savings,21924.4,,,
acct_4a49fd4757,cust_8815d23736,Punjab National Bank,savings,23094.55,,,
acct_23d253ab40,cust_2eadae8f7d,HDFC Bank,savings,22914.1,,,
acct_67162bc064,cust_c2de814803,HDFC Bank,savings,42690.29,,,
acct_439b072454,cust_062d13e958,Punjab National Bank,savings,5200.64,,,
acct_7e1ef6e9b8,cust_8425dc487b,Axis Bank,savings,32176.72,,,
acct_73c5438949,cust_479c44ff47,Bank of Baroda,savings,14045.28,,,
acct_457cedb562,cust_5c5adae5ed,Bank of Baroda,savings,38144.18,,,
acct_337398e0ea,cust_929b434465,State Bank of India,savings,46989.49,,,
acct_990f539a67,cust_2b4ade4d2b,Punjab National Bank,savings,46199.75,,,
acct_c6c7c121b1,cust_2d9b46861e,HDFC Bank,savings,40722.28,,,
acct_4bf0f69ba4,cust_167d62b7d8,HDFC Bank,savings,32160.11,,,
acct_bfd4d3ee46,cust_bb10c1ee36,Axis Bank,savings,3119.53,,,
acct_965dd33be2,cust_94d5cd3fe4,Punjab National Bank,savings,28730.54,,,
acct_4439919f78,cust_11a76cd408,Bank of Baroda,savings,8962.06,,,
acct_265fd974ef,cust_2693cdb90b,Bank of Baroda,savings,24924.54,,,
acct_d87e4790ac,cust_de188a02ff,Bank of Baroda,savings,33795.57,,,
acct_64fcb789d1,cust_af7f4c852b,State Bank of India,savings,6923.47,,,
acct_fd5c806fe1,cust_86fd4fd476,State Bank of India,savings,24641.16,,,
acct_922504ee8b,cust_6efa55d5b5,State Bank of India,savings,8663.49,,,
acct_c27ab087f3,cust_6df3c475d4,State Bank of India,savings,36309.83,,,
acct_c1044ef8af,cust_2cd619bff0,HDFC Bank,savings,41259.67,,,
acct_43b7f79073,cust_02ec3f64a3,HDFC Bank,savings,47918.13,,,
acct_d4bf226390,cust_f81421bb13,HDFC Bank,savings,15083.69,,,
acct_85f3f5ee0a,cust_c8a2a91756,ICICI Bank,savings,3788.88,,,
acct_cdf42df9ef,cust_31528c8a87,Punjab National Bank,savings,17233.22,,,
acct_c77dd42f49,cust_f308a27c1d,Bank of Baroda,savings,10160.78,,,
acct_bc6d4f3286,cust_94125df1e2,Axis Bank,savings,41940.85,,,
acct_f7a1655bb3,cust_171ea1dafe,State Bank of India,savings,8125.75,,,
acct_08b03520e3,cust_e98a61416c,HDFC Bank,savings,27716.02,,,
acct_0b1e6d9ef8,cust_fbc218f5a5,HDFC Bank,savings,41654.04,,,
acct_97e9ca19a2,cust_c6562c0357,Bank of Baroda,savings,5654.54,,,
acct_8f5d50c655,cust_91d0f1fba3,State Bank of India,savings,25507.89,,,
acct_58a0fe35c0,cust_58fa8ff7c5,Axis Bank,savings,15694.57,,,
acct_45658ad018,cust_5ea1cfd408,Punjab National Bank,savings,22283.63,,,
acct_e832b94e20,cust_bd3e30ee02,Axis Bank,savings,39948.04,,,
acct_3ba3eb9bd7,cust_a6544aa50d,Punjab National Bank,savings,19346.59,,,
acct_bb04660a3d,cust_c14cad3c59,ICICI Bank,savings,40130.69,,,
acct_1786dc9da2,cust_6c8cae02ce,Bank of Baroda,savings,38041.42,,,
acct_67e6622555,cust_d90296c327,ICICI Bank,savings,48768.12,,,
acct_e5c3eb68c5,cust_99e38ba2d7,Punjab National Bank,savings,17290.99,,,
acct_b5ca661e8e,cust_ddbce478d7,Bank of Baroda,savings,45290.53,,,
acct_a1308a5168,cust_4531429529,Axis Bank,savings,7277.11,,,
acct_8280f5171d,cust_ea200af9d7,Bank of Baroda,savings,44226.24,,,
acct_357072365c,cust_7e81efd3a5,HDFC Bank,savings,6273.18,,,
acct_258ab286f8,cust_1744297052,Punjab National Bank,savings,27104.2,,,
acct_5fc68d695e,cust_1a9ceb4b2c,ICICI Bank,savings,27383.55,,,
acct_9a5ff1dad7,cust_e8d0ee30a1,ICICI Bank,savings,12114.54,,,
acct_32397263b1,cust_c75cff8839,Axis Bank,savings,29155.1,,,
acct_d7434f4624,cust_f1ee074f8d,State Bank of India,savings,40204.74,,,
acct_861ecc69ff,cust_7d9cf56d28,HDFC Bank,savings,45644.6,,,
acct_d7859fbdca,cust_d5f19340f0,Axis Bank,savings,47686.2,,,
acct_983cd06acf,cust_cfb8a49f5b,ICICI Bank,savings,49101.91,,,
acct_369768efb9,cust_8fba267270,Bank of Baroda,savings,28788.91,,,
acct_9657f668c9,cust_7ca4b347e9,Punjab National Bank,savings,38943.64,,,
acct_a4e7d5e8df,cust_ee69f2f928,Bank of Baroda,savings,28382.67,,,
acct_bc3ba5afe6,cust_4dc3c0d998,Punjab National Bank,savings,13760.34,,,
acct_ca5f8cc561,cust_3e88d63854,Bank of Baroda,savings,34603.09,,,
acct_b13e388206,cust_e70691a441,Axis Bank,savings,40702.34,,,
acct_95cf4f3eeb,cust_a03f80a5f1,State Bank of India,savings,13748.4,,,
acct_e4e890ee6b,cust_0c8922b190,Punjab National Bank,savings,11709.96,,,
acct_06a4ed805b,cust_7da2e028c1,HDFC Bank,savings,41353.66,,,
acct_c829531c93,cust_cf54f8f95f,State Bank of India,savings,9865.9,,,
acct_871b752c29,cust_810dfd6b89,Axis Bank,savings,15236.11,,,
acct_5a81d09a04,cust_306ccf5834,Axis Bank,savings,14019.54,,,
acct_581749a716,cust_587b8f4c47,State Bank of India,savings,39543.6,,,
acct_966ca272de,cust_6d1a372a08,State Bank of India,savings,35513.62,,,
acct_a602bb4914,cust_7b93f5d8cd,State Bank of India,savings,24815.98,,,
acct_91be722fc0,cust_d32bce0421,ICICI Bank,savings,18515.4,,,
acct_2385c5d50f,cust_e4302df5cb,Bank of Baroda,savings,20179.35,,,
acct_fa9f8ec3bc,cust_4fd43b5841,ICICI Bank,savings,12486.84,,,
acct_ebb4dd2f04,cust_e13a3087aa,ICICI Bank,savings,29979.29,,,
acct_09197a274e,cust_218db516a0,Punjab National Bank,savings,42369.28,,,
acct_93ffae1cfd,cust_d2db19c98e,State Bank of India,savings,24923.85,,,
acct_ef1677bda8,cust_421df03564,State Bank of India,savings,44380.32,,,
acct_9cb26722bc,cust_14c1f744b2,HDFC Bank,savings,23475.27,,,
acct_f34a8450d7,cust_6ef40d77ef,ICICI Bank,savings,39245.29,,,
acct_8242ed3765,cust_840c0f0c31,Punjab National Bank,savings,24070.86,,,
acct_8db921a293,cust_d3ff689208,Punjab National Bank,savings,39229.59,,,
acct_12fdf9fa88,cust_d9906c2a22,Bank of Baroda,savings,2220.07,,,
acct_6c23960948,cust_9d7fd259a4,Axis Bank,savings,21312.03,,,
acct_b07e4b2937,cust_dbcb12c4d1,Bank of Baroda,savings,5121.82,,,
acct_fb6e12dbcb,cust_d15f3662d8,HDFC Bank,savings,22843.64,,,
acct_3501d22903,cust_9253116746,State Bank of India,savings,12140.88,,,
acct_d43ad038e2,cust_1da33ea438,Punjab National Bank,savings,2218.31,,,
acct_2979737989,cust_641afc977c,State Bank of India,savings,38980.88,,,
acct_3100563c6c,cust_c4ff596616,ICICI Bank,savings,18571.58,,,
acct_fecd8775f8,cust_f5faf55dff,Bank of Baroda,savings,47400.31,,,
acct_3ca2e4dd1b,cust_a373579f31,Bank of Baroda,savings,21281.37,,,
acct_b95d48dcab,cust_128fb87019,State Bank of India,savings,26078.19,,,
acct_00bfb20064,cust_396291ca32,ICICI Bank,savings,40910.21,,,
acct_8da0a18c38,cust_e687636b58,State Bank of India,savings,18192.64,,,
acct_0b0d261566,cust_d1d51e8aed,Punjab National Bank,savings,42193.94,,,
acct_13e15d0bdf,cust_ecf5703aaf,Punjab National Bank,savings,17962.46,,,
acct_1f22388bc9,cust_ab0b253467,Axis Bank,savings,20422.65,,,
acct_f7dec5b789,cust_ab14b2830d,Bank of Baroda,savings,9776.04,,,
acct_e818822dcc,cust_751b0d5056,Bank of Baroda,savings,47096.01,,,
acct_325c2d920f,cust_89e49d5b19,State Bank of India,savings,33169.65,,,
acct_96b9e16ee2,cust_67886f504a,Punjab National Bank,savings,27004.5,,,
acct_2606da0dff,cust_55dc73c437,HDFC Bank,savings,32521.07,,,
acct_8b1128d3f0,cust_2e8426e9c8,Bank of Baroda,savings,33182.23,,,
acct_72915a8997,cust_b847eba266,Axis Bank,savings,8224.94,,,
acct_2b9c3e7820,cust_895dd7c308,Punjab National Bank,savings,40254.72,,,
acct_2814013487,cust_719c432604,Punjab National Bank,savings,4182.45,,,
acct_c595f55b53,cust_6b730ae056,ICICI Bank,savings,17616.36,,,
acct_7bb08bebf0,cust_19b277e58d,ICICI Bank,savings,48716.37,,,
acct_d97f4b1825,cust_4d2632a7f4,Axis Bank,savings,9153.93,,,
acct_040aeb29d8,cust_17eeee09f5,HDFC Bank,savings,39377.95,,,
acct_81562af8ef,cust_0dc16c8356,State Bank of India,savings,3709.3,,,
acct_e1ee1be9f2,cust_5cae634431,Bank of Baroda,savings,24272.14,,,
acct_c37e504aa2,cust_7d7206bb97,Bank of Baroda,savings,15555.88,,,
acct_f17b8c29f7,cust_1955e08a6c,State Bank of India,savings,19801.02,,,
acct_8091fb9963,cust_be1ec926bd,Axis Bank,savings,8094.54,,,
acct_4341b2ca34,cust_494afe76a8,Punjab National Bank,savings,14138.88,,,
acct_8b7f93da31,cust_30108c027a,Punjab National Bank,savings,49064.32,,,
acct_2986368799,cust_27fac6e4e2,State Bank of India,savings,19218.13,,,
acct_d032ea6918,cust_9db82a1d2b,Punjab National Bank,savings,8465.45,,,
acct_65aacda175,cust_5317fbfaf6,Axis Bank,savings,7421.11,,,
acct_2c859a4bec,cust_292def5440,HDFC Bank,savings,35192.47,,,
acct_9148eafeb6,cust_e2d30c7251,ICICI Bank,savings,11039.91,,,
acct_096b01663b,cust_4d0d789647,State Bank of India,savings,42813.14,,,
acct_5e9d79d38c,cust_fe8cb6241d,Bank of Baroda,savings,47329.05,,,
acct_47b49f11c8,cust_b372831eef,ICICI Bank,savings,11479.92,,,
acct_34d7ab42f2,cust_0c9af83649,HDFC Bank,savings,22407.86,,,
acct_7a88416ad6,cust_852c822ea4,Punjab National Bank,savings,9534.19,,,
acct_9578381bf4,cust_2a0820bae0,Bank of Baroda,savings,7669.93,,,
acct_d931ec388a,cust_90785021b5,ICICI Bank,savings,36749.74,,,
acct_8ecb5720da,cust_d955161ee5,Punjab National Bank,savings,46432.47,,,
acct_dabb446483,cust_5e8e2465b1,Punjab National Bank,savings,7299.83,,,
acct_3cf654cd91,cust_709a1f9270,Punjab National Bank,savings,45299.8,,,
acct_4282a4d9d5,cust_8ff442f5ea,HDFC Bank,savings,40167.38,,,
acct_36e6947c26,cust_5896e258ce,Axis Bank,savings,29535.07,,,
acct_07eff86f56,cust_23b267d020,HDFC Bank,savings,9416.75,,,
acct_cc1a649aac,cust_749d553f7f,Bank of Baroda,savings,16761.56,,,
acct_c15acf10b9,cust_472a57bf78,Bank of Baroda,savings,30196.11,,,
acct_34ba0b7355,cust_64ca389afd,ICICI Bank,savings,42915.61,,,
acct_89c8e3e358,cust_b09e9d4018,State Bank of India,savings,41140.08,,,
acct_1f31fd3c2c,cust_a21ae53f70,Bank of Baroda,savings,47107.19,,,
acct_6a8694c816,cust_c2cb2f90b3,State Bank of India,savings,29855.06,,,
acct_a543291973,cust_cb41675bbf,Punjab National Bank,savings,30208.76,,,
acct_f893bf29e6,cust_7811c92c45,State Bank of India,savings,5047.4,,,
acct_158730d4fa,cust_073cb78d56,HDFC Bank,savings,14934.58,,,
acct_13c6a1b484,cust_bd2c523edb,State Bank of India,savings,25771.36,,,
acct_20887c2c32,cust_9ccd0e0310,ICICI Bank,savings,32298.69,,,
acct_9193b1a840,cust_1c345c7ae0,Punjab National Bank,savings,17039.13,,,
acct_fd02244543,cust_e9d66816ed,Axis Bank,savings,13431.82,,,
acct_5075b3c2b6,cust_40cbb660f3,Punjab National Bank,savings,20067.76,,,
acct_fece9ecaea,cust_fa9bd4c15a,Bank of Baroda,savings,8377.8,,,
acct_4331d4e7c3,cust_ad8b3b0672,State Bank of India,savings,11718.36,,,
acct_44bd97f35a,cust_143ce163dd,State Bank of India,savings,4832.38,,,
acct_5873b1f23b,cust_b1a444cade,ICICI Bank,savings,38719.85,,,
acct_15d4ed8485,cust_7119d46dea,ICICI Bank,savings,46434.65,,,
acct_fd142c3b00,cust_009dfbb9ad,Punjab National Bank,savings,8393.56,,,
acct_172f8abd11,cust_ab2e6f5b7b,Bank of Baroda,savings,26115.15,,,
acct_73504f0424,cust_64671f66d6,Bank of Baroda,savings,28858.4,,,
acct_d6af00be2a,cust_2b2dd751cd,Punjab National Bank,savings,31282.4,,,
acct_fa64085737,cust_fdde238db2,Punjab National Bank,savings,24693.27,,,
acct_a7afdc3eb0,cust_4c27d22723,ICICI Bank,savings,27216.62,,,
acct_e3c98882f5,cust_febd3888f4,ICICI Bank,savings,18689.2,,,
acct_ce6f2c1f55,cust_3198c27969,ICICI Bank,savings,26101.98,,,
acct_f47ddc0e07,cust_ff505af1bb,ICICI Bank,savings,38469.15,,,
acct_139377622f,cust_f2234abdbf,HDFC Bank,savings,11926.96,,,
acct_73aa9d0d91,cust_ec2ed2ad68,Punjab National Bank,savings,31873.26,,,
acct_b86e6a699c,cust_ebc4ae45f2,ICICI Bank,savings,47143.48,,,
acct_0732c30c3d,cust_55149de48a,ICICI Bank,savings,30566.98,,,
acct_8a0866d065,cust_0060b1a196,ICICI Bank,savings,13270.3,,,
acct_a1e5535557,cust_eb4f31e6e5,State Bank of India,savings,9748.92,,,
acct_e6b6107f4c,cust_99506872a6,ICICI Bank,savings,37394.38,,,
acct_83efabe985,cust_141649c538,HDFC Bank,savings,16177.3,,,
acct_d24cdb6812,cust_a6bfb1ebb2,Punjab National Bank,savings,49471.45,,,
acct_f01c23b0bc,cust_dc77d80556,State Bank of India,savings,17660.61,,,
acct_b1d96b29a6,cust_2f712f1ec3,ICICI Bank,savings,32852.53,,,
acct_e32973d1b6,cust_bb729274dc,HDFC Bank,savings,6786.59,,,
acct_c6d8772d1c,cust_480b293e9d,ICICI Bank,savings,15204.62,,,
acct_dfcfd96203,cust_8d747511b6,Punjab National Bank,savings,30085.68,,,
acct_7364fe206a,cust_c3867f431e,Axis Bank,savings,38813.89,,,
acct_411d862ab7,cust_4d66d98a5f,Punjab National Bank,savings,43868.15,,,
acct_da35161312,cust_e6df96579a,Bank of Baroda,savings,15137.17,,,
acct_574a24ba16,cust_7f0647e131,ICICI Bank,savings,45294.8,,,
acct_e2ba41dd03,cust_dcb2f9b1af,Punjab National Bank,savings,44344.02,,,
acct_a47cbbed53,cust_a77303c01c,Bank of Baroda,savings,20079.44,,,
acct_6aba428ee1,cust_e69d447a8a,Bank of Baroda,savings,18501.66,,,
acct_8d07e8ca07,cust_6073379900,ICICI Bank,savings,22135.54,,,
acct_eec9b2fd0f,cust_7586af51eb,Bank of Baroda,savings,29984.69,,,
acct_90e645e784,cust_18fbe59ed2,Bank of Baroda,savings,43663.03,,,
acct_cc247abd98,cust_234afa4ab9,ICICI Bank,savings,37291.38,,,
acct_88d0b2e47a,cust_4b8621f06a,ICICI Bank,savings,16474.72,,,
acct_ac05b0f3bf,cust_90b3bdd48f,Bank of Baroda,savings,45986.92,,,
acct_fa2cf02c0b,cust_d39ba0df5d,Bank of Baroda,savings,6255.7,,,
acct_8b73d3dee0,cust_fa33bb639d,State Bank of India,savings,12085.73,,,
acct_fb94f41144,cust_7d39043dd2,Bank of Baroda,savings,34830.5,,,
acct_4bed690d29,cust_4fae077a38,Punjab National Bank,savings,38740.86,,,
acct_7050930357,cust_af9f3b4f21,State Bank of India,savings,17509.13,,,
acct_e9068039bd,cust_0fdfe75869,Punjab National Bank,savings,49600.94,,,
acct_05c6ea558d,cust_7df638a0d8,Bank of Baroda,savings,17543.4,,,
acct_27ad6cb546,cust_d52e38721a,HDFC Bank,savings,9985.6,,,
acct_eb8abe0b1a,cust_095baf8766,HDFC Bank,savings,46888.73,,,
acct_dfc9456083,cust_4b1b56b989,Axis Bank,savings,46506.61,,,
acct_02df2fc30b,cust_0900b2022c,HDFC Bank,savings,26758.72,,,
acct_c5e94aae99,cust_d27d7b895b,Axis Bank,savings,37488.59,,,
acct_3e32a40e96,cust_fb76d9841e,State Bank of India,savings,13955.26,,,
acct_bc3814236c,cust_cbf0b117a1,Bank of Baroda,savings,29270.53,,,
acct_08e168a9c4,cust_015720e5bb,Bank of Baroda,savings,17916.37,,,
acct_a3135db995,cust_40a7eb1a60,Axis Bank,savings,14880.16,,,
acct_e6cbff4bba,cust_209d253d25,HDFC Bank,savings,45039.99,,,
acct_304dc2ed12,cust_615d0d97bd,HDFC Bank,savings,21320.65,,,
acct_8ea6d3e057,cust_c619452a49,Punjab National Bank,savings,9498.29,,,
acct_8aa72a0215,cust_40e56f3735,Punjab National Bank,savings,25999.07,,,
acct_e4dc681e92,cust_23b0eb6016,Bank of Baroda,savings,24285.2,,,
acct_fa74f3c274,cust_8b94a54563,Bank of Baroda,savings,35748.88,,,
acct_76b394d13e,cust_6fe8c81d7b,State Bank of India,savings,42466.54,,,
acct_83a3db24dd,cust_01aedc781f,Punjab National Bank,savings,16131.77,,,
acct_537af6f9a3,cust_f6ffde32b0,Axis Bank,savings,15619.04,,,
acct_d0b0044ecd,cust_8b1f04a4eb,Bank of Baroda,savings,24081.1,,,
acct_d3040f3788,cust_458877296f,ICICI Bank,savings,14219.88,,,
acct_ab742dd197,cust_60ffe2ea53,ICICI Bank,savings,10824.98,,,
acct_ac3ede54b0,cust_613b58b738,Punjab National Bank,savings,27575.28,,,
acct_a73b5d3e1f,cust_1283f9a062,HDFC Bank,savings,2887.69,,,
acct_ee6a639584,cust_802cd3ca91,ICICI Bank,savings,26596.27,,,
acct_a17aa86b84,cust_110990346b,State Bank of India,savings,5641.44,,,
acct_c5cef2984f,cust_acd39c7206,HDFC Bank,savings,26096.95,,,
acct_81ac861b63,cust_0808c0d68f,Bank of Baroda,savings,30921.16,,,
acct_cf3d67c56c,cust_c0cf72cb13,Punjab National Bank,savings,8538.5,,,
acct_e31a5fbdb6,cust_61b0106fd8,State Bank of India,savings,19770.09,,,
acct_cfb7ef187b,cust_c8d8f55bca,Axis Bank,savings,3512.53,,,
acct_ce3ed8bdad,cust_160d5f6280,Punjab National Bank,savings,43277.6,,,
acct_59458b9d4e,cust_13ea7094d3,State Bank of India,savings,32785.14,,,
acct_18ab18ae04,cust_afec8aacd0,State Bank of India,savings,4987.34,,,
acct_9915ea02f0,cust_bac3851d21,HDFC Bank,savings,3092.86,,,
acct_fad0d7775f,cust_0eb1adfab5,ICICI Bank,savings,48547.26,,,
acct_e45d8020bf,cust_76b54eafe6,ICICI Bank,savings,5848.57,,,
acct_13388047f0,cust_7208d19cf4,HDFC Bank,savings,41202.48,,,
acct_627a216d5d,cust_5cccd9516e,Punjab National Bank,savings,49034.05,,,
acct_970207ad1a,cust_3eac34b13c,State Bank of India,savings,29624.63,,,
acct_4f00e2ae09,cust_f29e541788,Punjab National Bank,savings,34811.13,,,
acct_5f8b8a1673,cust_9aa46cee2d,State Bank of India,savings,20391.61,,,
acct_1ca2c1c390,cust_2a05d76c43,Punjab National Bank,savings,31067.68,,,
acct_977c741024,cust_bbd64a4f59,HDFC Bank,savings,12228.7,,,
acct_4fdb6884f8,cust_b1f7bdb75b,Bank of Baroda,savings,33450.68,,,
acct_51d3a0e337,cust_2457d8f0c5,State Bank of India,savings,38361.34,,,
acct_888059f280,cust_8a37ac25c2,State Bank of India,savings,31845.29,,,
acct_059b511d6a,cust_ea71d7b9d5,HDFC Bank,savings,19915.17,,,
acct_1d92421ecf,cust_73f5f6e3f7,HDFC Bank,savings,21314.59,,,
acct_91a966e486,cust_ce729435c6,Bank of Baroda,savings,36786.1,,,
acct_728c02f45d,cust_6da3aedb39,State Bank of India,savings,22554.8,,,
acct_a9f71ee25f,cust_ca5512b1af,Punjab National Bank,savings,3480.64,,,
acct_f5a2ad0d70,cust_176de21eaf,State Bank of India,savings,21420.09,,,
acct_ffa14824a0,cust_05cc0e3d5e,Bank of Baroda,savings,6416.22,,,
acct_780c277884,cust_4d96bb927f,Bank of Baroda,savings,10771.96,,,
acct_f009746713,cust_d527272e85,Bank of Baroda,savings,22566.23,,,
acct_76752232d4,cust_1501ff0fb5,Punjab National Bank,savings,41020.18,,,
acct_4b7e86e473,cust_d391843fdc,Punjab National Bank,savings,28962.89,,,
acct_4b217a81f3,cust_09d65b3df1,State Bank of India,savings,43930.14,,,
acct_4ac0b74b18,cust_d57dfb8639,Axis Bank,savings,36817.51,,,
acct_3235e1b88f,cust_7b5929efb3,State Bank of India,savings,37291.38,,,
acct_a8a908103b,cust_4072805180,Bank of Baroda,savings,38459.06,,,
acct_e6e5bb0bb4,cust_0384dc3349,ICICI Bank,savings,26508.46,,,
acct_2ea8ea00ce,cust_f39ed8b087,HDFC Bank,savings,37708.81,,,
acct_754fb2f519,cust_86eb96d2a2,Bank of Baroda,savings,20429.41,,,
acct_791692ab9e,cust_61063a2f67,Punjab National Bank,savings,7839.24,,,
acct_834eabc5f1,cust_92157e232e,Axis Bank,savings,46053.17,,,
acct_6d0d82b32c,cust_400316a861,Bank of Baroda,savings,29960.71,,,
acct_acabdaf14e,cust_cbab146e2f,Bank of Baroda,savings,47553.61,,,
acct_01f883cc37,cust_aae50f17db,ICICI Bank,savings,26909.55,,,
acct_7f7613ee31,cust_cf2c545575,HDFC Bank,savings,41271.57,,,
acct_6b8727b11d,cust_5fe6661235,Axis Bank,savings,4713.95,,,
acct_2f19fe1df0,cust_be9fe74f70,Punjab National Bank,savings,39623.11,,,
acct_491abfe0f9,cust_c14887ac2f,HDFC Bank,savings,47164.51,,,
acct_fbea88b520,cust_38a1f10c25,HDFC Bank,savings,42119.74,,,
acct_87667e9bb7,cust_22d9d31277,ICICI Bank,savings,43365.89,,,
acct_8468de02f6,cust_a7f56857fe,ICICI Bank,savings,28983.54,,,
acct_dc2ec9e96a,cust_733544e5b4,Axis Bank,savings,48366.98,,,
acct_5921f47f0b,cust_a3b6f34be9,Bank of Baroda,savings,36633.64,,,
acct_d71b8f62f5,cust_6cecbd93b0,Punjab National Bank,savings,32309.38,,,
acct_f45230af58,cust_7d5e34ed8a,State Bank of India,savings,27455.14,,,
acct_a5865f17d9,cust_93375a5887,Bank of Baroda,savings,34808.92,,,
acct_09ae97f267,cust_54d227d12e,State Bank of India,savings,8557.92,,,
acct_a8f1002404,cust_33c69f1ddc,ICICI Bank,savings,37750.42,,,
acct_ce901359a9,cust_cdb7ba10e7,Axis Bank,savings,37193.36,,,
acct_db015db2d8,cust_6969b93e58,Punjab National Bank,savings,24771.93,,,
acct_a35ef77a8c,cust_7f26869b5b,Bank of Baroda,savings,34238.25,,,
acct_e5ccfccde6,cust_9578e02c39,Punjab National Bank,savings,5849.99,,,
acct_bd3c6c8c64,cust_896e8f80d3,State Bank of India,savings,23728.12,,,
acct_4882893663,cust_5615710f85,State Bank of India,savings,32372.65,,,
acct_68e7917002,cust_735a3240be,State Bank of India,savings,17240.88,,,
acct_4d4c1c4c1f,cust_6a1c329be2,ICICI Bank,savings,28426.06,,,
acct_a6f4163b4b,cust_121acdd4c9,HDFC Bank,savings,37500.14,,,
acct_e50090e2ea,cust_919edb74bc,ICICI Bank,savings,41680.15,,,
acct_3441b9d870,cust_71f966763c,Bank of Baroda,savings,33998.13,,,
acct_b070260e8d,cust_4085dc69dd,Axis Bank,savings,24252.69,,,
acct_124ec7487a,cust_924a85c3af,HDFC Bank,savings,14400.95,,,
acct_c18c840151,cust_f4237ad9f4,Punjab National Bank,savings,2706.74,,,
acct_4a091848a1,cust_303bcf0a23,Bank of Baroda,savings,47926.99,,,
acct_b88d9c581a,cust_7afac95a64,ICICI Bank,savings,20169.59,,,
acct_801e75420b,cust_34f35fad71,HDFC Bank,savings,49503.82,,,
acct_84c8f76ddf,cust_862fc3f7e5,Axis Bank,savings,46208.1,,,
acct_24866c7e1a,cust_f143d3032e,State Bank of India,savings,20696.28,,,
acct_aa6a24593e,cust_2cfdaf8039,ICICI Bank,savings,37393.82,,,
acct_88b5f7c8c7,cust_a524b6ae3a,Punjab National Bank,savings,46145.55,,,
acct_fb34494ed3,cust_a9e02ce34a,Axis Bank,savings,8991.95,,,
acct_5aa13f01d3,cust_7a9f172b2d,Bank of Baroda,savings,3574.9,,,
acct_dce5ad62b3,cust_9bd1535fce,Bank of Baroda,savings,4666.97,,,
acct_264116146b,cust_6aeb3b33b2,ICICI Bank,savings,18365.11,,,
acct_f5f29e953d,cust_ce9c4384cc,Bank of Baroda,savings,9109.9,,,
acct_1b051af58c,cust_499203f51c,Punjab National Bank,savings,42130.54,,,
acct_deda38625f,cust_1089ca2262,Bank of Baroda,savings,5461.76,,,
acct_cdc1971297,cust_2313f29920,Bank of Baroda,savings,29309.15,,,
acct_eb6b9e60a0,cust_27955be359,Bank of Baroda,savings,43057.51,,,
acct_72d5bb6fc2,cust_54de545c3b,Bank of Baroda,savings,4248.2,,,
acct_c7d30e047b,cust_1d56a9a22f,Axis Bank,savings,28503.89,,,
acct_5efb09ba1f,cust_ee0bd9ef5e,Axis Bank,savings,10874.7,,,
acct_714eceb568,cust_cfe6aece48,HDFC Bank,savings,18210.33,,,
acct_b4d883b1ea,cust_14938c150a,Punjab National Bank,savings,7942.38,,,
acct_74a06cd9af,cust_98bd81ae40,HDFC Bank,savings,17475.49,,,
acct_22654aae0a,cust_b17c78eca2,State Bank of India,savings,2886.68,,,
acct_dc37ecabf6,cust_f464ecfff0,ICICI Bank,savings,30358.9,,,
acct_8826b7d424,cust_1f1748a9d7,State Bank of India,savings,33638.58,,,
acct_fd9b799e41,cust_a8bc139daf,State Bank of India,savings,49182.09,,,
acct_31afca5164,cust_646f4e70b8,ICICI Bank,savings,8486.71,,,
acct_1c098750d5,cust_ab48f4435b,HDFC Bank,savings,48299.78,,,
acct_e1b3389345,cust_89db3ae78c,State Bank of India,savings,19730.9,,,
acct_265b5c4707,cust_0d2bce701a,Bank of Baroda,savings,20510.84,,,
acct_f11f09d353,cust_755e197c7e,Punjab National Bank,savings,19130.69,,,
acct_7c4d0e95a4,cust_be545a3d63,State Bank of India,savings,11931.99,,,
acct_79653c35eb,cust_908de287fe,Axis Bank,savings,40750.14,,,
acct_acdf56b84a,cust_8782b6d0f0,Bank of Baroda,savings,8484.66,,,
acct_82c190a43a,cust_482db7f07e,Punjab National Bank,savings,7992.34,,,
acct_92c058123e,cust_1968ed96fc,Bank of Baroda,savings,48091.24,,,
acct_caa098f86b,cust_8d39907e0c,Bank of Baroda,savings,7005.55,,,
acct_1447c12d00,cust_1df4d5ed70,ICICI Bank,savings,25753.94,,,
acct_b760211f3d,cust_d3fd68f932,HDFC Bank,savings,44175.9,,,
acct_069b0b48b5,cust_0ea0d187dd,HDFC Bank,savings,31142.57,,,
acct_ba4b55bf0d,cust_ff03aac94e,Punjab National Bank,savings,21941.74,,,
acct_bedb30967c,cust_8a77094d62,Punjab National Bank,savings,4616.76,,,
acct_bd496dc70d,cust_70897618c4,HDFC Bank,savings,38989.27,,,
acct_5b121502d5,cust_a469d8dbb8,State Bank of India,savings,29034.18,,,
acct_9738b13237,cust_2254513036,ICICI Bank,savings,44590.42,,,
acct_b94848636e,cust_c88966c44d,HDFC Bank,savings,10814.55,,,
acct_b225feb529,cust_e6c77a5311,Axis Bank,savings,24761.3,,,
acct_97ef1de9c2,cust_3a2ecddef3,HDFC Bank,savings,14549.03,,,
acct_6c3dff0e75,cust_3a28f3bfdb,HDFC Bank,savings,42441.83,,,
acct_db37dd582e,cust_fe8e49cdd7,Axis Bank,savings,11661.59,,,
acct_22994291b3,cust_fe45fa8c29,ICICI Bank,savings,42233.5,,,
acct_2e08d778c1,cust_36b7947072,HDFC Bank,savings,38869.27,,,
acct_87b9043c44,cust_4ecae563d0,ICICI Bank,savings,20611.18,,,
acct_887486feab,cust_61a93e6ae1,State Bank of India,savings,2072.83,,,
acct_fe227a44e5,cust_e21cf9bc41,Punjab National Bank,savings,12825.04,,,
acct_13a89a8dab,cust_d9a3f51f34,Punjab National Bank,savings,32690.01,,,
acct_d2f154ca1f,cust_a1433920fd,Bank of Baroda,savings,18190.95,,,
acct_2f91deb7e2,cust_5a80c9a32e,Punjab National Bank,savings,37860.25,,,
acct_e1bcfb123d,cust_8f02c0e8d0,Bank of Baroda,savings,3140.83,,,
acct_a9932261d6,cust_0af5a5bbb3,Punjab National Bank,savings,30231.61,,,
acct_13167222c2,cust_3429ccdfaa,Bank of Baroda,savings,33178.03,,,
acct_1f71092110,cust_a3f87322cb,Punjab National Bank,savings,48383.34,,,
acct_c33010dd0f,cust_b3c12371e0,Axis Bank,savings,14302.19,,,
acct_15a0632baf,cust_305ff81428,State Bank of India,savings,23474.55,,,
acct_88eaea8a89,cust_066ec9b512,Axis Bank,savings,18310.69,,,
acct_aad74e8704,cust_48b24be309,ICICI Bank,savings,45895.46,,,
acct_206be3f85d,cust_972b3df9d3,ICICI Bank,savings,41019.38,,,
acct_6716aadd50,cust_b9dcfefeee,Axis Bank,savings,22408.74,,,
acct_41b6a159ea,cust_2a1d5d3cd3,Punjab National Bank,savings,9451.61,,,
acct_e4ae903e6a,cust_c17070383e,State Bank of India,savings,21256.69,,,
acct_f2021f4d77,cust_be8eb6e5a3,HDFC Bank,savings,32231.98,,,
acct_0058909661,cust_1128f6937e,Bank of Baroda,savings,44979.42,,,
acct_631ecb5f29,cust_4470c4e192,Axis Bank,savings,11931.25,,,
acct_687ff801fe,cust_36941e3187,Bank of Baroda,savings,29739.34,,,
acct_e561de4273,cust_d62ff54b74,HDFC Bank,savings,24591.54,,,
acct_40f5ac9d2a,cust_405a780cf3,Punjab National Bank,savings,19311.48,,,
acct_ff43f6fe69,cust_aee1828ceb,ICICI Bank,savings,26894.92,,,
acct_d1494aa52e,cust_83aecf7bed,Axis Bank,savings,27302.04,,,
acct_ec15e39654,cust_f4bda45f99,State Bank of India,savings,46942.61,,,
acct_1c3403baf4,cust_fcaa2fa939,Punjab National Bank,savings,27589.55,,,
acct_cf24e65c64,cust_2b64de173e,State Bank of India,savings,32837.62,,,
acct_4044a911bb,cust_3d46b20ff0,HDFC Bank,savings,28948.26,,,
acct_3f46507256,cust_6ad53c3821,State Bank of India,savings,31740.88,,,
acct_1c87018c94,cust_0714ad9243,Punjab National Bank,savings,28664.94,,,
acct_ca91a36b92,cust_4a8aa8e73e,Punjab National Bank,savings,9506.33,,,
acct_19da776099,cust_0bbc9443bc,HDFC Bank,savings,8302.47,,,
acct_c3df2b8049,cust_169b522ed4,ICICI Bank,savings,49271.33,,,
acct_c1784006e0,cust_63465e8f96,Bank of Baroda,savings,4748.46,,,
acct_77d4555c05,cust_fa5f91b06e,ICICI Bank,savings,6547.05,,,
acct_76e7f90a28,cust_9323a3463d,State Bank of India,savings,13730.71,,,
acct_9da47acbab,cust_df2a87746e,HDFC Bank,savings,5392.01,,,
acct_c52e9e552e,cust_f388eaef02,Axis Bank,savings,15601.47,,,
acct_0bdd6c197a,cust_5310f74255,HDFC Bank,savings,45274.52,,,
acct_f25730ecc5,cust_5f7bf9a00d,ICICI Bank,savings,20844.25,,,
acct_d57c9f0dfe,cust_12bbbf412c,Bank of Baroda,savings,13776.04,,,
acct_6aa4f8c1e3,cust_c950b34a7e,Punjab National Bank,savings,21568.67,,,
acct_5d24957ad8,cust_46d5d69f4a,Axis Bank,savings,31181.51,,,
acct_5556a3d3af,cust_b7d5056e27,Bank of Baroda,savings,35935.42,,,
acct_6d85a50f72,cust_35cbe47199,ICICI Bank,savings,32352.39,,,
acct_4105de8435,cust_22a5293c54,ICICI Bank,savings,28393.13,,,
acct_f639d44af8,cust_c14e79a068,Punjab National Bank,savings,44343.58,,,
acct_e2cbc7b6d9,cust_796f53a2f1,State Bank of India,savings,9109.12,,,
acct_e80f2238ed,cust_d8b6f64d4d,Bank of Baroda,savings,18528.38,,,
acct_e0b2442fce,cust_490dfee195,HDFC Bank,savings,37446.98,,,
acct_d24a152a57,cust_187933fefb,Bank of Baroda,savings,38555.68,,,
acct_5956234895,cust_17ab6b9a3b,State Bank of India,savings,48044.52,,,
acct_5a81b64789,cust_d6ec537a29,State Bank of India,savings,39148.65,,,
acct_1496382385,cust_a41dcf529d,Axis Bank,savings,10354.68,,,
acct_731c6e7834,cust_21e1e03291,State Bank of India,savings,22078.63,,,
acct_f480e151dc,cust_24872a5d07,Axis Bank,savings,6907.55,,,
acct_54937a00f5,cust_c8e4f92fab,Axis Bank,savings,23851.59,,,
acct_f28c3af964,cust_d251ebb633,Punjab National Bank,savings,41107.2,,,
acct_3a00591ce1,cust_e852975eab,ICICI Bank,savings,6324.9,,,
acct_9c5893fff1,cust_6f7097b574,Axis Bank,savings,33957.9,,,
acct_7e12a569d9,cust_0e94136e7f,State Bank of India,savings,25070.52,,,
acct_f3fe9f8e29,cust_901c155648,Bank of Baroda,savings,6365.27,,,
acct_e8328bda7a,cust_84e1e3c5d8,State Bank of India,savings,27803.74,,,
acct_7aa61311f5,cust_43101e2666,Punjab National Bank,savings,46362.49,,,
acct_7b8cf90bac,cust_e63a428a4f,Bank of Baroda,savings,39412.76,,,
acct_30c72cb8cc,cust_e5c923733b,Bank of Baroda,savings,42100.42,,,
acct_6615b2eff0,cust_7a5b835b93,Axis Bank,savings,30202.36,,,
acct_20bc4b8de2,cust_3f06a80206,ICICI Bank,savings,33399.37,,,
acct_85971d77bd,cust_e4be88dfe7,Punjab National Bank,savings,14659.64,,,
acct_8ddfcf3537,cust_4837f0c0a3,HDFC Bank,savings,10837.97,,,
acct_817d0b05a8,cust_dc979617ac,Axis Bank,savings,29629.91,,,
acct_2ca819b8ba,cust_d45858ea9f,State Bank of India,savings,4890.85,,,
acct_9c73c83aa2,cust_05f71b41b3,ICICI Bank,savings,39979.9,,,
acct_203130378e,cust_a7dc52c6da,State Bank of India,savings,10243.37,,,
acct_d979e82949,cust_756cb28f4b,State Bank of India,savings,41347.5,,,
acct_fdbca8afe6,cust_93f16a04d6,Bank of Baroda,savings,31449.24,,,
acct_1e1bce5cad,cust_1611c840f3,ICICI Bank,savings,14982.22,,,
acct_a168a513e6,cust_dd11fe3ea5,HDFC Bank,savings,32396.81,,,
acct_ced539733c,cust_b47a2385d9,Punjab National Bank,savings,11484.63,,,
acct_fea63ba299,cust_077a22d4db,State Bank of India,savings,29868.02,,,
acct_d2baf2f167,cust_bdec042062,Bank of Baroda,savings,39929.13,,,
acct_de5b4adfdc,cust_2f1256aa19,Punjab National Bank,savings,7436.63,,,
acct_c0bf5b7af5,cust_6269a9411b,Punjab National Bank,savings,12170.47,,,
acct_f73988acab,cust_f82cd0b02a,ICICI Bank,savings,25563.55,,,
acct_07e716b00e,cust_a44228a3e2,Bank of Baroda,savings,6834.11,,,
acct_f38470981f,cust_686c620ad3,Bank of Baroda,savings,38782.17,,,
acct_19e6be230f,cust_7bc3fae4d8,State Bank of India,savings,19913.69,,,
acct_573e9e44cb,cust_97f2677a6d,ICICI Bank,savings,12306.81,,,
acct_f56c2f071a,cust_02e829f43b,Bank of Baroda,savings,11222.88,,,
acct_22aee40e42,cust_d18d96c83f,ICICI Bank,savings,39641.05,,,
acct_7a34551016,cust_94fc2dbcbf,Bank of Baroda,savings,25529.6,,,
acct_8f8636f795,cust_67c1f45ddc,Axis Bank,savings,22452.1,,,
acct_67f5f6635b,cust_313f8c50a7,Punjab National Bank,savings,41782.27,,,
acct_cf25658cfb,cust_2588bfadc8,Bank of Baroda,savings,48321.87,,,
acct_a53df88822,cust_f3fb49158e,Axis Bank,savings,30917.19,,,
acct_1e5a1eb327,cust_467b9e36e8,State Bank of India,savings,4116.22,,,
acct_5e95146da2,cust_2dbc1554a1,State Bank of India,savings,12442.54,,,
acct_3ad52abf96,cust_a4f9303367,State Bank of India,savings,38682.62,,,
acct_1cf363d762,cust_13f40426ae,Punjab National Bank,savings,41793.15,,,
acct_a02040be54,cust_e16931ac9b,State Bank of India,savings,21562.9,,,
acct_401fc9bfd0,cust_9571d9bbfd,State Bank of India,savings,38846.47,,,
acct_9bdd7e52be,cust_2ae7a6a289,Bank of Baroda,savings,31755.03,,,
acct_e6d480724d,cust_d5c6661e54,Punjab National Bank,savings,39260.29,,,
acct_d5fe3699fe,cust_a0f46a46dd,State Bank of India,savings,31056.83,,,
acct_e172162f15,cust_b04272ff76,Bank of Baroda,savings,21177.07,,,
acct_871d580564,cust_6d7289a487,Axis Bank,savings,24173.9,,,
acct_3d850f9b54,cust_854f6e0910,Axis Bank,savings,44132.96,,,
acct_5099ffcfa4,cust_a98f17fc24,Axis Bank,savings,15299.33,,,
acct_481eafbd56,cust_1134918e9c,State Bank of India,savings,17677.78,,,
acct_c1ac20e046,cust_f4ee47e56f,Bank of Baroda,savings,2502.74,,,
acct_433beea05c,cust_fa164991a1,ICICI Bank,savings,6175.46,,,
acct_ba1e67f845,cust_c015161026,Punjab National Bank,savings,7036.55,,,
acct_9c93046cf7,cust_fa13979071,Bank of Baroda,savings,47182.48,,,
acct_abb0ca7af7,cust_5bc37c8529,Punjab National Bank,savings,38445.41,,,
acct_794a0ff039,cust_8eab82d3da,Axis Bank,savings,21440.55,,,
acct_cd020a64b1,cust_759cd3895d,State Bank of India,savings,3300.6,,,
acct_ae8add12ec,cust_ddbf87207c,State Bank of India,savings,24345.32,,,
acct_b89a21caec,cust_362bb9cddb,Punjab National Bank,savings,15476.16,,,
acct_3c365aa9e2,cust_9fa3923dac,ICICI Bank,savings,23791.54,,,
acct_26d96039f8,cust_940becc01a,Axis Bank,savings,40938.77,,,
acct_1f46860821,cust_0625128d67,State Bank of India,savings,40656.95,,,
acct_31ab3a044c,cust_52f58755bf,Punjab National Bank,savings,45401.14,,,
acct_39d7072cf3,cust_a90f5a0cfc,State Bank of India,savings,30415.63,,,
acct_391df3e579,cust_28ecc7782f,HDFC Bank,savings,11671.26,,,
acct_36852b593b,cust_9cb1442023,ICICI Bank,savings,48809.85,,,
acct_f4c3a54ff5,cust_1f07ee76b9,Punjab National Bank,savings,9995.46,,,
acct_2cab12c19f,cust_a0762c0c20,HDFC Bank,savings,43229.13,,,
acct_e58165aa75,cust_fd612c807d,Punjab National Bank,savings,44817.65,,,
acct_0c1f41d7a5,cust_1a450543cb,HDFC Bank,savings,5286.68,,,
acct_538b6ad9fa,cust_0a8c845484,Axis Bank,savings,41787.83,,,
acct_a6f8aadd81,cust_d6e22444fa,ICICI Bank,savings,32619.41,,,
acct_4f8a74ee9f,cust_72416ebc8e,Bank of Baroda,savings,41345.31,,,
acct_204f414eac,cust_fa2947b746,Axis Bank,savings,4125.61,,,
acct_5ce6fc1e28,cust_461a58219c,State Bank of India,savings,14705.7,,,
acct_0c95d89d67,cust_9e37ee9353,State Bank of India,savings,8923.77,,,
acct_6bd69835e6,cust_5ee5987e03,Axis Bank,savings,35046.54,,,
acct_def38b5fa6,cust_62fbb46a69,Axis Bank,savings,28505.9,,,
acct_9183c1eace,cust_db52ad8bfd,HDFC Bank,savings,13498.7,,,
acct_e36f068f1a,cust_2863c8670e,Punjab National Bank,savings,29130.26,,,
acct_7dc7f965fa,cust_b030f8ce0d,Axis Bank,savings,10469.68,,,
acct_d94876ad97,cust_7796de7863,HDFC Bank,savings,39766.08,,,
acct_f540b2b3eb,cust_ce67e6b774,Axis Bank,savings,42728.04,,,
acct_62e23f4913,cust_73ba6ca01d,HDFC Bank,savings,27335.66,,,
acct_bc50d01931,cust_25c872d9fd,State Bank of India,savings,44550.67,,,
acct_f183881f2a,cust_96ecfa1d21,Punjab National Bank,savings,8999.91,,,
acct_90af488517,cust_e67d7e60c0,State Bank of India,savings,10345.89,,,
acct_380ab91406,cust_e812eeee49,Punjab National Bank,savings,11021.61,,,
acct_5d899a4371,cust_5c50646326,State Bank of India,savings,24828.99,,,
acct_dcc9ebc078,cust_e8190a7282,State Bank of India,savings,5501.81,,,
acct_53a958088e,cust_3fc3f8df49,Axis Bank,savings,48585.58,,,
acct_9ccab1fd5f,cust_0a8a8757ec,Punjab National Bank,savings,18134.47,,,
acct_1a42ab89f0,cust_8b4583029f,ICICI Bank,savings,35125.91,,,
acct_59d433d536,cust_18c5d5753c,State Bank of India,savings,30361.61,,,
acct_5bed4972d8,cust_3d3ffc65cf,State Bank of India,savings,48969.95,,,
acct_9b94b8ea49,cust_63f5d4bf97,Bank of Baroda,savings,26036.31,,,
acct_2221d1966a,cust_33d29a741c,HDFC Bank,savings,13537.59,,,
acct_96a14563bd,cust_e326396d71,State Bank of India,savings,23189.73,,,
acct_1c61e75212,cust_b15a556183,State Bank of India,savings,24255.81,,,
acct_5051e66000,cust_4f5bbf9818,HDFC Bank,savings,6416.63,,,
acct_721dc91aef,cust_7b7b787fa5,Axis Bank,savings,43471.55,,,
acct_8f29e00db1,cust_4d3b943ff1,HDFC Bank,savings,11928.94,,,
acct_b3f90f7c06,cust_e08448c98b,HDFC Bank,savings,29300.14,,,
acct_51fa791c83,cust_c53d0db15c,Bank of Baroda,savings,39080.09,,,
acct_dd22b52bd8,cust_a330fd4d52,HDFC Bank,savings,28693.08,,,
acct_b70dc65285,cust_076a174eeb,Bank of Baroda,savings,28147.99,,,
acct_b9e0a424e5,cust_52b617e0b4,ICICI Bank,savings,21633.72,,,
acct_10722655e3,cust_3bd1a1ddc5,Punjab National Bank,savings,29460.45,,,
acct_2af2ab424c,cust_2bdb1a08a3,ICICI Bank,savings,32424.15,,,
acct_b563cf7864,cust_a2206f04f9,ICICI Bank,savings,5729.45,,,
acct_14c57e0b11,cust_3fb70fb834,State Bank of India,savings,12222.31,,,
acct_9612cd9c1d,cust_0fbac7a252,ICICI Bank,savings,20998.51,,,
acct_629b4fa38e,cust_65968d678c,Bank of Baroda,savings,14963.98,,,
acct_9883e7deab,cust_4bc8829e18,Bank of Baroda,savings,4731.88,,,
acct_6b994ea61b,cust_586f72a6ef,Axis Bank,savings,47475.93,,,
acct_2465bac4a8,cust_fcbb2ac85f,State Bank of India,savings,12676.55,,,
acct_345ef05aa1,cust_c24018c95b,HDFC Bank,savings,6650.45,,,
acct_cc1a56d192,cust_4113a2436c,ICICI Bank,savings,26368.07,,,
acct_922fcbf359,cust_85313215eb,Bank of Baroda,savings,15887.17,,,
acct_9dc7e27038,cust_e03e4ac2e5,Punjab National Bank,savings,38382.71,,,
acct_2f64069182,cust_18b5ad8719,Axis Bank,savings,10141.81,,,
acct_3d1fdae233,cust_966ab4665d,ICICI Bank,savings,45499.93,,,
acct_95de20d151,cust_27fd80e729,Axis Bank,savings,16556.6,,,
acct_dd2faa9bef,cust_04daa5223a,HDFC Bank,savings,44046.57,,,
acct_142c3a2a3e,cust_9ac13ef542,ICICI Bank,savings,41905.52,,,
acct_5d79e35403,cust_cc7c431489,Axis Bank,savings,22251.07,,,
acct_44f02f2335,cust_1dfe931116,Punjab National Bank,savings,39291.96,,,
acct_8c77b7c46f,cust_6e7e39fb6e,ICICI Bank,savings,30077.14,,,
acct_17bf4d783e,cust_30812ce1aa,ICICI Bank,savings,44566.55,,,
acct_2d29ced223,cust_bb6c4c85f9,Axis Bank,savings,27833.93,,,
acct_d3de3fb1d3,cust_cac86b2c8a,Bank of Baroda,savings,41570.71,,,
acct_af66814c10,cust_09e6fb35b6,Bank of Baroda,savings,35788.85,,,
acct_44b12e2b1e,cust_846950cc63,ICICI Bank,savings,26263.46,,,
acct_c2bfbf86aa,cust_6d9c4aa132,Punjab National Bank,savings,8275.23,,,
acct_3b5e8e20b4,cust_6cb27c2b35,Bank of Baroda,savings,38251.52,,,
acct_e5206017e3,cust_f9b62c95a3,HDFC Bank,savings,5105.01,,,
acct_d841c50d1c,cust_f5e2398019,State Bank of India,savings,15898.56,,,
acct_6b286518d5,cust_8f1718e028,Axis Bank,savings,30840.86,,,
acct_f40e200171,cust_ccb5e8787f,Bank of Baroda,savings,21249.18,,,
acct_e2e6d245c9,cust_e174bb6576,ICICI Bank,savings,9344.89,,,
acct_cdca7697da,cust_556d120e3c,Punjab National Bank,savings,47059.52,,,
acct_6ce50dbdbd,cust_64b8b52b62,ICICI Bank,savings,13697.92,,,
acct_8579337db9,cust_4651a8e44f,Axis Bank,savings,31814.39,,,
acct_2cf21443e7,cust_339c592059,Bank of Baroda,savings,35290.34,,,
acct_8b33be50fc,cust_815a8e5fff,HDFC Bank,savings,21799.07,,,
acct_216ff2a99e,cust_b69953ff1f,Punjab National Bank,savings,3425.49,,,
acct_4b4aef91bc,cust_9d4839522a,State Bank of India,savings,44539.16,,,
acct_9a919c899c,cust_8837e7d778,Punjab National Bank,savings,29510.41,,,
acct_8ee167f68b,cust_7820e33c36,HDFC Bank,savings,6400.48,,,
acct_8063708455,cust_841b10ed5d,State Bank of India,savings,41204.97,,,
acct_2ace0b6df2,cust_5a2b26efb2,Axis Bank,savings,7806.87,,,
acct_27690af092,cust_54edb4ca32,Bank of Baroda,savings,19679.55,,,
acct_b9d0b5b623,cust_6b62e700ba,Bank of Baroda,savings,42083.72,,,
acct_b15e440bc6,cust_27435a7c8c,ICICI Bank,savings,24337.0,,,
acct_5381037ae8,cust_3460c4a02a,HDFC Bank,savings,45283.22,,,
acct_66dc7264f0,cust_59813246ee,HDFC Bank,savings,11155.97,,,
acct_da01ed723b,cust_71bacca0c0,Punjab National Bank,savings,31250.69,,,
acct_0ee92a59e3,cust_53a28536a5,Bank of Baroda,savings,33477.96,,,
acct_e9795739e6,cust_73d0137102,HDFC Bank,savings,6301.54,,,
acct_52cd9e3725,cust_857cfa839c,HDFC Bank,savings,23002.63,,,
acct_f3a622ef02,cust_97eed13814,ICICI Bank,savings,42481.86,,,
acct_bf22e507bc,cust_79ede6eb36,Axis Bank,savings,2210.33,,,
acct_af0d0be54d,cust_c5a0f168a5,State Bank of India,savings,29031.02,,,
acct_2d6f33d479,cust_2e2e184530,Axis Bank,savings,46304.22,,,
acct_fd834191bf,cust_b5b856b232,HDFC Bank,savings,13544.71,,,
acct_155936e333,cust_1bfda98032,Bank of Baroda,savings,28069.52,,,
acct_b54e7ca51d,cust_07deec73c4,ICICI Bank,savings,9079.27,,,
acct_b9b4f9d4d6,cust_a2fb20429b,Punjab National Bank,savings,4736.28,,,
acct_4517f7d80b,cust_7763c2d5a7,ICICI Bank,savings,24079.38,,,
acct_e03a281743,cust_1da1e62387,Axis Bank,savings,44080.77,,,
acct_e32f0cf056,cust_387452dec6,State Bank of India,savings,37849.4,,,
acct_f173e803fa,cust_6179254957,State Bank of India,savings,32200.59,,,
acct_f12b048208,cust_333cdd6cf6,State Bank of India,savings,36694.55,,,
acct_27fddc8c80,cust_5df7653693,State Bank of India,savings,47591.1,,,
acct_f6e0789de7,cust_f3668b262f,Bank of Baroda,savings,46333.75,,,
acct_d10b607e28,cust_70616c65ff,ICICI Bank,savings,30914.71,,,
acct_272fe46518,cust_354eb8e88f,HDFC Bank,savings,13876.99,,,
acct_64513bdee7,cust_4080cc9fea,Punjab National Bank,savings,33451.93,,,
acct_23477468e9,cust_a706cec6e0,Punjab National Bank,savings,4262.0,,,
acct_d5b7b23350,cust_c92dd4b6a9,Axis Bank,savings,36842.88,,,
acct_d4cb983f37,cust_214088db8c,Punjab National Bank,savings,37592.74,,,
acct_662b565cf9,cust_b46619ffe5,Axis Bank,savings,49010.79,,,
acct_08304e4476,cust_41e1a8c0e3,Axis Bank,savings,27865.2,,,
acct_f164c9bd3e,cust_46626c7d1d,State Bank of India,savings,42819.88,,,
acct_e79455dc85,cust_fdca3eef71,HDFC Bank,savings,26983.54,,,
acct_7085b8a123,cust_eb82b5dc9f,Axis Bank,savings,15983.98,,,
acct_6bd3acd0d9,cust_5cb170f553,Bank of Baroda,savings,2164.97,,,
acct_53051a4ab6,cust_8765d7576f,Axis Bank,savings,24295.12,,,
acct_772d200d53,cust_8707c03577,State Bank of India,savings,12862.36,,,
acct_8946ea9bde,cust_d42169901a,Axis Bank,savings,12118.69,,,
acct_72689a7e48,cust_b570fe1076,ICICI Bank,savings,47539.32,,,
acct_ed6d990b36,cust_8d6d521f23,Bank of Baroda,savings,12470.85,,,
acct_404cb1a08c,cust_a3ce407f54,HDFC Bank,savings,46994.49,,,
acct_6c9373816f,cust_cac92d08a6,Bank of Baroda,savings,24598.66,,,
acct_93be085977,cust_ca1ed29d3a,HDFC Bank,savings,43994.57,,,
acct_0f9ad396c2,cust_698cc4601a,Axis Bank,savings,24396.31,,,
acct_e19882e589,cust_b8d5a79b82,Punjab National Bank,savings,30730.72,,,
acct_97fc28cf0c,cust_e504d346e0,State Bank of India,savings,17976.38,,,
acct_97689ae0c2,cust_6b4c39f3ee,Punjab National Bank,savings,11947.5,,,
acct_9e242f4b6d,cust_91ce6b145a,Axis Bank,savings,37341.17,,,
acct_c04ea28f4f,cust_d423ef4ee8,ICICI Bank,savings,20077.89,,,
acct_c979575856,cust_3a4f7adddc,Punjab National Bank,savings,37375.29,,,
acct_b0d83c5f3c,cust_884bccea96,State Bank of India,savings,14240.3,,,
acct_7bfbf97d16,cust_6f0b171660,Bank of Baroda,savings,17844.64,,,
acct_1ce432fa84,cust_fadc327ebf,Bank of Baroda,savings,8109.38,,,
acct_becedb5241,cust_bd3e097c7d,ICICI Bank,savings,10459.96,,,
acct_7e0e5da54c,cust_1f0bc69689,HDFC Bank,savings,43811.95,,,
acct_6d45449451,cust_ce11ef321d,State Bank of India,savings,31433.71,,,
acct_4628cb6117,cust_4665165528,ICICI Bank,savings,41191.1,,,
acct_870b92be1e,cust_abe5b1fb67,State Bank of India,savings,47422.47,,,
acct_60b1de1dde,cust_b5e7bd84c3,Axis Bank,savings,5896.46,,,
acct_146fdb9dab,cust_a666580043,Punjab National Bank,savings,41319.06,,,
acct_04199e83ca,cust_4a42cb6560,Axis Bank,savings,27083.61,,,
acct_6fc2840c92,cust_8e5ee4ff17,ICICI Bank,savings,28047.9,,,
acct_ef79c81e9d,cust_7e0989f90a,State Bank of India,savings,11157.83,,,
acct_acd0ac838c,cust_bc3f102451,HDFC Bank,savings,13111.57,,,
acct_d5fb6696f7,cust_83ae05fd31,Axis Bank,savings,28127.8,,,
acct_896922935f,cust_09eae5af9a,HDFC Bank,savings,14308.05,,,
acct_f245baae1c,cust_5ffae1c6da,Axis Bank,savings,25297.99,,,
acct_8144e6466c,cust_8e9377b85a,Axis Bank,savings,40184.54,,,
acct_9e4bd41b49,cust_c51ea34746,State Bank of India,savings,43915.69,,,
acct_e4968c13f8,cust_f7514505c2,ICICI Bank,savings,16526.2,,,
acct_d8232bc620,cust_065e7d17ad,Axis Bank,savings,13230.54,,,
acct_15a4eaca32,cust_19af7b5eeb,Punjab National Bank,savings,19946.56,,,
acct_e25cc97311,cust_3387059dc3,ICICI Bank,savings,28255.7,,,
acct_fc71a2db21,cust_d51cd7c667,ICICI Bank,savings,27751.31,,,
acct_134ac73c91,cust_a8bbb032c2,ICICI Bank,savings,10824.15,,,
acct_57c01f5e31,cust_f27d4972bb,HDFC Bank,savings,48601.55,,,
acct_74c87d7e54,cust_44efceead4,HDFC Bank,savings,3870.29,,,
acct_340045729e,cust_81b5774cc1,HDFC Bank,savings,2571.62,,,
acct_6a0379ce67,cust_4c075d62a5,State Bank of India,savings,11663.76,,,
acct_c2e7db0ad7,cust_823ad6d0d1,HDFC Bank,savings,13387.98,,,
acct_c6db2fe1d8,cust_b12ae51f81,ICICI Bank,savings,31391.26,,,
acct_eeb14e5513,cust_560cf1df83,Bank of Baroda,savings,6873.43,,,
acct_200bb276ff,cust_d46f1a98b7,State Bank of India,savings,45222.07,,,
acct_d61e08003d,cust_de8274883f,Axis Bank,savings,18296.85,,,
acct_c6bbbf7888,cust_ba0ab8c829,Punjab National Bank,savings,25448.08,,,
acct_0005142043,cust_bca5a575c6,State Bank of India,savings,5306.69,,,
acct_b0dc503c8d,cust_7a09c5bb9f,ICICI Bank,savings,2249.28,,,
acct_320ca998db,cust_2a98f5dd48,HDFC Bank,savings,40355.38,,,
acct_3a9b52b28e,cust_85e31e19e7,Axis Bank,savings,8646.97,,,
acct_3e7158dd12,cust_14126dc42d,Punjab National Bank,savings,7579.91,,,
acct_fad75fb678,cust_fa6baf6448,State Bank of India,savings,27003.21,,,
acct_a532c2f194,cust_046907c915,Bank of Baroda,savings,18164.96,,,
acct_dc99409a29,cust_9aa41acab1,ICICI Bank,savings,35565.41,,,
acct_14fc80a70f,cust_589102e1ea,State Bank of India,savings,42937.55,,,
acct_dd72abcd78,cust_7db8120bb8,Axis Bank,savings,45335.72,,,
acct_51041fde0b,cust_866f788b31,State Bank of India,savings,26639.42,,,
acct_62d340e079,cust_c0970f9595,State Bank of India,savings,5764.16,,,
acct_b657e27722,cust_142335c9bf,Punjab National Bank,savings,24231.27,,,
acct_d5ec33a370,cust_f50a368064,Bank of Baroda,savings,42871.62,,,
acct_f262a7f614,cust_36761d6a86,HDFC Bank,savings,13148.78,,,
acct_8df339ca71,cust_654ba8a8fa,State Bank of India,savings,36358.97,,,
acct_0963172c25,cust_004a5829ce,HDFC Bank,savings,36702.74,,,
acct_937c158a83,cust_27765ae6a3,State Bank of India,savings,42386.31,,,
acct_1818725197,cust_9cbf44558a,ICICI Bank,savings,19221.56,,,
acct_64ba6cc377,cust_5f79057253,Bank of Baroda,savings,34967.95,,,
acct_a45b2c823f,cust_a6030b8bb0,HDFC Bank,savings,45491.09,,,
acct_aa63079b29,cust_b9a446b4fd,HDFC Bank,savings,39371.78,,,
acct_46314ad4b9,cust_3d27ee435a,HDFC Bank,savings,36070.91,,,
acct_88578090e2,cust_226cc2c62c,State Bank of India,savings,7602.58,,,
acct_be5832ee55,cust_f8774ea6db,ICICI Bank,savings,41999.27,,,
acct_3909484175,cust_c0e01ec7de,Axis Bank,savings,11805.07,,,
acct_938e411890,cust_debe86fe93,HDFC Bank,savings,12288.64,,,
acct_40c517c6ee,cust_d042870e8b,HDFC Bank,savings,17671.42,,,
acct_0dcb535e2c,cust_7d59431fb5,ICICI Bank,savings,23228.43,,,
acct_6f6a7105d3,cust_740c3fbb18,Axis Bank,savings,11458.86,,,
acct_2f1b9ff494,cust_bfe9fec1c0,Punjab National Bank,savings,25390.19,,,
acct_db0ae45d08,cust_e05242e13f,Axis Bank,savings,24915.7,,,
acct_8fb4ca5039,cust_abb54abc87,ICICI Bank,savings,49638.48,,,
acct_f9f6b13786,cust_e40ccbc0fa,Axis Bank,savings,21738.81,,,
acct_6919c2e971,cust_52610e4797,Axis Bank,savings,8246.57,,,
acct_05c93b2b3b,cust_90e43f975c,ICICI Bank,savings,37676.63,,,
acct_13898ec5ac,cust_05b37cff6d,Bank of Baroda,savings,46395.96,,,
acct_46cb301896,cust_b21a53bb0c,Punjab National Bank,savings,27615.17,,,
acct_8a7e171374,cust_4f2be83eb2,Axis Bank,savings,13765.8,,,
acct_34e540c808,cust_8ef206903c,Punjab National Bank,savings,16685.71,,,
acct_741aed952f,cust_8f20582e6a,Punjab National Bank,savings,30693.62,,,
acct_cb2c39f6cd,cust_994e48b7e8,ICICI Bank,savings,5578.39,,,
acct_c9ab8af40a,cust_0a053221be,Punjab National Bank,savings,24069.88,,,
acct_c8c29badb7,cust_41e25c2e95,State Bank of India,savings,21049.21,,,
acct_f3fc67ef0a,cust_06076f5401,Axis Bank,savings,38647.76,,,
acct_f473f2de9a,cust_2492de20f0,HDFC Bank,savings,35976.77,,,
acct_87dfe0fb83,cust_1e97842f7d,Axis Bank,savings,2001.5,,,
acct_e22f79728b,cust_86f0123868,HDFC Bank,savings,7099.12,,,
acct_fd43d82498,cust_bf8a9d684a,Axis Bank,savings,17262.71,,,
acct_1cbc3400f7,cust_0e5614eaf0,Axis Bank,savings,26632.13,,,
acct_b6442c92ff,cust_a0671c2925,Punjab National Bank,savings,39638.65,,,
acct_f38545e837,cust_0054097522,HDFC Bank,savings,45702.23,,,
acct_c81bf383f6,cust_a3a8e4ad28,ICICI Bank,savings,34542.45,,,
acct_1446960ca6,cust_8dd4b316f2,Bank of Baroda,savings,45771.83,,,
acct_b9dcdd7e1d,cust_64087b967f,HDFC Bank,savings,5962.89,,,
acct_c949609ab6,cust_1ee33944b8,Bank of Baroda,savings,43780.32,,,
acct_5b7a1436b7,cust_321997b1b4,State Bank of India,savings,16189.71,,,
acct_8bc8c7f7d2,cust_2681dd7b7d,Punjab National Bank,savings,19804.95,,,
acct_847bd65b14,cust_614c292602,State Bank of India,savings,13548.67,,,
acct_8907103e23,cust_8aef4c6dce,State Bank of India,savings,6262.96,,,
acct_ba42ef9357,cust_7d1493a2fc,Bank of Baroda,savings,3409.07,,,
acct_0cb2ad3e04,cust_ce9362e47b,Bank of Baroda,savings,46579.28,,,
acct_5f7856a373,cust_77550c4da9,State Bank of India,savings,25139.11,,,
acct_c1102877c1,cust_e55adc6e54,State Bank of India,savings,4155.59,,,
acct_0678e9558e,cust_0c53de9337,HDFC Bank,savings,41819.6,,,
acct_c314948ac3,cust_5347bbe622,Axis Bank,savings,48739.45,,,
acct_dbc23f13d2,cust_34e34c9c00,HDFC Bank,savings,17562.34,,,
acct_a90f198754,cust_b649e68abf,Punjab National Bank,savings,27353.5,,,
acct_f10f411719,cust_00c186f369,Punjab National Bank,savings,43800.48,,,
acct_5ea5732163,cust_66c9bd8ce8,ICICI Bank,savings,2719.81,,,
acct_99a10c8c31,cust_a1aa0992fb,HDFC Bank,savings,11411.75,,,
acct_744b8d7b70,cust_1e3237b802,ICICI Bank,savings,46287.48,,,
acct_ae873a5c5a,cust_7fd703cb51,Axis Bank,savings,43599.6,,,
acct_d0372bedf5,cust_97533b10ac,Bank of Baroda,savings,28408.63,,,
acct_e289ed79b0,cust_d10fd42ff1,Bank of Baroda,savings,10423.12,,,
acct_df59a7082d,cust_6ad40b2ec5,Axis Bank,savings,40011.87,,,
acct_5009d8cdda,cust_a9a24bb8f7,Bank of Baroda,savings,33303.27,,,
acct_17ef286073,cust_3387b5ab71,Axis Bank,savings,29306.63,,,
acct_a3dcdfe998,cust_dbd4a20bdc,HDFC Bank,savings,43357.2,,,
acct_64762c7182,cust_fa546836a5,State Bank of India,savings,15984.74,,,
acct_814a9b916b,cust_ee0854383a,State Bank of India,savings,46577.08,,,
acct_0ff25bec87,cust_bc409c0986,State Bank of India,savings,18690.16,,,
acct_170142243d,cust_44274b3ec7,State Bank of India,savings,15524.77,,,
acct_00b540d5b5,cust_1c238f8e1c,Bank of Baroda,savings,48773.52,,,
acct_e3b182ec3a,cust_2524ad78e6,ICICI Bank,savings,42662.03,,,
acct_d924980da1,cust_cc0887057a,State Bank of India,savings,38380.78,,,
acct_d1800b9081,cust_5f3a1408f4,HDFC Bank,savings,7122.97,,,
acct_634bbf5a4c,cust_0fd27ebe0b,Bank of Baroda,savings,15006.59,,,
acct_aa0e8a15d3,cust_134666c88c,State Bank of India,savings,30158.27,,,
acct_c76ee713f6,cust_61f980ac17,Punjab National Bank,savings,8063.6,,,
acct_538d008493,cust_e1f63bc324,HDFC Bank,savings,9748.17,,,
acct_5b6ad5fbf5,cust_7153d2279e,HDFC Bank,savings,26660.21,,,
acct_773f9d2a54,cust_0dad2c5f52,HDFC Bank,savings,37486.03,,,
acct_fa61823767,cust_3bfb051090,Punjab National Bank,savings,24652.4,,,
acct_3078a775be,cust_2a1e8056c3,Punjab National Bank,savings,18739.9,,,
acct_2c37b8249f,cust_cf836037a0,Bank of Baroda,savings,6340.59,,,
acct_8e51769721,cust_91d48d71b8,State Bank of India,savings,7168.91,,,
acct_278c071fa4,cust_2a21fc67fc,Bank of Baroda,savings,8022.99,,,
acct_5dd2e83c46,cust_2f6ec7fcc6,Bank of Baroda,savings,47590.14,,,
acct_d8363ee790,cust_1e95efa78e,HDFC Bank,savings,33003.64,,,
acct_d47033cfc4,cust_49e6af6d3d,Axis Bank,savings,10827.29,,,
acct_160a98903e,cust_b47bf8a015,Punjab National Bank,savings,8404.53,,,
acct_1586490408,cust_5aac032a7c,HDFC Bank,savings,29114.96,,,
acct_8fba46f2ca,cust_1cef5cbb12,Punjab National Bank,savings,12579.21,,,
acct_108f6c958c,cust_4b9266db8a,Bank of Baroda,savings,12563.21,,,
acct_b55b12ca13,cust_5af04d6137,Bank of Baroda,savings,45593.53,,,
acct_d0542d476d,cust_e6427f23d7,ICICI Bank,savings,17169.61,,,
acct_dac72c3dd9,cust_938bffa55e,Axis Bank,savings,28453.67,,,
acct_1348bd150e,cust_d6c5d1a438,State Bank of India,savings,37048.66,,,
acct_1174df81a4,cust_01f1746379,Axis Bank,savings,35803.72,,,
acct_5b29715e5a,cust_1a90cb1fa5,Axis Bank,savings,40311.18,,,
acct_2ae25415e7,cust_1bf9d56035,ICICI Bank,savings,7247.82,,,
acct_6225f8686d,cust_f29bde45de,HDFC Bank,savings,13587.12,,,
acct_3d046da007,cust_25a3b01f75,Punjab National Bank,savings,19210.01,,,
acct_0b4f2326fd,cust_c950920b59,HDFC Bank,savings,3240.59,,,
acct_f9df680b23,cust_82c138e06f,Bank of Baroda,savings,45208.03,,,
acct_995fa6b1f4,cust_16071713c8,State Bank of India,savings,25389.53,,,
acct_ee645fa581,cust_fc77573b84,ICICI Bank,savings,4529.46,,,
acct_fd66a0ad3a,cust_c855f69cd8,Punjab National Bank,savings,9035.33,,,
acct_7349ff6cec,cust_ed8662445d,Bank of Baroda,savings,37607.07,,,
acct_1ec0eee180,cust_ecb301274d,HDFC Bank,savings,11486.36,,,
acct_e76a796f5b,cust_f0d73a5519,Punjab National Bank,savings,6358.99,,,
acct_0f0d74ec1c,cust_78ae5f7c5f,Axis Bank,savings,24700.06,,,
acct_0bc64fb8a9,cust_8ae2defb10,HDFC Bank,savings,41920.0,,,
acct_904ead1de4,cust_4035978d4f,Axis Bank,savings,33946.76,,,
acct_be3e4a3be1,cust_cd1c002acc,Bank of Baroda,savings,29535.0,,,
acct_c14cc29b6f,cust_8c822be32e,ICICI Bank,savings,21258.48,,,
acct_7a1e9c25fe,cust_c18372fb1b,Punjab National Bank,savings,18237.42,,,
acct_171cac2c56,cust_0abb4813c1,ICICI Bank,savings,47742.87,,,
acct_5d0a127f9e,cust_5687ca71b2,ICICI Bank,savings,41954.82,,,
acct_c2a196d02c,cust_e04cc22488,Punjab National Bank,savings,6500.53,,,
acct_105dbefb59,cust_472cef69ab,Bank of Baroda,savings,29958.6,,,
acct_8e25b4780b,cust_2638d9f8df,HDFC Bank,savings,6867.3,,,
acct_742c1bfd56,cust_32fb4e45ab,Punjab National Bank,savings,3135.54,,,
acct_9c572efa8a,cust_22ef4c1ef6,Punjab National Bank,savings,11515.46,,,
acct_ef0016e518,cust_5c8a998eb1,ICICI Bank,savings,44402.58,,,
acct_01d9fe032f,cust_4a3e67f575,ICICI Bank,savings,21340.37,,,
acct_de3135e6fd,cust_0e40a22d09,Punjab National Bank,savings,40246.52,,,
acct_8f6c953bd2,cust_ebcaaa729b,Bank of Baroda,savings,14346.98,,,
acct_a6db6af30b,cust_e277af2754,Bank of Baroda,savings,38957.96,,,
acct_743a8f5587,cust_534eb2920d,ICICI Bank,savings,4378.79,,,
acct_02a6fa1fed,cust_5e27575e04,Punjab National Bank,savings,2581.07,,,
acct_29233c21ff,cust_5ec2478cb5,Bank of Baroda,savings,49369.0,,,
acct_6d4c176458,cust_c5242c0c8a,ICICI Bank,savings,17160.21,,,
acct_d8c31a05ae,cust_0a8381c63f,State Bank of India,savings,5594.21,,,
acct_d45b033f8c,cust_3473cc3f1d,HDFC Bank,savings,48999.25,,,
acct_07310b36ec,cust_e1e59d7856,State Bank of India,savings,4920.59,,,
acct_1b39e03730,cust_e61a563ebc,Punjab National Bank,savings,18411.62,,,
acct_b56e03f691,cust_7d2831fc96,HDFC Bank,savings,22727.73,,,
acct_2d26db6295,cust_dc267196c5,ICICI Bank,savings,11554.28,,,
acct_a98a506f19,cust_566f86e085,Bank of Baroda,savings,45937.36,,,
acct_65ddb3b910,cust_953362627c,Bank of Baroda,savings,9460.92,,,
acct_773fe15fdf,cust_be726401d4,Bank of Baroda,savings,2347.54,,,
acct_4724f16415,cust_ba1924afcb,Axis Bank,savings,13412.84,,,
acct_373fba10a4,cust_313a370f15,Bank of Baroda,savings,26744.6,,,
acct_69056153d1,cust_ac1b330fd1,ICICI Bank,savings,26823.92,,,
acct_0503fb73c2,cust_6ed8715fe7,State Bank of India,savings,31974.82,,,
acct_af2a27b606,cust_ef6ab9ae66,State Bank of India,savings,20133.48,,,
acct_929444b9e9,cust_a89dd5eb94,State Bank of India,savings,5401.56,,,
acct_9198663754,cust_21a2b026f2,Bank of Baroda,savings,6311.99,,,
acct_f7a933d1b0,cust_7170c16358,State Bank of India,savings,33422.95,,,
acct_1be232e239,cust_0daca0aae7,State Bank of India,savings,36100.7,,,
acct_18f473c86a,cust_d56ab79889,ICICI Bank,savings,42665.18,,,
acct_f96d2fe184,cust_b340f05ed4,ICICI Bank,savings,32903.61,,,
acct_86cea60a31,cust_39cd5dc8c6,State Bank of India,savings,12249.09,,,
acct_c212eeef73,cust_62362ed80e,Punjab National Bank,savings,49311.24,,,
acct_f84bcd18e4,cust_e2e9f377ec,HDFC Bank,savings,9698.41,,,
acct_31fb7b6958,cust_90a37908c9,HDFC Bank,savings,20162.12,,,
acct_a5c8b4e90d,cust_6979ba0754,Punjab National Bank,savings,25225.65,,,
acct_8a0bc8c62d,cust_d4bafd3598,Bank of Baroda,savings,30312.41,,,
acct_32a8d5e4bf,cust_d364aab8fe,Punjab National Bank,savings,12025.41,,,
acct_64730a375e,cust_b80854dc90,HDFC Bank,savings,28819.08,,,
acct_cb853c92b3,cust_5906dd59b4,ICICI Bank,savings,20155.56,,,
acct_99d52f6c00,cust_572280c6a9,Axis Bank,savings,24458.59,,,
acct_0f65906821,cust_58143613a2,Axis Bank,savings,47568.95,,,
acct_72edd08dbf,cust_2f12889ba0,HDFC Bank,savings,11219.33,,,
acct_506c32b633,cust_820d240336,HDFC Bank,savings,30495.01,,,
acct_0f83feb809,cust_bfd7af3486,State Bank of India,savings,40966.11,,,
acct_daf82e0eef,cust_e448cd5cea,Bank of Baroda,savings,39153.33,,,
acct_0fcf80538d,cust_0e50b4c969,Bank of Baroda,savings,31199.18,,,
acct_cb1af27032,cust_15c261e453,State Bank of India,savings,22613.94,,,
acct_c14237baaf,cust_6d9dbb1eea,HDFC Bank,savings,15651.48,,,
acct_c3215205af,cust_7bd6ced77e,Axis Bank,savings,47769.06,,,
acct_883b384cfc,cust_3a6087147d,ICICI Bank,savings,22692.15,,,
acct_4ec584ed70,cust_9d2de1c3df,State Bank of India,savings,25369.99,,,
acct_3f5facbb65,cust_3b4e5a2710,Bank of Baroda,savings,11621.37,,,
acct_a2d085dcd6,cust_357132cb75,HDFC Bank,savings,21485.69,,,
acct_0f58fc7b78,cust_47e3d95b29,HDFC Bank,savings,15698.05,,,
acct_b9a503674d,cust_06e497410c,Axis Bank,savings,32435.4,,,
acct_70f0856456,cust_0ba1c40265,Axis Bank,savings,24394.66,,,
acct_b2c4a09391,cust_f67070742c,Bank of Baroda,savings,49162.92,,,
acct_fd465db8f0,cust_792b4ac310,HDFC Bank,savings,46839.11,,,
acct_768680a083,cust_af489b35cd,ICICI Bank,savings,3016.15,,,
acct_a2a71450f8,cust_1964463438,Punjab National Bank,savings,26980.73,,,
acct_4cd48ed5fc,cust_4fcc7039c5,HDFC Bank,savings,25369.87,,,
acct_3cf0a9aa65,cust_185c597052,Bank of Baroda,savings,35212.21,,,
acct_6e90f77148,cust_b6098abd37,Bank of Baroda,savings,12879.27,,,
acct_618bd5a2ff,cust_6f0794212d,Axis Bank,savings,16728.9,,,
acct_c7af413210,cust_cfc1637599,Axis Bank,savings,38054.96,,,
acct_e000b729ad,cust_4a0140deaf,State Bank of India,savings,25718.74,,,
acct_be0c4d99d5,cust_d3d9ca75b1,Punjab National Bank,savings,4447.54,,,
acct_a47727534c,cust_b9e8dee612,ICICI Bank,savings,41039.94,,,
acct_92da2d6a8a,cust_a2c79420e8,State Bank of India,savings,47363.83,,,
acct_364b45849c,cust_c4cb04e406,HDFC Bank,savings,23163.03,,,
acct_8d767024e1,cust_313ce0a6ae,ICICI Bank,savings,37559.02,,,
acct_316496e521,cust_c266f6684c,Axis Bank,savings,11026.01,,,
acct_f811d3f679,cust_52ef62280f,Punjab National Bank,savings,33381.63,,,
acct_3e3e5ca03c,cust_ea7e1e0689,ICICI Bank,savings,30570.79,,,
acct_9fd9029e45,cust_5763984a6e,ICICI Bank,savings,45057.41,,,
acct_397477ef55,cust_d412d213c9,ICICI Bank,savings,11974.17,,,
acct_47ec091bfb,cust_00fda85b2c,Bank of Baroda,savings,7484.0,,,
acct_7d7820b6d5,cust_d671b22e9f,Axis Bank,savings,25568.64,,,
acct_96294c7993,cust_2c4cd6fc53,Axis Bank,savings,18293.2,,,
acct_ff68b01eb6,cust_8a7b4c112c,HDFC Bank,savings,34349.78,,,
acct_15064edb32,cust_f78c71832a,ICICI Bank,savings,19708.78,,,
acct_dd79387d46,cust_b4f1b72928,State Bank of India,savings,22757.2,,,
acct_ff660026a7,cust_42a02861b6,HDFC Bank,savings,19730.22,,,
acct_4474530f7a,cust_43539462fc,Punjab National Bank,savings,23786.44,,,
acct_297f6834b2,cust_9054571e31,Punjab National Bank,savings,22251.98,,,
acct_cb4ab7628f,cust_d18f431937,State Bank of India,savings,23178.3,,,
acct_a5ae5803f2,cust_09704381fa,HDFC Bank,savings,21339.95,,,
acct_8e58d50465,cust_e410767231,HDFC Bank,savings,37096.05,,,
acct_baeec8aa67,cust_5d6cff1006,Bank of Baroda,savings,23697.75,,,
acct_62bb26253d,cust_4490280bd2,State Bank of India,savings,44219.47,,,
acct_c7eda62a82,cust_60b740b8c5,HDFC Bank,savings,17057.27,,,
acct_a98db8ecb5,cust_9941e379e6,Bank of Baroda,savings,46888.27,,,
acct_0fcb3c7b52,cust_c2c3be651d,Punjab National Bank,savings,26711.7,,,
acct_0ec15ef2fc,cust_ba66ab44f4,Punjab National Bank,savings,16675.49,,,
acct_97f5a375bb,cust_b03b46699f,HDFC Bank,savings,31362.58,,,
acct_ce72901eab,cust_7235c67877,HDFC Bank,savings,40690.22,,,
acct_23654c0e3f,cust_c48a0f3e65,Punjab National Bank,savings,22284.01,,,
acct_52eb89eb11,cust_873e2c6eae,Bank of Baroda,savings,31219.24,,,
acct_ebd952c635,cust_3de749d5a2,HDFC Bank,savings,4275.07,,,
acct_4f27b56607,cust_b37daed55f,Punjab National Bank,savings,44134.76,,,
acct_fd4b8c14c5,cust_6c73676160,Punjab National Bank,savings,26437.21,,,
acct_13d8a9aa09,cust_b2e82613d3,Axis Bank,savings,13827.03,,,
acct_9391851a56,cust_be80834b4c,Punjab National Bank,savings,11188.07,,,
acct_06360e9546,cust_76db214cf9,State Bank of India,savings,35307.75,,,
acct_ca9df00e86,cust_70add7a531,State Bank of India,savings,8906.88,,,
acct_3104afb4b2,cust_f7301caac6,Bank of Baroda,savings,37490.02,,,
acct_7ad5b1a252,cust_5d5d5bb287,Bank of Baroda,savings,26594.21,,,
acct_0ac1757960,cust_3f9e1e7e76,State Bank of India,savings,19430.36,,,
acct_7fea8658a3,cust_8f7ae6a801,Axis Bank,savings,29619.41,,,
acct_a399e438b0,cust_243415b2fd,Axis Bank,savings,37679.37,,,
acct_5e36571973,cust_bb1bb86751,State Bank of India,savings,43198.95,,,
acct_348a3f8132,cust_2341c7623c,Punjab National Bank,savings,18639.73,,,
acct_fc57d2a166,cust_0cd6674c3b,ICICI Bank,savings,24362.55,,,
acct_604d06e40e,cust_5c3eaac046,ICICI Bank,savings,43960.27,,,
acct_dd02a7ed7f,cust_3bd3c71352,ICICI Bank,savings,5114.14,,,
acct_2f4e83553c,cust_f2cf345e09,Punjab National Bank,savings,14363.8,,,
acct_cc982ef636,cust_1e4badeb72,State Bank of India,savings,20547.1,,,
acct_63950e1a7c,cust_94184efd60,State Bank of India,savings,45601.77,,,
acct_cf09f989e4,cust_ec59d28c66,Axis Bank,savings,11897.84,,,
acct_28efa0e890,cust_d0f9e5852d,Axis Bank,savings,10956.77,,,
acct_b1f166126c,cust_00d0eaf854,Punjab National Bank,savings,2211.78,,,
acct_d1cd764109,cust_36b3e5d8d1,Axis Bank,savings,7164.5,,,
acct_0ddc0b16f2,cust_ac2fe6033e,ICICI Bank,savings,42755.65,,,
acct_49c7b40163,cust_82fc9cba62,HDFC Bank,savings,37766.87,,,
acct_190a5eebb9,cust_57e3a877b3,Axis Bank,savings,44140.71,,,
acct_e5046d29cc,cust_60b25b4147,ICICI Bank,savings,39067.72,,,
acct_55df403487,cust_75914881e2,Axis Bank,savings,6038.53,,,
acct_f62008dd8f,cust_866a5f10ac,State Bank of India,savings,29537.43,,,
acct_dc8e76d755,cust_3025657622,HDFC Bank,savings,34228.57,,,
acct_90fd63f9eb,cust_108c607797,Axis Bank,savings,9905.71,,,
acct_2acd8d2370,cust_312c9c6502,State Bank of India,savings,23029.79,,,
acct_0ac4aa743e,cust_7cbb4c5e3b,HDFC Bank,savings,31595.69,,,
acct_22913f0bf2,cust_4d272ba9ac,Bank of Baroda,savings,37476.57,,,
acct_8f3a3b2b5b,cust_248bda61c5,HDFC Bank,savings,11940.57,,,
acct_d6191d3ac2,cust_a30c172014,Punjab National Bank,savings,27183.88,,,
acct_97d1e48b16,cust_30c919a4e3,Bank of Baroda,savings,19065.22,,,
acct_c70052e667,cust_19ff34b4a0,HDFC Bank,savings,13315.34,,,
acct_b2efeb9b16,cust_722a41c292,Punjab National Bank,savings,18709.59,,,
acct_c8b46c7a1c,cust_de08dba414,Bank of Baroda,savings,27835.9,,,
acct_0b9a436965,cust_4be4d0a0cb,Axis Bank,savings,8010.14,,,
acct_8a3b9d609b,cust_515a9a4097,ICICI Bank,savings,17892.38,,,
acct_bcb5c2d394,cust_df04eba0ea,Axis Bank,savings,15830.21,,,
acct_8dd4bfda1f,cust_7caaa8749a,Bank of Baroda,savings,12646.44,,,
acct_f7c361ad00,cust_01b68a930f,Punjab National Bank,savings,49092.66,,,
acct_c35ccedec4,cust_0aacb48491,State Bank of India,savings,15229.31,,,
acct_d749594bf8,cust_e0007b507c,HDFC Bank,savings,28924.12,,,
acct_ebb15484e2,cust_84f04a0d7a,HDFC Bank,savings,29567.8,,,
acct_d8667e44a3,cust_606d88f8a5,Bank of Baroda,savings,18277.28,,,
acct_683bb6d1cb,cust_09cf99ef88,HDFC Bank,savings,41282.05,,,
acct_cc098a9d56,cust_f280199b44,HDFC Bank,savings,20486.02,,,
acct_41eab3fcd0,cust_906b051463,ICICI Bank,savings,44029.76,,,
acct_83e0016f26,cust_d92f22d42b,State Bank of India,savings,19948.7,,,
acct_a8704ce9c7,cust_71a826546c,Axis Bank,savings,17899.45,,,
acct_9fa2e38b2e,cust_f1d6cd78f4,Punjab National Bank,savings,38849.79,,,
acct_70d1a208f4,cust_99322b5215,Axis Bank,savings,38876.78,,,
acct_7e86ce59b3,cust_c2b2fe0684,Bank of Baroda,savings,18912.75,,,
acct_159b62cb0b,cust_9ee701ec70,Punjab National Bank,savings,39770.26,,,
acct_aa3a94c497,cust_fa7a6a2564,ICICI Bank,savings,22012.5,,,
acct_299ce3421a,cust_aeb0c6afc5,State Bank of India,savings,16714.56,,,
acct_2277f4fd62,cust_bbdcf48314,HDFC Bank,savings,6779.28,,,
acct_107d155c66,cust_d72ee0be4b,Punjab National Bank,savings,12279.48,,,
acct_17707d643d,cust_c3cb81bac1,Punjab National Bank,savings,48712.46,,,
acct_d3dacd1b94,cust_9918bdcbfe,Axis Bank,savings,40587.63,,,
acct_b9fba602c6,cust_5bb450625c,Punjab National Bank,savings,47485.71,,,
acct_ee12e4e377,cust_3f330d2efa,HDFC Bank,savings,30157.14,,,
acct_95b03ff199,cust_bfc1b31444,HDFC Bank,savings,10895.28,,,
acct_77d579e6f1,cust_ed5fcab3dd,Bank of Baroda,savings,26985.82,,,
acct_b158a443e7,cust_7c7c35fd28,Punjab National Bank,savings,13875.97,,,
acct_aee1a94f35,cust_420735ca8e,Bank of Baroda,savings,15301.79,,,
acct_abfe916504,cust_21f8115a9f,ICICI Bank,savings,17675.35,,,
acct_4f5dfd8f8c,cust_16d3ecb780,Axis Bank,savings,48532.26,,,
acct_6ea133a00e,cust_78e75b97b3,Axis Bank,savings,48330.28,,,
acct_53268078b1,cust_76f6299918,HDFC Bank,savings,45818.94,,,
acct_4b9382b3cd,cust_9f0337c40e,Bank of Baroda,savings,34702.79,,,
acct_341ece26fc,cust_f15d609f10,Axis Bank,savings,25472.8,,,
acct_d1881a5edc,cust_7c1b2b0d74,State Bank of India,savings,24583.95,,,
acct_727e9847ac,cust_f6de0868ad,Bank of Baroda,savings,48194.56,,,
acct_b1486b5429,cust_93c8b37bc2,State Bank of India,savings,13578.11,,,
acct_613499454b,cust_0a79ba61f4,State Bank of India,savings,20854.78,,,
acct_4dc0bf90e7,cust_7c7d055444,Bank of Baroda,savings,15897.01,,,
acct_a64b627ce1,cust_59ae5e2887,Axis Bank,savings,37882.53,,,
acct_1764296876,cust_687aeadcea,HDFC Bank,savings,41962.87,,,
acct_6e78fe97b5,cust_e518d060b8,Bank of Baroda,savings,39146.51,,,
acct_b755a66f7a,cust_c89c33a99f,ICICI Bank,savings,43993.61,,,
acct_e2d59bbd78,cust_79c0ba8996,Bank of Baroda,savings,40133.23,,,
acct_1a2410ca87,cust_30758f1a76,ICICI Bank,savings,29797.82,,,
acct_e7b76fb725,cust_a4f42910c7,State Bank of India,savings,10245.53,,,
acct_3f0a120dc3,cust_34a7a7de7e,Bank of Baroda,savings,11797.05,,,
acct_76dcad0289,cust_122eaf69c4,Punjab National Bank,savings,41086.94,,,
acct_1491fc79fc,cust_9a13f3e81d,State Bank of India,savings,21308.54,,,
acct_fa7d02a24c,cust_a0f4d01a03,Punjab National Bank,savings,20761.29,,,
acct_35d9430e23,cust_01378fdc12,ICICI Bank,savings,16367.19,,,
acct_37557a807a,cust_ea698a3601,HDFC Bank,savings,7827.62,,,
acct_d50493dd7b,cust_0f9f83daac,State Bank of India,savings,33309.96,,,
acct_8c22add228,cust_8e04e4d54f,Punjab National Bank,savings,10585.72,,,
acct_488f032066,cust_6d72b276be,Punjab National Bank,savings,2721.96,,,
acct_93acf64972,cust_6acb355e3e,ICICI Bank,savings,47361.43,,,
acct_e1ca1ad4b7,cust_06af85affe,Bank of Baroda,savings,15846.32,,,
acct_60e9833b11,cust_28c089d218,Bank of Baroda,savings,21429.3,,,
acct_229c345d0e,cust_6252d236da,HDFC Bank,savings,20129.49,,,
acct_b0f72875b8,cust_97f22f9774,HDFC Bank,savings,27834.97,,,
acct_ab87ff2740,cust_69b73dae5a,Bank of Baroda,savings,4221.22,,,
acct_e37f9fc4af,cust_a2b901bdd7,Bank of Baroda,savings,34390.15,,,
acct_1d30a1f112,cust_ef259ea176,Bank of Baroda,savings,44165.09,,,
acct_1360d817d2,cust_6f585d6fd9,ICICI Bank,savings,45701.9,,,
acct_071dcaa3ec,cust_697ec5eb73,ICICI Bank,savings,13224.25,,,
acct_ff641930fe,cust_61d09bf7ca,HDFC Bank,savings,44970.88,,,
acct_98b1a67c21,cust_ead2943de0,Bank of Baroda,savings,9652.02,,,
acct_ab4f454657,cust_5b7291c7f4,Axis Bank,savings,35202.34,,,
acct_ae65bcf7d5,cust_bcb71c162d,Bank of Baroda,savings,17167.14,,,
acct_80774918f5,cust_6ed757072b,Axis Bank,savings,2042.76,,,
acct_e507632b46,cust_4891488673,ICICI Bank,savings,30467.94,,,
acct_3dd779f7f2,cust_438a4a3d9e,State Bank of India,savings,15254.92,,,
acct_80f122852d,cust_5ee4dad2c1,Bank of Baroda,savings,39297.58,,,
acct_69f2737f17,cust_8096ad1882,State Bank of India,savings,22792.87,,,
acct_4a4350a33c,cust_39dc54709c,ICICI Bank,savings,36479.72,,,
acct_a2ea18dae0,cust_ae21366730,ICICI Bank,savings,49507.01,,,
acct_c075f5d69a,cust_aac1e76ef1,ICICI Bank,savings,3486.77,,,
acct_0dffbe3a54,cust_12d937c54a,HDFC Bank,savings,6043.87,,,
acct_04f9363ba2,cust_01f43900e8,HDFC Bank,savings,7033.22,,,
acct_ebbbb4b06f,cust_696f742ea1,Axis Bank,savings,33793.06,,,
acct_9411060bb3,cust_7660e276ef,Axis Bank,savings,21496.06,,,
acct_4068bbd81d,cust_32025fbb96,HDFC Bank,savings,3764.66,,,
acct_1c3d245970,cust_2878630d4d,Axis Bank,savings,34151.77,,,
acct_659c3b61de,cust_113c758cd5,State Bank of India,savings,34172.61,,,
acct_231c3e50f3,cust_2f3651ca98,HDFC Bank,savings,43716.81,,,
acct_34cfc26afd,cust_19080289a9,Punjab National Bank,savings,17221.01,,,
acct_c3acc89cd7,cust_9dd0bfbc2e,ICICI Bank,savings,33261.6,,,
acct_667f68db7d,cust_c3a1f31ab9,State Bank of India,savings,13511.51,,,
acct_8f81f08c45,cust_88ed192063,ICICI Bank,savings,10607.81,,,
acct_e4f44f286e,cust_cb2222741a,Bank of Baroda,savings,41184.58,,,
acct_4d4c690fc7,cust_da505a0605,HDFC Bank,savings,7720.31,,,
acct_45f68928aa,cust_aaddef28ad,Bank of Baroda,savings,17312.3,,,
acct_5727a0304d,cust_fdc7e58da8,Axis Bank,savings,4466.56,,,
acct_bf3539eb98,cust_b458a89da7,State Bank of India,savings,25809.74,,,
acct_c85565a399,cust_b24a0a1b81,HDFC Bank,savings,13613.75,,,
acct_ffebc8a1f5,cust_585ac90f19,Axis Bank,savings,19682.3,,,
acct_660c588360,cust_7448e5473b,Punjab National Bank,savings,23707.59,,,
acct_f57ef5f51d,cust_acde541e87,State Bank of India,savings,10473.17,,,
acct_dc5c83746f,cust_d97f52ea08,State Bank of India,savings,28825.82,,,
acct_f59cab450e,cust_9b0867dbdb,Bank of Baroda,savings,19634.15,,,
acct_c172847e03,cust_9dc069cf55,HDFC Bank,savings,40228.79,,,
acct_7f98d8397c,cust_8d9c2ac2f6,ICICI Bank,savings,24677.94,,,
acct_d6c870d20c,cust_d8e559daa5,Axis Bank,savings,24012.37,,,
acct_4936ad800d,cust_93e197072c,Bank of Baroda,savings,18067.58,,,
acct_d5d9936611,cust_7a4514f0e9,State Bank of India,savings,26447.08,,,
acct_1140c8fde4,cust_bd541e8b91,State Bank of India,savings,12016.3,,,
acct_1a8e3eec2d,cust_18593f82c6,State Bank of India,savings,29550.06,,,
acct_efe27fad4a,cust_6087813aeb,Punjab National Bank,savings,16687.86,,,
acct_ab89e1f9c0,cust_5063aa525b,Punjab National Bank,savings,33167.09,,,
acct_cc2856b4b7,cust_949d8b2eb6,State Bank of India,savings,8846.8,,,
acct_2dfa65722c,cust_f63db87408,HDFC Bank,savings,34156.83,,,
acct_74ffc9991c,cust_00efd4d517,HDFC Bank,savings,39555.27,,,
acct_c2346a19a2,cust_88e1fc2278,ICICI Bank,savings,3340.69,,,
acct_fd5089fcf3,cust_f50de6558b,State Bank of India,savings,17414.48,,,
acct_e75fffb6e5,cust_f57fb2f843,Axis Bank,savings,14718.01,,,
acct_5079519a3e,cust_8a2286cf42,Bank of Baroda,savings,14330.27,,,
acct_2a7f01dfee,cust_9ae3f8d9b1,HDFC Bank,savings,35114.77,,,
acct_449a8d0311,cust_85161ce661,State Bank of India,savings,48117.29,,,
acct_7b62ea9ede,cust_e88cc5993c,ICICI Bank,savings,41319.04,,,
acct_c64cefab97,cust_3993ead436,Punjab National Bank,savings,6796.3,,,
acct_592e420269,cust_efb72ddf52,Axis Bank,savings,46583.53,,,
acct_5498da4197,cust_6787810cd8,Bank of Baroda,savings,49753.35,,,
acct_c628558b90,cust_ab17fff428,HDFC Bank,savings,6558.37,,,
acct_0529843bf7,cust_f91e4f5bf3,Axis Bank,savings,24113.56,,,
acct_7ee0185efd,cust_442d768664,Axis Bank,savings,8600.85,,,
acct_64c2155883,cust_0bfbce3f22,Punjab National Bank,savings,5756.91,,,
acct_5301457f60,cust_075c22cca8,ICICI Bank,savings,5205.05,,,
acct_f688595372,cust_4c73a20efc,Axis Bank,savings,43677.05,,,
acct_203175494d,cust_cfe5120718,State Bank of India,savings,39690.58,,,
acct_5e7f38336d,cust_c92a992824,HDFC Bank,savings,42764.94,,,
acct_5420d43d8c,cust_ac6c1e69c0,Punjab National Bank,savings,32466.52,,,
acct_be411c7026,cust_1b5c96fd46,ICICI Bank,savings,21517.55,,,
acct_d26749d183,cust_c2956c4b7a,ICICI Bank,savings,9993.46,,,
acct_d02a6a7956,cust_7013caf0ea,Punjab National Bank,savings,13788.85,,,
acct_25efa6e3ae,cust_a130958c6d,HDFC Bank,savings,6137.08,,,
acct_ca7e86e290,cust_9d68be09d0,State Bank of India,savings,43392.04,,,
acct_beba5646fc,cust_5c6023179c,Punjab National Bank,savings,32355.93,,,
acct_0bf48f2c62,cust_55ea90a7b7,HDFC Bank,savings,2692.08,,,
acct_ae3c774478,cust_6e6851a6c0,HDFC Bank,savings,48605.34,,,
acct_47ce63fd8c,cust_abef70aea9,Punjab National Bank,savings,19398.29,,,
acct_74a6496b63,cust_97b74cbccd,Axis Bank,savings,11674.42,,,
acct_a48d47c6ec,cust_449586b631,State Bank of India,savings,14734.29,,,
acct_1da1e4efa8,cust_2a85b83fd4,Axis Bank,savings,2150.78,,,
acct_54b54a4c57,cust_86a8cdcdda,ICICI Bank,savings,11476.8,,,
acct_8bd5a26011,cust_33a190999e,HDFC Bank,savings,22352.05,,,
acct_0260dca441,cust_6b815e655d,Axis Bank,savings,43555.15,,,
acct_d0eb7adfbe,cust_f30b479b90,ICICI Bank,savings,17300.67,,,
acct_b3fc879e65,cust_70e760cec0,State Bank of India,savings,8757.8,,,
acct_44a7b9dced,cust_fa288d1790,State Bank of India,savings,28538.96,,,
acct_27946da579,cust_500e0be5ae,Punjab National Bank,savings,14107.34,,,
acct_4c47fd8c65,cust_32d1b6744f,State Bank of India,savings,39287.14,,,
acct_68e71a16bc,cust_b232075d7b,State Bank of India,savings,30100.64,,,
acct_bf1e820437,cust_f528f71dd7,State Bank of India,savings,29128.66,,,
acct_6567447361,cust_25ff633487,HDFC Bank,savings,17120.07,,,
acct_d41aac902d,cust_54f7fb0c1b,HDFC Bank,savings,5721.99,,,
acct_d8e8c81a94,cust_bdf8aad338,HDFC Bank,savings,40676.41,,,
acct_73de0749c2,cust_af97a65434,State Bank of India,savings,31536.11,,,
acct_ed1d03b46d,cust_45ae2ae093,Punjab National Bank,savings,38450.39,,,
acct_edcb0ef74a,cust_0e6013463f,Bank of Baroda,savings,21332.14,,,
acct_fccf3d889c,cust_5011721564,State Bank of India,savings,25452.81,,,
acct_a0ba13380f,cust_418b3d46ee,ICICI Bank,savings,23847.5,,,
acct_651f5d2e7f,cust_4ea5760daa,State Bank of India,savings,39550.88,,,
acct_34c5305a0f,cust_79ce5ec768,State Bank of India,savings,38901.12,,,
acct_c58709cc2d,cust_62eb4bba57,State Bank of India,savings,7402.21,,,
acct_40a2e5577c,cust_534091557b,Axis Bank,savings,39235.65,,,
acct_7a9dacfcfb,cust_c2b52254e0,Punjab National Bank,savings,3019.69,,,
acct_8a6661c0f6,cust_585a113748,Axis Bank,savings,5677.02,,,
acct_28217012fb,cust_38cbe63f16,Bank of Baroda,savings,42260.29,,,
acct_d2df22376b,cust_fec79ffd6f,Axis Bank,savings,39162.69,,,
acct_ae7d3d539a,cust_58756cbec4,Bank of Baroda,savings,34764.81,,,
acct_ed85132217,cust_d2dd968534,Bank of Baroda,savings,23878.82,,,
acct_9a49ea42f2,cust_b41619a7fb,Bank of Baroda,savings,3061.34,,,
acct_ccfd158c5d,cust_2b0f6b370b,Punjab National Bank,savings,5613.13,,,
acct_09eb34915e,cust_52f1ae0d65,ICICI Bank,savings,10268.21,,,
acct_f5f1757f71,cust_dfe44479f6,HDFC Bank,savings,20892.37,,,
acct_bbb9feb683,cust_f0f4475005,Punjab National Bank,savings,10971.03,,,
acct_4f16051920,cust_2ed8e41e1a,HDFC Bank,savings,28699.77,,,
acct_d93f6617d5,cust_4605d565e8,Punjab National Bank,savings,17635.27,,,
acct_3655480f15,cust_d05ead04d9,HDFC Bank,savings,6735.65,,,
acct_fa2566fdcb,cust_14d6262aa0,Punjab National Bank,savings,9624.78,,,
acct_3671cd7579,cust_fcb571c906,State Bank of India,savings,44141.63,,,
acct_5270fd392e,cust_2deb541401,ICICI Bank,savings,48119.89,,,
acct_920cce3c18,cust_d0a73dc078,ICICI Bank,savings,16442.13,,,
acct_71f6912443,cust_92ca7b2221,Punjab National Bank,savings,13769.12,,,
acct_ce2935b068,cust_33b3097704,State Bank of India,savings,30343.8,,,
acct_6f0a58e78c,cust_8b4db54163,Bank of Baroda,savings,33768.38,,,
acct_b6d2126c9a,cust_9ce789aa45,State Bank of India,savings,35768.9,,,
acct_add99180d9,cust_86846603de,Bank of Baroda,savings,48665.16,,,
acct_5f266cb4b9,cust_24c0f1f252,ICICI Bank,savings,5892.52,,,
acct_efb031462c,cust_bed3d42937,Punjab National Bank,savings,13890.68,,,
acct_6bdfba2dd8,cust_032285883a,Axis Bank,savings,32328.91,,,
acct_b09ffc5691,cust_3b1bb1e4e1,Punjab National Bank,savings,8156.96,,,
acct_fb915146c0,cust_c8ebb671a8,Punjab National Bank,savings,46290.77,,,
acct_b0ed4db9eb,cust_9f9de756d6,ICICI Bank,savings,14145.2,,,
acct_bc37f1a1c5,cust_f0f93568d5,HDFC Bank,savings,30473.72,,,
acct_9ef44f2bfc,cust_4299018f6b,State Bank of India,savings,28331.04,,,
acct_061d2ae807,cust_5b2d2c927e,State Bank of India,savings,2651.6,,,
acct_82cd914bcd,cust_60521b3563,Punjab National Bank,savings,18731.34,,,
acct_4ff040a8ea,cust_39bbdfc7ef,Bank of Baroda,savings,35516.48,,,
acct_43704709c8,cust_73c7bd5a1c,State Bank of India,savings,33334.23,,,
acct_73e68c6047,cust_9a6e97073f,Punjab National Bank,savings,31359.78,,,
acct_32b1523907,cust_22e0674a5c,Punjab National Bank,savings,2903.47,,,
acct_8fd496d802,cust_74a9bb9ed0,Axis Bank,savings,49402.41,,,
acct_fe7f586faf,cust_37cf998f02,Punjab National Bank,savings,9297.66,,,
acct_446311233f,cust_e0d87ca7b4,Bank of Baroda,savings,26923.32,,,
acct_a12005cc4c,cust_221b993346,HDFC Bank,savings,41043.55,,,
acct_93aa0acba4,cust_5e53cc38f2,State Bank of India,savings,2197.64,,,
acct_df402c2b16,cust_4760c607c4,State Bank of India,savings,13939.08,,,
acct_aaae138c95,cust_cd540ec635,Axis Bank,savings,15692.16,,,
acct_4ff3f25a6f,cust_b6fdf29252,Punjab National Bank,savings,40008.9,,,
acct_ae12cc125a,cust_7aaf07dbc4,HDFC Bank,savings,20309.88,,,
acct_b8e46dfed3,cust_1023f924f8,Bank of Baroda,savings,24436.85,,,
acct_7362cb388e,cust_53ea758ccc,State Bank of India,savings,16067.49,,,
acct_4d3f6fef32,cust_0b9529c302,HDFC Bank,savings,2965.68,,,
acct_6ac1db6836,cust_f6857304e5,State Bank of India,savings,12163.46,,,
acct_1ba321fcb8,cust_cd5a6e9130,State Bank of India,savings,24595.37,,,
acct_9f30f3c2fc,cust_958f79362c,State Bank of India,savings,20351.49,,,
acct_aaf2bb0f53,cust_9ccc39bafc,State Bank of India,savings,32479.8,,,
acct_9d663ce1e5,cust_d2daf1a13e,Axis Bank,savings,30118.14,,,
acct_6dea5179f3,cust_6ed6be430d,State Bank of India,savings,28212.76,,,
acct_b85c32c77b,cust_1646e0fa39,HDFC Bank,savings,40222.16,,,
acct_3aaa92c36e,cust_889a4a9da5,ICICI Bank,savings,28769.47,,,
acct_cfb79f4fe3,cust_697f280061,Bank of Baroda,savings,46204.32,,,
acct_10a7b3619a,cust_d9c34c8677,HDFC Bank,savings,20722.52,,,
acct_f38895e673,cust_fca90d762a,Bank of Baroda,savings,10360.92,,,
acct_3ba759c7f0,cust_52c552a04f,Bank of Baroda,savings,11071.29,,,
acct_ce3c08433c,cust_ed95e11977,Bank of Baroda,savings,21845.54,,,
acct_21afb470a5,cust_4e16019c55,Axis Bank,savings,44747.48,,,
acct_c8d47a71af,cust_11a00349f5,ICICI Bank,savings,24119.87,,,
acct_a5367dfc2c,cust_3531352a71,State Bank of India,savings,37127.28,,,
acct_6fa8e5a669,cust_d0bc54e4b2,Bank of Baroda,savings,3031.27,,,
acct_77ee8945c7,cust_9d00c61903,HDFC Bank,savings,14677.51,,,
acct_8b04b3b425,cust_f7ce89ad28,HDFC Bank,savings,2321.59,,,
acct_31e342df10,cust_02644b3fd2,Axis Bank,savings,18345.21,,,
acct_aeded9eb88,cust_ff23ad79fd,ICICI Bank,savings,38777.41,,,
acct_292fb130e7,cust_c142747513,Bank of Baroda,savings,39769.08,,,
acct_715385ae08,cust_0483f00b63,Bank of Baroda,savings,11103.08,,,
acct_4ecf53b575,cust_b6d866adcf,Bank of Baroda,savings,49565.77,,,
acct_8fa7006ff8,cust_3bbb34bf0a,Bank of Baroda,savings,6263.09,,,
acct_862e51e223,cust_2aa1f6b0bc,Punjab National Bank,savings,24396.0,,,
acct_b7ce0ce269,cust_5df1555297,Bank of Baroda,savings,33159.78,,,
acct_dbe2f4b3a1,cust_eef9353fde,Punjab National Bank,savings,36545.35,,,
acct_107cc51e60,cust_270c598b33,ICICI Bank,savings,42329.59,,,
acct_4880e86526,cust_aae6ac2259,ICICI Bank,savings,38861.6,,,
acct_0aa3af4d72,cust_d2854431ef,Bank of Baroda,savings,29433.48,,,
acct_fa26b6e0af,cust_d47ef40bf2,Bank of Baroda,savings,4380.86,,,
acct_4d67c7764e,cust_73c29ed317,HDFC Bank,savings,22164.32,,,
acct_505a9d12a6,cust_fe2ce21103,Punjab National Bank,savings,6917.22,,,
acct_c057e2307a,cust_8f8e3eb260,State Bank of India,savings,5319.08,,,
acct_c1f90cf12d,cust_cde3e49240,HDFC Bank,savings,6740.42,,,
acct_3b1b7698c8,cust_21d92298a7,State Bank of India,savings,10922.32,,,
acct_961df9a813,cust_7ff4ca99db,HDFC Bank,savings,30506.13,,,
acct_0069c48abe,cust_1d346410b7,HDFC Bank,savings,13360.1,,,
acct_242a6bf340,cust_d46892bdbe,Axis Bank,savings,37216.07,,,
acct_a4e94313a7,cust_247cc7ac8d,Axis Bank,savings,10570.91,,,
acct_f500d41b68,cust_304d342e4e,ICICI Bank,savings,44938.36,,,
acct_4b70f70cc9,cust_b268d18627,Punjab National Bank,savings,20437.76,,,
acct_a7a120923a,cust_7215875a4b,State Bank of India,savings,37957.48,,,
acct_98d1b33024,cust_8690b7caa1,Axis Bank,savings,34574.85,,,
acct_2ed6f0e457,cust_39089903d0,Punjab National Bank,savings,5919.95,,,
acct_83507eaadd,cust_288e224114,HDFC Bank,savings,43651.1,,,
acct_fa2ecccb31,cust_da7562e3bb,Axis Bank,savings,44300.54,,,
acct_73fc13a77d,cust_98d8c1562e,Axis Bank,savings,10817.54,,,
acct_64b5094ece,cust_1875afbe61,State Bank of India,savings,10266.16,,,
acct_d69bf56384,cust_970a3cb95f,ICICI Bank,savings,2376.34,,,
acct_c2bea7178e,cust_c2f122dce9,Axis Bank,savings,20896.14,,,
acct_ff087f8ae4,cust_44cc4375ef,Punjab National Bank,savings,21131.32,,,
acct_f22dd5e11e,cust_5580e9bb91,ICICI Bank,savings,49981.69,,,
acct_2dde9ffe3d,cust_9d5a3707c8,HDFC Bank,savings,44486.47,,,
acct_b395b1ccfc,cust_b21d7d360f,State Bank of India,savings,38346.99,,,
acct_2f7c4af443,cust_c41800cddf,Bank of Baroda,savings,39492.44,,,
acct_a03575f64c,cust_f0dfaf3f9b,Axis Bank,savings,12824.34,,,
acct_7c1031eaa7,cust_5432d6a0b3,Bank of Baroda,savings,6039.65,,,
acct_993eff09ab,cust_2bb20ee7b3,Bank of Baroda,savings,8925.14,,,
acct_5183ec300c,cust_6cef34ddd8,Punjab National Bank,savings,39595.14,,,
acct_499a4ad82c,cust_25d023295a,Bank of Baroda,savings,24303.46,,,
acct_6e1568f92c,cust_bad98d28d0,ICICI Bank,savings,27225.33,,,
acct_26f7427a25,cust_378612139e,Axis Bank,savings,31338.66,,,
acct_d5f1288843,cust_e57412805b,Axis Bank,savings,39530.26,,,
acct_00117691f8,cust_2b9dfd2d38,State Bank of India,savings,19748.23,,,
acct_c2e5ff8dd8,cust_48a7c1c215,Bank of Baroda,savings,48682.31,,,
acct_d5f19592ac,cust_c607f19f18,HDFC Bank,savings,35195.37,,,
acct_af61fe54a3,cust_c1de28455a,State Bank of India,savings,35976.34,,,
acct_d135b7020b,cust_cec4d030ce,ICICI Bank,savings,34990.57,,,
acct_bbf51fdc08,cust_a1798f4910,Bank of Baroda,savings,12640.41,,,
acct_bd21f1aac9,cust_28fd479c9d,Bank of Baroda,savings,3581.82,,,
acct_a327c99d6d,cust_0352fb54de,State Bank of India,savings,11836.71,,,
acct_a70b4a0158,cust_bfb23aeb57,HDFC Bank,savings,12608.68,,,
acct_c5b2eac07d,cust_fb8f14918b,HDFC Bank,savings,8902.02,,,
acct_1a9f8c31fa,cust_fc4c82660c,State Bank of India,savings,25266.16,,,
acct_5013e4d492,cust_6be72d1eea,Bank of Baroda,savings,29159.05,,,
acct_3be86ab44c,cust_cb9d3a9557,HDFC Bank,savings,2890.22,,,
acct_6082a50ae7,cust_ec1aefdd88,State Bank of India,savings,26812.36,,,
acct_307b749fc0,cust_28bd46a1e0,ICICI Bank,savings,4027.93,,,
acct_52bb15b9ab,cust_f55daa2868,Axis Bank,savings,33900.27,,,
acct_3fe9285298,cust_ebba6444d7,ICICI Bank,savings,17173.42,,,
acct_6f25e77862,cust_dc4dfbfec5,State Bank of India,savings,10981.73,,,
acct_d07d244c03,cust_07d823caa3,HDFC Bank,savings,22722.85,,,
acct_e5ccda1d05,cust_ff16a04d4f,Axis Bank,savings,34396.48,,,
acct_a29c4fc63d,cust_bc7159e304,Axis Bank,savings,22019.94,,,
acct_f59073b1ce,cust_080a74e220,Punjab National Bank,savings,5317.27,,,
acct_3e47480967,cust_83c47e7583,ICICI Bank,savings,20580.57,,,
acct_fef7b18d46,cust_35ba1bf8ee,ICICI Bank,savings,9225.41,,,
acct_533afb612f,cust_31ef33f312,Punjab National Bank,savings,45866.62,,,
acct_f2b89224c7,cust_d324f2cd25,ICICI Bank,savings,48147.44,,,
acct_5e507b834f,cust_b8a064d5d5,State Bank of India,savings,43507.55,,,
acct_6a2e84a883,cust_6a48eb8b83,Axis Bank,savings,28648.14,,,
acct_6da749fba4,cust_6b769a04dd,Punjab National Bank,savings,18930.87,,,
acct_e5432462c0,cust_7c1c7aad16,ICICI Bank,savings,25975.89,,,
acct_b44aa32f24,cust_9e525db310,Bank of Baroda,savings,27740.2,,,
acct_bfe5438625,cust_b372c1d89b,Bank of Baroda,savings,37277.69,,,
acct_2810b90b1d,cust_5c600b83e0,HDFC Bank,savings,43158.8,,,
acct_aa0bb6289e,cust_a16f077979,HDFC Bank,savings,11561.81,,,
acct_f66ffb7eb4,cust_a2d08dc3e4,ICICI Bank,savings,14144.26,,,
acct_a78b5a5a88,cust_28d6001a2d,State Bank of India,savings,32794.27,,,
acct_021d8af0f6,cust_83f025ed77,State Bank of India,savings,28274.48,,,
acct_2ba5503f0f,cust_a7a1e773e4,ICICI Bank,savings,49059.49,,,
acct_4376561fe2,cust_e9f05381d6,Bank of Baroda,savings,31803.18,,,
acct_7cdbd3a35a,cust_4f7542931b,Bank of Baroda,savings,13596.29,,,
acct_e07e6b1017,cust_9668160ae2,Axis Bank,savings,19987.62,,,
acct_388bdcd958,cust_965a05c1c0,Axis Bank,savings,35825.69,,,
acct_c69089cee4,cust_163a63e755,Bank of Baroda,savings,36682.49,,,
acct_24dd0f90b2,cust_dcb76b3ed1,ICICI Bank,savings,30871.36,,,
acct_6e09c0a55d,cust_81493764a9,Punjab National Bank,savings,29196.93,,,
acct_7403cbcd00,cust_baac2f8d16,State Bank of India,savings,33463.67,,,
acct_004d6aa5fa,cust_130dab453d,Axis Bank,savings,28469.35,,,
acct_561804ceb4,cust_05a6e2b759,Punjab National Bank,savings,28683.88,,,
acct_9ad18b3493,cust_f1359a8f08,ICICI Bank,savings,37632.7,,,
acct_bb234bd478,cust_4bcfb29997,Axis Bank,savings,41809.17,,,
acct_bfdcadb5be,cust_f89a88b9a0,State Bank of India,savings,4632.16,,,
acct_cd26dd0580,cust_146125a179,HDFC Bank,savings,32191.04,,,
acct_f1086eeb13,cust_4e86a77d8a,ICICI Bank,savings,30244.77,,,
acct_a22b75d5c9,cust_92cf3b2ea6,Axis Bank,savings,39947.23,,,
acct_3fd5d9f49d,cust_96616b4d62,HDFC Bank,savings,34808.9,,,
acct_be695b0d5a,cust_054f4139d6,Axis Bank,savings,37520.24,,,
acct_14beeae2f7,cust_c9c0099f68,Axis Bank,savings,29521.33,,,
acct_c668f687ef,cust_50bf1f1fa1,Axis Bank,savings,40336.04,,,
acct_11126fd481,cust_a89c2ae06c,HDFC Bank,savings,24780.98,,,
acct_8dee7bcca1,cust_7e0365f755,HDFC Bank,savings,29186.65,,,
acct_dd463bc858,cust_86aa81d6a6,HDFC Bank,savings,17463.7,,,
acct_9d3dc18b9f,cust_dd6a058b2c,Axis Bank,savings,10920.25,,,
acct_1855a0960d,cust_033c6353de,HDFC Bank,savings,19502.82,,,
acct_fa15e9dcdc,cust_146e944615,Punjab National Bank,savings,18389.26,,,
acct_12148192ad,cust_5f9e1b4bc4,Punjab National Bank,savings,39667.52,,,
acct_2f165d4e9d,cust_a56d8bd446,ICICI Bank,savings,22562.77,,,
acct_52116c15a3,cust_13d623fed6,Punjab National Bank,savings,7776.18,,,
acct_d4b7724a25,cust_c6428448ed,HDFC Bank,savings,34467.05,,,
acct_c6538afaae,cust_ea21df8157,State Bank of India,savings,11427.24,,,
acct_9e962fa85b,cust_0b23e8c9fc,Punjab National Bank,savings,33027.21,,,
acct_5dbc389130,cust_945f1246a0,Punjab National Bank,savings,42749.33,,,
acct_83434014eb,cust_1f2dd273c5,State Bank of India,savings,19768.64,,,
acct_5385f7afcc,cust_8129265969,HDFC Bank,savings,17948.83,,,
acct_7bd0c867a4,cust_4f19b81045,State Bank of India,savings,5396.25,,,
acct_deb378a5d0,cust_71689dcfd8,Punjab National Bank,savings,35930.17,,,
acct_f603352f1f,cust_ed9ed7f335,Punjab National Bank,savings,49649.78,,,
acct_a7ef417c76,cust_5e3205ab73,ICICI Bank,savings,12522.74,,,
acct_9c9b1e7153,cust_e3cff1b31f,State Bank of India,savings,25306.01,,,
acct_6c61a62a27,cust_e8d389f1e3,HDFC Bank,savings,34679.57,,,
acct_d79fa9789c,cust_8e8e9317a8,State Bank of India,savings,15639.15,,,
acct_a4d9f9fc86,cust_1e3843c8d3,Bank of Baroda,savings,36843.1,,,
acct_d2f72ae5a4,cust_964c510aa9,Axis Bank,savings,3092.57,,,
acct_5d45a5c999,cust_0fea3e9b2c,HDFC Bank,savings,29829.6,,,
acct_259c04c405,cust_c430c9532b,Bank of Baroda,savings,33854.25,,,
acct_e17f9c8ba8,cust_af0d5c5b9d,Axis Bank,savings,15839.58,,,
acct_7137f47ac3,cust_b4945c60d9,State Bank of India,savings,36521.31,,,
acct_bec2eede4e,cust_0a7c160e1f,Axis Bank,savings,32442.13,,,
acct_d495f66d62,cust_d06e520c51,ICICI Bank,savings,17253.98,,,
acct_99925bb936,cust_d30f31abb5,State Bank of India,savings,25746.42,,,
acct_778ccc6c3d,cust_e915bb0654,State Bank of India,savings,37646.31,,,
acct_6bce3072c9,cust_087fa7c4af,Punjab National Bank,savings,31114.03,,,
acct_a5cbe3d2a7,cust_912647109a,Axis Bank,savings,36760.34,,,
acct_4c2b703b2b,cust_0538fab6de,State Bank of India,savings,36595.32,,,
acct_3dcf373543,cust_e31d9f0ef3,State Bank of India,savings,7059.9,,,
acct_e8c7e65118,cust_c7d7ade4e5,ICICI Bank,savings,36192.07,,,
acct_b44c30f376,cust_4f442bdb76,Bank of Baroda,savings,42972.88,,,
acct_aaa9bd1c51,cust_0b39372849,ICICI Bank,savings,33585.89,,,
acct_aec3dd380c,cust_33950ed297,Punjab National Bank,savings,42135.59,,,
acct_f23e30b299,cust_dcdb5ef99d,Axis Bank,savings,24057.2,,,
acct_51cc6d496c,cust_7395c44104,Bank of Baroda,savings,30830.13,,,
acct_09824a92e5,cust_e12d01aee6,ICICI Bank,savings,7289.71,,,
acct_6e60060d8c,cust_0fd17491b1,ICICI Bank,savings,7402.56,,,
acct_caa5edc835,cust_4020a278cc,Axis Bank,savings,38661.18,,,
acct_3a3bf3d4a7,cust_7cafd4748c,Bank of Baroda,savings,10003.32,,,
acct_ddcd56a0ff,cust_7eb986921a,Bank of Baroda,savings,42325.33,,,
acct_7a46501dab,cust_6d1416d002,Bank of Baroda,savings,27271.81,,,
acct_6a8fa38c4d,cust_652c76a493,Punjab National Bank,savings,46979.34,,,
acct_7d2d402038,cust_83fab31843,State Bank of India,savings,15585.31,,,
acct_a1f5b600c6,cust_32900ecc27,Axis Bank,savings,7381.98,,,
acct_92604b5732,cust_0973222091,Bank of Baroda,savings,45334.39,,,
acct_2535a6cbf5,cust_fd14205e56,Punjab National Bank,savings,9791.53,,,
acct_6381023457,cust_d6099e06c2,State Bank of India,savings,31153.36,,,
acct_58da28f268,cust_ffa3878942,ICICI Bank,savings,32518.77,,,
acct_c95083c3ee,cust_38dc808bec,Punjab National Bank,savings,45976.46,,,
acct_b9fc0ba541,cust_d86fea1602,Punjab National Bank,savings,25792.89,,,
acct_460e3ec96c,cust_e29969d483,Punjab National Bank,savings,15706.13,,,
acct_c4584191bb,cust_1e272a315e,Bank of Baroda,savings,4143.39,,,
acct_50c46de3b2,cust_cdcd3b7c78,ICICI Bank,savings,24764.89,,,
acct_24e568c3c9,cust_9167961fc5,Axis Bank,savings,15561.3,,,
acct_ec24f5f389,cust_9b8e5fbe46,HDFC Bank,savings,10475.85,,,
acct_9461bb1bac,cust_97354e2f9e,HDFC Bank,savings,15486.29,,,
acct_d99bf543b8,cust_e0b08f9ac6,HDFC Bank,savings,20870.94,,,
acct_09d8728724,cust_ef27c5fdff,State Bank of India,savings,19608.41,,,
acct_33b0cd4449,cust_add99cadb2,ICICI Bank,savings,25032.31,,,
acct_3e16126ff1,cust_0b7d308e25,HDFC Bank,savings,2933.33,,,
acct_d8e8a40797,cust_e64972489d,ICICI Bank,savings,17446.82,,,
acct_a59e2a563e,cust_823144a396,ICICI Bank,savings,23913.7,,,
acct_942f981242,cust_140825e051,HDFC Bank,savings,28453.8,,,
acct_a0a61ee067,cust_714c2ab356,HDFC Bank,savings,48693.93,,,
acct_8d40925fd1,cust_44449ff037,Punjab National Bank,savings,11259.41,,,
acct_63a8e9436b,cust_373f353016,State Bank of India,savings,10669.03,,,
acct_2eb61eca92,cust_ecd07b3209,Punjab National Bank,savings,41583.34,,,
acct_bdddaf6f41,cust_d2b05a124f,Axis Bank,savings,7161.34,,,
acct_725097ce58,cust_855ef5dc37,HDFC Bank,savings,27436.51,,,
acct_33441b3945,cust_507e02f390,Punjab National Bank,savings,8774.26,,,
acct_f1a06b2542,cust_42941e67fc,Bank of Baroda,savings,3165.08,,,
acct_ee6cfff5e1,cust_350bba4b62,Bank of Baroda,savings,40706.16,,,
acct_d8d3ed757f,cust_452522cd68,Punjab National Bank,savings,16380.8,,,
acct_6469b81717,cust_5e2e794842,ICICI Bank,savings,42626.16,,,
acct_7153d38ed3,cust_bb19ecd050,State Bank of India,savings,45363.98,,,
acct_42191f6495,cust_45e1c0fdfa,Punjab National Bank,savings,19472.41,,,
acct_56958a7633,cust_6d27e7d01d,Bank of Baroda,savings,9942.75,,,
acct_574735f2e8,cust_ab04548633,HDFC Bank,savings,34274.3,,,
acct_4bb20bcb30,cust_7d2d281399,Punjab National Bank,savings,25930.02,,,
acct_505c5bd2f6,cust_3546abc19b,ICICI Bank,savings,14019.51,,,
acct_dc746cdd11,cust_b29e10dfce,State Bank of India,savings,20686.34,,,
acct_72183f8486,cust_906a9a65cc,Bank of Baroda,savings,5665.43,,,
acct_302956bb74,cust_a92618369e,ICICI Bank,savings,17800.12,,,
acct_aa247057e8,cust_4447eebb8c,ICICI Bank,savings,34179.5,,,
acct_1a1a9900cb,cust_37495760b9,ICICI Bank,savings,4005.83,,,
acct_92456da200,cust_32eaf4bf6f,Axis Bank,savings,19364.21,,,
acct_b5221ce091,cust_e3fdb76ee7,ICICI Bank,savings,49632.48,,,
acct_9dee340a38,cust_c6c686f9b3,Axis Bank,savings,30737.63,,,
acct_0cbbdd5ec1,cust_3f4f716737,ICICI Bank,savings,41540.17,,,
acct_58749d0523,cust_f3e17efb9d,Bank of Baroda,savings,26127.08,,,
acct_9c53df3372,cust_006daf78e6,HDFC Bank,savings,12277.36,,,
acct_246c333a00,cust_d3018f1602,ICICI Bank,savings,28736.59,,,
acct_99ede699e5,cust_7225af65f4,State Bank of India,savings,2016.29,,,
acct_ef90072ef1,cust_f804e456c9,Bank of Baroda,savings,36763.19,,,
acct_b1389908fe,cust_b1185e56b2,HDFC Bank,savings,49494.75,,,
acct_d304d2d58d,cust_c4f20207b3,Bank of Baroda,savings,32221.93,,,
acct_eaac549c6c,cust_382b52cc7b,Axis Bank,savings,24262.2,,,
acct_61df9b5430,cust_f341d1b427,Bank of Baroda,savings,33228.41,,,
acct_f34e831156,cust_a198742508,Punjab National Bank,savings,20945.81,,,
acct_c0d5799c0c,cust_cea29b2205,State Bank of India,savings,34708.81,,,
acct_f9c2520001,cust_48934ab1bc,State Bank of India,savings,25968.64,,,
acct_cbc69fde09,cust_f1fba5d2a4,Bank of Baroda,savings,8653.72,,,
acct_4c34303cee,cust_2f4e962824,Bank of Baroda,savings,13383.9,,,
acct_58d6ad43c5,cust_3a9ae5e931,ICICI Bank,savings,30419.17,,,
acct_ac72e2346f,cust_d62e93d4ee,HDFC Bank,savings,35409.3,,,
acct_9ea6800288,cust_8a8afffcf2,State Bank of India,savings,16187.89,,,
acct_9dd80eb2b6,cust_9743e591c9,Axis Bank,savings,36478.31,,,
acct_820d70b8a5,cust_05e4cbeaf8,ICICI Bank,savings,17506.16,,,
acct_bbfb60fbf5,cust_82753b733d,Axis Bank,savings,14710.32,,,
acct_1b7579cc04,cust_9d8b69ba7d,Axis Bank,savings,40955.97,,,
acct_97548befe3,cust_6ac79fdaff,Axis Bank,savings,42670.54,,,
acct_3d21ba8e26,cust_825edbb153,HDFC Bank,savings,5726.95,,,
acct_c4c5eaa025,cust_b58a154fda,Axis Bank,savings,47147.43,,,
acct_17ceb152d8,cust_82c61600e1,Bank of Baroda,savings,9611.46,,,
acct_8ed9581ac9,cust_51c479e6f8,ICICI Bank,savings,19874.58,,,
acct_fdf66f188e,cust_b01cbe40b1,State Bank of India,savings,9114.8,,,
acct_d895ab7b12,cust_552e1a0c28,Bank of Baroda,savings,23334.67,,,
acct_112c2de410,cust_392110ba3e,Punjab National Bank,savings,6549.76,,,
acct_411f1af71d,cust_15daae892e,Axis Bank,savings,27797.2,,,
acct_26122c08f9,cust_b7687aee07,ICICI Bank,savings,9318.36,,,
acct_16aa66ee56,cust_3f61df4cb9,HDFC Bank,savings,16190.7,,,
acct_a5503802d6,cust_a1c5db5f83,State Bank of India,savings,23656.24,,,
acct_b84cc92636,cust_8bb0f8e8fc,HDFC Bank,savings,30761.21,,,
acct_de808cdaff,cust_e2624aecca,HDFC Bank,savings,24928.93,,,
acct_ab75a9fc7b,cust_2ea4216ed5,State Bank of India,savings,40777.47,,,
acct_07738e7b3e,cust_a15fafa496,Bank of Baroda,savings,23895.72,,,
acct_ea72df0afb,cust_2bc24f2251,State Bank of India,savings,22015.1,,,
acct_2b61b8926e,cust_09639e8147,State Bank of India,savings,27641.91,,,
acct_91b657c580,cust_7e4afc1a38,Punjab National Bank,savings,47413.38,,,
acct_dc62d25ae7,cust_53f3fa7cf0,Punjab National Bank,savings,24455.05,,,
acct_a5ecfecc4a,cust_03ae6cd331,State Bank of India,savings,31183.95,,,
acct_c94f209db5,cust_f43fa53db4,Punjab National Bank,savings,13010.98,,,
acct_b2c45b8386,cust_dd00eaf702,State Bank of India,savings,18239.19,,,
acct_11a2a11332,cust_c65eddd265,Punjab National Bank,savings,30622.36,,,
acct_3675d570ee,cust_632cfd52cc,Bank of Baroda,savings,28165.73,,,
acct_b9b0ff4953,cust_f0630a2890,Bank of Baroda,savings,16344.37,,,
acct_0072ba3a37,cust_4e681d15c0,Axis Bank,savings,41600.77,,,
acct_50eb8ce403,cust_99781e2134,Punjab National Bank,savings,37146.99,,,
acct_079e712e45,cust_84a333fdab,HDFC Bank,savings,9010.29,,,
acct_47832bcb4d,cust_6baafa2add,ICICI Bank,savings,47979.47,,,
acct_6bcf09721f,cust_8832deb3e1,Punjab National Bank,savings,25045.35,,,
acct_efe0f4b782,cust_94cc4ee0ec,HDFC Bank,savings,11983.44,,,
acct_c958e7fcdc,cust_9d649c796c,Punjab National Bank,savings,2548.02,,,
acct_5eb805ef80,cust_76cbb2e0be,Bank of Baroda,savings,16787.99,,,
acct_cd0a3af832,cust_81d33bc59d,Punjab National Bank,savings,49890.66,,,
acct_8e844b818b,cust_28c4666249,State Bank of India,savings,35621.01,,,
acct_c8e0fa4e08,cust_af5b5bd466,HDFC Bank,savings,39137.18,,,
acct_9f05a434a7,cust_d1a2b6fd10,Bank of Baroda,savings,35559.08,,,
acct_25485fc2a7,cust_e92f86098f,State Bank of India,savings,33862.14,,,
acct_ac4ca7ab35,cust_93b3f9973d,Axis Bank,savings,29655.85,,,
acct_2075faf6c5,cust_f4f7710ac5,Axis Bank,savings,42575.82,,,
acct_3e2cd73143,cust_51f5de27bd,Bank of Baroda,savings,27809.8,,,
acct_2526da8cc7,cust_59ce11a18c,Punjab National Bank,savings,13185.99,,,
acct_570a7c44ce,cust_ca3301b606,ICICI Bank,savings,5067.32,,,
acct_e2bf24c76f,cust_d42d8a2211,Axis Bank,savings,10146.11,,,
acct_8a09618c8a,cust_975442019c,State Bank of India,savings,21014.72,,,
acct_b99cf8d2be,cust_6990c4d42a,ICICI Bank,savings,8740.92,,,
acct_68205cfe1c,cust_1642cf3eff,Bank of Baroda,savings,7531.7,,,
acct_8b67f01048,cust_bddb041b7f,Bank of Baroda,savings,26333.39,,,
acct_50ac3c3375,cust_fa9b705106,HDFC Bank,savings,7589.33,,,
acct_ca495a713f,cust_1a0de10d9c,HDFC Bank,savings,29488.71,,,
acct_e16d2aab1e,cust_f616a7f57f,Punjab National Bank,savings,45456.21,,,
acct_ccdbe1263f,cust_74753455b2,ICICI Bank,savings,45904.46,,,
acct_c4c7698b91,cust_4cddbee63a,Axis Bank,savings,15288.49,,,
acct_df93bf8b62,cust_9ecab48868,Bank of Baroda,savings,13316.88,,,
acct_918b122a96,cust_ece58c5a74,Punjab National Bank,savings,47500.19,,,
acct_49d56e09f3,cust_da7b2ea59c,Bank of Baroda,savings,20459.38,,,
acct_bedd6714f4,cust_d13aa5d961,Punjab National Bank,savings,34656.86,,,
acct_94d5fb9a81,cust_0148a7d7b1,HDFC Bank,savings,9341.38,,,
acct_4fc74c0615,cust_8516d580d3,State Bank of India,savings,40293.89,,,
acct_6b98508ceb,cust_6102ad2c16,Bank of Baroda,savings,11553.74,,,
acct_852c5ee5f6,cust_e7de242855,HDFC Bank,savings,30266.21,,,
acct_17fe7cc1c4,cust_a62589572f,ICICI Bank,savings,49346.21,,,
acct_abadaff3fb,cust_daa516fe18,HDFC Bank,savings,39964.0,,,
acct_c76283d5af,cust_3973184bbc,HDFC Bank,savings,2007.25,,,
acct_c861fe2b3e,cust_3e30878fb4,Punjab National Bank,savings,12775.01,,,
acct_3951d87023,cust_6acc4516b4,State Bank of India,savings,28920.76,,,
acct_f7a102f9e0,cust_62ded48725,Bank of Baroda,savings,11213.59,,,
acct_7e4f4aa277,cust_eef27e766d,Axis Bank,savings,21152.4,,,
acct_e6709b3d3b,cust_47302e5476,ICICI Bank,savings,31267.73,,,
acct_1008da66b8,cust_d8d58575ae,HDFC Bank,savings,29937.64,,,
acct_1a7b8df284,cust_4f8a0e488f,State Bank of India,savings,39618.78,,,
acct_0bacd733ec,cust_40e42d04bb,Axis Bank,savings,34883.55,,,
acct_087c199955,cust_9aec84841f,Axis Bank,savings,25821.45,,,
acct_a0f71f5529,cust_705803d885,HDFC Bank,savings,42223.51,,,
acct_3794ea8c25,cust_282186f331,Bank of Baroda,savings,18067.64,,,
acct_c37f5ecb9f,cust_83ff782fbf,Punjab National Bank,savings,46554.26,,,
acct_0187f937e2,cust_21b421b59b,Punjab National Bank,savings,28695.39,,,
acct_44d6f5d619,cust_f5cf984f75,ICICI Bank,savings,9057.25,,,
acct_c62641c50b,cust_5cc0f9ed80,Bank of Baroda,savings,17066.11,,,
acct_13c6eb7a6c,cust_ea88649c1d,State Bank of India,savings,30791.5,,,
acct_90ad180787,cust_7463938947,HDFC Bank,savings,10795.13,,,
acct_e56eb8f424,cust_105ee55708,Punjab National Bank,savings,46383.81,,,
acct_fa3f9d383b,cust_190796b79a,Axis Bank,savings,36962.15,,,
acct_4b5f2fe236,cust_9cdc40bf7b,HDFC Bank,savings,3258.39,,,
acct_d51e42ee5f,cust_7cc35e26c3,Axis Bank,savings,16374.45,,,
acct_8060225654,cust_06a990c953,Punjab National Bank,savings,30580.33,,,
acct_9a51e58711,cust_1bc434355f,Axis Bank,savings,47381.71,,,
acct_539ecd4040,cust_3e7681fbc1,Axis Bank,savings,28250.65,,,
acct_9ff5cce151,cust_7ab40045d8,ICICI Bank,savings,26177.6,,,
acct_ccbfa25f32,cust_adbfe9459c,HDFC Bank,savings,18796.77,,,
acct_85ce2df754,cust_3487c6ea27,State Bank of India,savings,8316.93,,,
acct_32dd34d96e,cust_d5c2792873,ICICI Bank,savings,17434.46,,,
acct_052893abe9,cust_557202e420,State Bank of India,savings,8104.89,,,
acct_0aeb03ec5a,cust_d52e6de5bc,ICICI Bank,savings,31273.24,,,
acct_4710780156,cust_8dcdae94be,State Bank of India,savings,34476.97,,,
acct_83c9eab52f,cust_624356dd99,Axis Bank,savings,37636.39,,,
acct_b293b55e97,cust_dad7b3eba3,Axis Bank,savings,37645.62,,,
acct_f35b6f57e7,cust_12e98f8c7a,HDFC Bank,savings,32073.88,,,
acct_2d2a3610ae,cust_e37556a8df,Bank of Baroda,savings,13244.44,,,
acct_9d71d6fd6a,cust_8f063a29f1,Bank of Baroda,savings,45179.8,,,
acct_f127a83e6d,cust_0416ebf91b,HDFC Bank,savings,19125.52,,,
acct_f091b83527,cust_e555ddb011,State Bank of India,savings,35322.28,,,
acct_36483c5290,cust_cb1c66c516,Axis Bank,savings,46321.56,,,
acct_164ee1fdb2,cust_9f90340d9d,HDFC Bank,savings,12783.89,,,
acct_c538d400aa,cust_741b81182c,Punjab National Bank,savings,48133.92,,,
acct_8620dbece5,cust_2ed881bea0,Axis Bank,savings,5287.21,,,
acct_9919d7ded9,cust_c55f5bb283,State Bank of India,savings,28171.69,,,
acct_ebbf79a671,cust_9952493d9a,Punjab National Bank,savings,18769.7,,,
acct_c35acbd812,cust_e25074129e,ICICI Bank,savings,46413.18,,,
acct_71efd3b571,cust_fa73c71972,Bank of Baroda,savings,34939.44,,,
acct_c9a90fb896,cust_862e329a0a,Bank of Baroda,savings,9783.37,,,
acct_d15a98f00e,cust_2074ec031a,Axis Bank,savings,23140.63,,,
acct_cee8374065,cust_c7e21f5e82,ICICI Bank,savings,15945.29,,,
acct_9dca73a168,cust_ce3afe0a53,Punjab National Bank,savings,39766.7,,,
acct_eb805e45e9,cust_b80830a6c7,HDFC Bank,savings,15407.4,,,
acct_fdc1a12f0a,cust_0c1884a725,Axis Bank,savings,46581.74,,,
acct_019c1f8944,cust_6ed973e21f,Bank of Baroda,savings,49958.6,,,
acct_d3fd28c43f,cust_ece83319be,State Bank of India,savings,16885.65,,,
acct_3a7164e179,cust_165ee650a7,Punjab National Bank,savings,33025.26,,,
acct_d97ae72a56,cust_9785e75f94,Bank of Baroda,savings,15209.17,,,
acct_234f4a4184,cust_0ee7c35b4f,State Bank of India,savings,33925.91,,,
acct_8d8195cab0,cust_cc1801c2f6,ICICI Bank,savings,8483.67,,,
acct_4e9346753f,cust_97cd4064dd,Punjab National Bank,savings,16609.74,,,
acct_3d86658efc,cust_a459756e08,Bank of Baroda,savings,38768.34,,,
acct_ac166fb2d7,cust_ec9b6af936,Punjab National Bank,savings,45450.26,,,
acct_eed9d03b18,cust_9fa7a93beb,State Bank of India,savings,39193.21,,,
acct_da22e75bad,cust_83ae1fab62,ICICI Bank,savings,46082.27,,,
acct_754ca3f081,cust_df6f9e6114,Punjab National Bank,savings,12284.1,,,
acct_ded38ff370,cust_39a61282fc,Bank of Baroda,savings,37511.99,,,
acct_578ec268e3,cust_f53f6e0edc,State Bank of India,savings,44261.3,,,
acct_4b07d8d498,cust_e22e7ab9b0,HDFC Bank,savings,3500.74,,,
acct_c5a69a17d3,cust_b334b80316,ICICI Bank,savings,9878.21,,,
acct_3dec63c03d,cust_9f9b77f987,Axis Bank,savings,20837.73,,,
acct_3c47b41e98,cust_16e195eb18,Axis Bank,savings,26263.57,,,
acct_2b8eebcaf9,cust_ba0eecdc55,ICICI Bank,savings,24311.17,,,
acct_767fe6e8ee,cust_4f538c0401,Axis Bank,savings,16619.65,,,
acct_8c990a43b7,cust_ee63d52cf3,Punjab National Bank,savings,22619.03,,,
acct_debabba781,cust_7efed5a419,ICICI Bank,savings,36720.89,,,
acct_c7f6c7deef,cust_bd680c0112,HDFC Bank,savings,30758.18,,,
acct_ba9659b26c,cust_da9cea0001,Bank of Baroda,savings,42792.25,,,
acct_19eb09c8da,cust_04e67284d9,ICICI Bank,savings,15788.1,,,
acct_4401340947,cust_d592f3cc4a,HDFC Bank,savings,23320.03,,,
acct_01234af02b,cust_e297d3e348,Punjab National Bank,savings,22780.2,,,
acct_843b819134,cust_dd17eb094e,Bank of Baroda,savings,8303.58,,,
acct_cf10e1a6ca,cust_223e3af051,HDFC Bank,savings,15500.22,,,
acct_b92f48cd30,cust_7f4ba3c336,State Bank of India,savings,40650.29,,,
acct_637c14d07b,cust_fa7e7f0949,State Bank of India,savings,7202.88,,,
acct_a47ef7593b,cust_53a82fd113,HDFC Bank,savings,19785.91,,,
acct_4e5b3c8f43,cust_f1e2ac3f62,Bank of Baroda,savings,25998.22,,,
acct_992bcced23,cust_03172f94f7,State Bank of India,savings,46266.74,,,
acct_0e0d0d9cf1,cust_d767d65263,HDFC Bank,savings,19075.38,,,
acct_ecb495eba2,cust_91acb32d97,Axis Bank,savings,22908.64,,,
acct_90a0370037,cust_0265bf7c97,Axis Bank,savings,14423.62,,,
acct_935d826fc4,cust_a4a4ca0688,ICICI Bank,savings,5872.85,,,
acct_3bf4c71457,cust_67847b712c,State Bank of India,savings,19081.89,,,
acct_a463cda79c,cust_d9395f71c2,Punjab National Bank,savings,25054.29,,,
acct_eeb465cf20,cust_cf3ffa03bf,State Bank of India,savings,20884.89,,,
acct_9731e12ba4,cust_70b927d866,State Bank of India,savings,39494.58,,,
acct_bc46cbe96d,cust_b9bbc98500,ICICI Bank,savings,22246.37,,,
acct_065699d005,cust_63b901c9aa,HDFC Bank,savings,12240.97,,,
acct_3fc571843a,cust_50ffc51af0,ICICI Bank,savings,3884.53,,,
acct_c6002502a3,cust_7624450f89,HDFC Bank,savings,29512.9,,,
acct_cc1be8748b,cust_75d61d54c1,Bank of Baroda,savings,11081.31,,,
acct_37e72c3a96,cust_6a02ff8ce0,ICICI Bank,savings,12299.08,,,
acct_afb6ec6483,cust_67520dec0d,Axis Bank,savings,37685.99,,,
acct_0aad2fa84c,cust_6f96e44115,Bank of Baroda,savings,45711.0,,,
acct_5111b2a49f,cust_fe6721dbf7,Bank of Baroda,savings,27614.37,,,
acct_d4cd977beb,cust_484373891e,Bank of Baroda,savings,28777.16,,,
acct_d3846e5116,cust_ab62b92c12,ICICI Bank,savings,49839.21,,,
acct_470c0e1653,cust_bd3832ed14,Axis Bank,savings,32561.13,,,
acct_b7fd4a7d2c,cust_e502537668,HDFC Bank,savings,32458.52,,,
acct_315f637d4e,cust_040fc3e8d4,HDFC Bank,savings,28713.11,,,
acct_074f4d72e0,cust_2d74101bc8,ICICI Bank,savings,30603.27,,,
acct_2389c12f7a,cust_59ef53a80f,State Bank of India,savings,12627.27,,,
acct_970b15178e,cust_1a865e4533,Axis Bank,savings,19980.01,,,
acct_263ab786f8,cust_eacfdc72b9,Axis Bank,savings,14784.14,,,
acct_5e8c19da00,cust_70f08208cc,Punjab National Bank,savings,25740.6,,,
acct_0a3ffe3b12,cust_b011ff67b8,Punjab National Bank,savings,48380.88,,,
acct_ddeb75214c,cust_3f4d6d32d4,HDFC Bank,savings,31651.57,,,
acct_0c2c0dd514,cust_27919255eb,HDFC Bank,savings,17330.86,,,
acct_c4fbbb38d4,cust_8ff8e6de79,ICICI Bank,savings,28366.84,,,
acct_be7c543860,cust_33445eab48,ICICI Bank,savings,14938.98,,,
acct_c7a84118d4,cust_69605e6e78,ICICI Bank,savings,28799.5,,,
acct_1c85c90e42,cust_08084b8012,ICICI Bank,savings,12429.91,,,
acct_6b50e73be8,cust_16616bbb6e,Bank of Baroda,savings,43157.97,,,
acct_550f07f7fd,cust_7cf96d8f9e,State Bank of India,savings,48596.61,,,
acct_341e648a54,cust_41abb1c60c,Punjab National Bank,savings,13114.79,,,
acct_d24e8db7b3,cust_27ccfdc558,ICICI Bank,savings,4521.63,,,
acct_fac2079426,cust_86ecf59b6c,HDFC Bank,savings,26215.04,,,
acct_0dda2a3f64,cust_07659cead8,Axis Bank,savings,8681.46,,,
acct_4d6f69015c,cust_d0846d804d,Punjab National Bank,savings,30609.65,,,
acct_91b810b122,cust_5fffbfbe6c,Axis Bank,savings,21004.8,,,
acct_45f2d1c1cd,cust_bf7e7fbfdc,ICICI Bank,savings,25861.96,,,
acct_bda907f437,cust_0213521aa2,HDFC Bank,savings,37076.56,,,
acct_17855cbe58,cust_3bbba41891,State Bank of India,savings,5163.56,,,
acct_ebaf73d393,cust_0e0227eea3,Axis Bank,savings,17142.67,,,
acct_c8314d9e49,cust_993485af0d,Punjab National Bank,savings,18348.63,,,
acct_5435241c5c,cust_a3dc9c12c3,Bank of Baroda,savings,41582.11,,,
acct_4d275e401e,cust_e8ce9136b4,HDFC Bank,savings,42480.5,,,
acct_3b848066a2,cust_6850e9916a,Punjab National Bank,savings,18973.76,,,
acct_474451bb5c,cust_de25dbd036,State Bank of India,savings,45128.64,,,
acct_5238b57963,cust_e5dd9515d9,Punjab National Bank,savings,13434.74,,,
acct_d8ff835448,cust_2db9cc95ed,Axis Bank,savings,43125.64,,,
acct_89ed113fa6,cust_3a5f2a9f3b,Axis Bank,savings,9059.03,,,
acct_dc1aadbd4d,cust_5236621f17,Punjab National Bank,savings,17235.91,,,
acct_45fb377886,cust_14228aa47e,ICICI Bank,savings,19860.52,,,
acct_91683d66c7,cust_fbcadaab87,State Bank of India,savings,15555.55,,,
acct_147a606834,cust_f018e8a709,Punjab National Bank,savings,49687.95,,,
acct_df7bc35885,cust_aed1dc214e,Punjab National Bank,savings,18197.24,,,
acct_9059449b34,cust_12899a675e,ICICI Bank,savings,34840.12,,,
acct_9e01348139,cust_2bffc36502,Axis Bank,savings,3975.36,,,
acct_083b507167,cust_bc31b688e8,State Bank of India,savings,29272.08,,,
acct_1f2cdacbbc,cust_5af53fd4dd,State Bank of India,savings,42478.23,,,
acct_a241a60d68,cust_44b54ae541,ICICI Bank,savings,11684.76,,,
acct_c6396386ce,cust_8847fc6554,State Bank of India,savings,49464.49,,,
acct_c0257558a1,cust_7c339acebb,State Bank of India,savings,40750.42,,,
acct_1405ab03b0,cust_8f6c3788b9,HDFC Bank,savings,20979.32,,,
acct_3ac682199d,cust_42be41ced5,HDFC Bank,savings,28752.7,,,
acct_543b83b334,cust_08df4ef5c5,Punjab National Bank,savings,38754.75,,,
acct_3060180ce9,cust_f4e0280e9e,HDFC Bank,savings,33097.39,,,
acct_333ff3667f,cust_64a5f3781a,Punjab National Bank,savings,33603.08,,,
acct_257f1c6c16,cust_b75bc31206,Axis Bank,savings,45550.77,,,
acct_76bb909417,cust_6508d9e068,ICICI Bank,savings,6856.56,,,
acct_06662a8090,cust_51e1a91533,Bank of Baroda,savings,12013.36,,,
acct_5d7b0a52a0,cust_82b7b828ef,HDFC Bank,savings,29254.25,,,
acct_43845e3c06,cust_1f0ef3eed7,State Bank of India,savings,32119.18,,,
acct_f3f29c8aea,cust_229f972e19,State Bank of India,savings,45741.04,,,
acct_5ca2c76267,cust_65b68f4600,Punjab National Bank,savings,22258.7,,,
acct_03485fae5b,cust_770bb494e5,Punjab National Bank,savings,36310.77,,,
acct_8a89d4580b,cust_e71a836611,Punjab National Bank,savings,19660.79,,,
acct_113b99c3e8,cust_20543005ff,HDFC Bank,savings,47054.85,,,
acct_039c3d3d1c,cust_950fca449d,Punjab National Bank,savings,7631.68,,,
acct_ef4a5095f7,cust_6aaf14dc90,ICICI Bank,savings,20948.17,,,
acct_9793cb0fbb,cust_0df40ae8fc,Bank of Baroda,savings,40782.1,,,
acct_f8421a25ae,cust_f21f683712,Punjab National Bank,savings,7200.37,,,
acct_10678c742c,cust_0facc3d45f,ICICI Bank,savings,23334.97,,,
acct_4934e99515,cust_946888b584,HDFC Bank,savings,39930.23,,,
acct_8e55527baf,cust_1fa1be33a5,ICICI Bank,savings,6187.47,,,
acct_e0764d817d,cust_6e96626ea5,HDFC Bank,savings,5696.96,,,
acct_7e38942d59,cust_930f319962,ICICI Bank,savings,3608.65,,,
acct_625f5cd8fc,cust_241f55478c,HDFC Bank,savings,4876.03,,,
acct_695b06f826,cust_ad7c530af5,Axis Bank,savings,28411.66,,,
acct_8fb01bd6e0,cust_ff79ee3c27,HDFC Bank,savings,3468.02,,,
acct_2e52175580,cust_92cd77e508,State Bank of India,savings,2212.09,,,
acct_b590384211,cust_60cb0213da,Punjab National Bank,savings,20567.8,,,
acct_2745535cc0,cust_e1ee98004b,Bank of Baroda,savings,28696.11,,,
acct_6f1a7cfd45,cust_9e1dca2cc5,HDFC Bank,savings,42125.54,,,
acct_01eadb7113,cust_49e417aa2a,ICICI Bank,savings,43466.27,,,
acct_17d00d1c95,cust_8122f962a7,Punjab National Bank,savings,17383.21,,,
acct_028ea3d76d,cust_34820dad98,ICICI Bank,savings,25931.55,,,
acct_d9c9bab1e8,cust_076470ae52,Punjab National Bank,savings,13728.59,,,
acct_ce65588f81,cust_d14c4a34a5,Axis Bank,savings,36587.02,,,
acct_dfb51ddca1,cust_bcd816666c,ICICI Bank,savings,39872.79,,,
acct_29acddedf2,cust_84fb22fa93,State Bank of India,savings,30123.23,,,
acct_120586eaa3,cust_3014773b03,Punjab National Bank,savings,26809.08,,,
acct_218d0b06ed,cust_ed043f4ca7,HDFC Bank,savings,10542.75,,,
acct_edfc928979,cust_272157a35c,HDFC Bank,savings,31549.25,,,
acct_0103fa6bcf,cust_9a7c6cb99b,Bank of Baroda,savings,36921.71,,,
acct_e0602294cf,cust_b1d9c94e10,HDFC Bank,savings,46147.33,,,
acct_d1da21b7be,cust_d53cde9020,State Bank of India,savings,20825.11,,,
acct_9189e2f60e,cust_94a0811aaf,State Bank of India,savings,39114.32,,,
acct_c70cd5905b,cust_03c165f8cf,HDFC Bank,savings,18909.28,,,
acct_6fd3bcc80b,cust_bb67a352cb,HDFC Bank,savings,38680.48,,,
acct_8985628b3f,cust_b2ca397e92,HDFC Bank,savings,11638.85,,,
acct_8e9a8b8126,cust_fdc0a9e53a,Punjab National Bank,savings,31688.78,,,
acct_de7e7ff4b5,cust_e1a52e5eb9,Punjab National Bank,savings,3510.87,,,
acct_e96c0428b9,cust_29b2fc000f,State Bank of India,savings,37598.27,,,
acct_5715b69ff7,cust_cc18ff2942,ICICI Bank,savings,38159.98,,,
acct_6ea5f611ea,cust_074af4b31f,Axis Bank,savings,42126.17,,,
acct_1009c0e9f8,cust_15aa48f337,ICICI Bank,savings,44476.25,,,
acct_9e8fb8b525,cust_b0e7bfa4b7,State Bank of India,savings,38065.74,,,
acct_37e3cd41dc,cust_c22ae2b390,ICICI Bank,savings,41039.12,,,
acct_b954614d06,cust_10d4cbf552,Axis Bank,savings,49937.06,,,
acct_485d894331,cust_8cd95bbeb2,Axis Bank,savings,26647.61,,,
acct_bb30678011,cust_e5cde152da,State Bank of India,savings,28933.09,,,
acct_3fe9d715bb,cust_1de3d0dd95,State Bank of India,savings,9859.08,,,
acct_b1dec23620,cust_2b5848b39b,Bank of Baroda,savings,39304.51,,,
acct_606f1a7caf,cust_7b03ccb585,HDFC Bank,savings,11378.32,,,
acct_af2eea606c,cust_7a9d610086,Bank of Baroda,savings,44316.8,,,
acct_2812ce6448,cust_19483c4bbb,State Bank of India,savings,49529.86,,,
acct_7cc1d4ad7d,cust_510acc3efe,HDFC Bank,savings,31402.34,,,
acct_893eeb5c06,cust_968d94690c,HDFC Bank,savings,17886.81,,,
acct_0bff05ed16,cust_f04281bfde,ICICI Bank,savings,10439.79,,,
acct_3b6ff2fbf3,cust_c2b5163fb4,Bank of Baroda,savings,9914.76,,,
acct_393e6bae9a,cust_283efd3cb2,HDFC Bank,savings,4801.24,,,
acct_7adb40a93f,cust_5766cdff9b,State Bank of India,savings,15497.2,,,
acct_a8c2479f34,cust_c8470ec543,Axis Bank,savings,5658.99,,,
acct_e0f7f372dc,cust_7f08a7ca14,HDFC Bank,savings,36050.93,,,
acct_60708e82dd,cust_ade797a911,State Bank of India,savings,22023.66,,,
acct_00b6349520,cust_6962b3a5fb,ICICI Bank,savings,45587.98,,,
acct_8ae36bcd55,cust_0ea8d61463,ICICI Bank,savings,25069.61,,,
acct_0a7ad62ed7,cust_9ddeb72062,State Bank of India,savings,45950.46,,,
acct_9b882ce96f,cust_343c96ad6d,State Bank of India,savings,29396.88,,,
acct_73db72421a,cust_879a45ae3e,Bank of Baroda,savings,40155.7,,,
acct_f22b8fbe46,cust_e8dece0f4e,Axis Bank,savings,19522.97,,,
acct_65f2327ff2,cust_a661fa574d,Bank of Baroda,savings,16206.91,,,
acct_19a3dfb2bd,cust_f4096a3c18,Bank of Baroda,savings,10534.79,,,
acct_0b9de803f9,cust_ccad233f34,Bank of Baroda,savings,34238.83,,,
acct_9942892dac,cust_777a173181,ICICI Bank,savings,47222.36,,,
acct_16d9f63f93,cust_260465514a,HDFC Bank,savings,31885.87,,,
acct_bd6895fe29,cust_a2429c1e91,ICICI Bank,savings,36908.21,,,
acct_9db78013ed,cust_112e569740,HDFC Bank,savings,2627.86,,,
acct_ec9a6bf19e,cust_ff9d3b6946,State Bank of India,savings,15830.43,,,
acct_6fd031f2a8,cust_c4a8da3d8f,State Bank of India,savings,20845.14,,,
acct_f500747e71,cust_b708d3ee3e,HDFC Bank,savings,46790.22,,,
acct_edf536ddfb,cust_c7c7d390c7,Axis Bank,savings,14331.79,,,
acct_6b1fed1756,cust_6a63dde017,Bank of Baroda,savings,28037.48,,,
acct_c60266d014,cust_d8a8fcc788,Punjab National Bank,savings,42784.93,,,
acct_bd3f145ad4,cust_a3fa9e5d6f,HDFC Bank,savings,36232.06,,,
acct_693a5dacec,cust_f020cb798d,ICICI Bank,savings,36346.21,,,
acct_cde49dd885,cust_41a540b381,ICICI Bank,savings,27687.8,,,
acct_230ff143a9,cust_e733d72871,Axis Bank,savings,21925.58,,,
acct_43ee1471bc,cust_c6068c5e4b,HDFC Bank,savings,49724.9,,,
acct_c7113c3ea7,cust_a3f1c21406,Bank of Baroda,savings,19448.06,,,
acct_0e888a94a7,cust_8f27eb52b4,ICICI Bank,savings,31738.49,,,
acct_7982da313b,cust_e1cf40f0a1,State Bank of India,savings,17353.39,,,
acct_623e077298,cust_4696bb3772,Punjab National Bank,savings,24537.36,,,
acct_a4f2fc6f88,cust_61027341fd,ICICI Bank,savings,19634.48,,,
acct_9dd30cc359,cust_c3f791a1b1,HDFC Bank,savings,46392.93,,,
acct_b7ece2b709,cust_1099da76c5,Punjab National Bank,savings,5729.56,,,
acct_bfc45419ce,cust_25340ab7dc,Punjab National Bank,savings,43838.9,,,
acct_dd6ad83839,cust_bcddb3546b,Punjab National Bank,savings,12651.49,,,
acct_a70ce4d42d,cust_463546fb3a,Axis Bank,savings,7989.04,,,
acct_8018dbe090,cust_8f5bdc7a0b,Bank of Baroda,savings,15166.31,,,
acct_a12b6ebc4c,cust_5272fa4b95,Punjab National Bank,savings,46678.33,,,
acct_1adc7350be,cust_95a3b4a067,Bank of Baroda,savings,7648.92,,,
acct_5a81d0df35,cust_7d3973cd09,Axis Bank,savings,42537.45,,,
acct_6e91b8f7e9,cust_610303c8ef,HDFC Bank,savings,10140.25,,,
acct_c5e0b08fcc,cust_08d984dada,ICICI Bank,savings,37840.26,,,
acct_5c997ed1bd,cust_503485763f,Bank of Baroda,savings,25204.06,,,
acct_fe717c8c25,cust_e4de7a4cfb,Bank of Baroda,savings,34268.5,,,
acct_3654f6da9b,cust_e7376a6abd,Bank of Baroda,savings,41830.54,,,
acct_af10ce1dbb,cust_afaaac3a67,HDFC Bank,savings,39674.59,,,
acct_341a551889,cust_b205e2e128,State Bank of India,savings,14783.1,,,
acct_8061956c3a,cust_9059f760b6,Axis Bank,savings,6018.95,,,
acct_040c13986a,cust_b138ce55da,Axis Bank,savings,27268.99,,,
acct_fcef73aab9,cust_7dc262a7b2,State Bank of India,savings,49017.72,,,
acct_c90b432552,cust_80d68334c2,State Bank of India,savings,39993.36,,,
acct_f29c817160,cust_18ad22e438,State Bank of India,savings,38816.44,,,
acct_4bb3a72dfa,cust_c07dfe837b,ICICI Bank,savings,16214.69,,,
acct_f2cab53da9,cust_5e93cf5785,ICICI Bank,savings,29956.9,,,
acct_c0e4c8fd42,cust_c0cbe43eae,ICICI Bank,savings,48297.64,,,
acct_a967c95336,cust_c3771c08a0,ICICI Bank,savings,38643.45,,,
acct_0240a4602a,cust_7fb9beb25a,Bank of Baroda,savings,22399.87,,,
acct_2df9afa579,cust_db2f94340b,ICICI Bank,savings,31438.37,,,
acct_7d86fa0df9,cust_90a8220637,Axis Bank,savings,15926.92,,,
acct_9350cfc60a,cust_d7e24074c2,Axis Bank,savings,3803.47,,,
acct_c46f2e3dfa,cust_ceaf6f31f8,Bank of Baroda,savings,27597.53,,,
acct_d83d290f38,cust_ddc254e2d0,State Bank of India,savings,41304.92,,,
acct_5bb0a3f379,cust_b44055ba0d,Bank of Baroda,savings,2123.42,,,
acct_c0c7c3f8f7,cust_d247ac4730,ICICI Bank,savings,41047.39,,,
acct_9ce8709354,cust_387da9b9eb,ICICI Bank,savings,37434.68,,,
acct_399b77e6f9,cust_68391ee7aa,HDFC Bank,savings,12471.92,,,
acct_3f8078d967,cust_3024202212,Bank of Baroda,savings,4673.01,,,
acct_6804b42cd5,cust_1c9852a2c8,Bank of Baroda,savings,22942.66,,,
acct_2d719d47cc,cust_17a478bab1,HDFC Bank,savings,19225.71,,,
acct_f9abeb334d,cust_e707f798e0,Axis Bank,savings,4926.16,,,
acct_2548ba9213,cust_4d60530510,State Bank of India,savings,13579.77,,,
acct_e89410d936,cust_18a79036aa,State Bank of India,savings,35015.88,,,
acct_3dbb05d199,cust_8c39a0b342,HDFC Bank,savings,10472.7,,,
acct_d297d41a72,cust_3c65098e6e,Punjab National Bank,savings,43709.22,,,
acct_44900b6ea6,cust_d102f43571,Bank of Baroda,savings,47791.93,,,
acct_e7e0b5ad25,cust_7f08857132,HDFC Bank,savings,25224.99,,,
acct_00921e3e41,cust_92ae6c7f35,ICICI Bank,savings,34762.91,,,
acct_45a327c744,cust_6ce03b3296,State Bank of India,savings,44767.17,,,
acct_8b05621cfa,cust_def25f80b2,Punjab National Bank,savings,17038.47,,,
acct_73262bfd74,cust_c051895826,Bank of Baroda,savings,13306.05,,,
acct_a450682c12,cust_0e9f33e5d0,Punjab National Bank,savings,32310.8,,,
acct_e717a2f8b9,cust_d75c1acf2c,Axis Bank,savings,6220.05,,,
acct_a35fb04225,cust_124644ad88,ICICI Bank,savings,12812.43,,,
acct_e48dc4b2aa,cust_26b7a4460d,Bank of Baroda,savings,43035.2,,,
acct_15dfaa080c,cust_169c3b9f1d,ICICI Bank,savings,4835.29,,,
acct_9b806388b4,cust_e114f955a4,Punjab National Bank,savings,21959.86,,,
acct_7b07dae5b5,cust_ef783f0034,Punjab National Bank,savings,36372.41,,,
acct_c7f20a3159,cust_a48ebba870,ICICI Bank,savings,3574.91,,,
acct_f19d3ddba8,cust_901ff8d835,Punjab National Bank,savings,47434.26,,,
acct_2c21b7a1f8,cust_508705b144,Bank of Baroda,savings,44367.81,,,
acct_e57a3d0f4a,cust_263b321472,ICICI Bank,savings,26773.64,,,
acct_47838f7279,cust_f475c97508,ICICI Bank,savings,11480.76,,,
acct_2d96f4b53b,cust_d82acd77a3,State Bank of India,savings,18096.58,,,
acct_bdcd9eb27b,cust_6b459a22d3,HDFC Bank,savings,19252.51,,,
acct_a2b4df63f5,cust_d1920b7f64,Bank of Baroda,savings,16792.28,,,
acct_1f3ff68849,cust_21fb56efbc,HDFC Bank,savings,28975.18,,,
acct_eb81fafb23,cust_f03aa7da42,Punjab National Bank,savings,48786.92,,,
acct_e38f072920,cust_9e8eacc000,Axis Bank,savings,41505.55,,,
acct_7a3225c61d,cust_cb455f2983,State Bank of India,savings,17544.05,,,
acct_f37a04cc4b,cust_635a6917b1,State Bank of India,savings,24505.04,,,
acct_ff8f922970,cust_28dbb2b332,ICICI Bank,savings,22992.87,,,
acct_3bbd647c53,cust_523dfb5ca3,ICICI Bank,savings,5588.67,,,
acct_d6d0e476ac,cust_d9e6ce167e,ICICI Bank,savings,19756.17,,,
acct_0453e4bb4e,cust_1584a4aed4,ICICI Bank,savings,34591.63,,,
acct_74eedb0f5c,cust_82a8ec23d5,Punjab National Bank,savings,22841.77,,,
acct_c29dd8cef2,cust_e5dabf1a46,ICICI Bank,savings,47031.73,,,
acct_bf6e7f5c4a,cust_083f3d1bd0,HDFC Bank,savings,16874.31,,,
acct_73d17838b8,cust_8f1326c9b5,Bank of Baroda,savings,20799.96,,,
acct_47751b1059,cust_a299ea999f,State Bank of India,savings,42962.27,,,
acct_e7cf8f8a0c,cust_1c9b43c6bf,Bank of Baroda,savings,20478.65,,,
acct_a2c5c4359b,cust_3b62bfa439,HDFC Bank,savings,14075.47,,,
acct_537828a3b8,cust_8e445e739b,State Bank of India,savings,7321.12,,,
acct_fb182ed2a3,cust_96dece4c74,ICICI Bank,savings,30136.87,,,
acct_6ae43e2918,cust_bc2ad5f9e7,ICICI Bank,savings,20541.78,,,
acct_1f5133c794,cust_03a2a88b3b,Bank of Baroda,savings,45441.53,,,
acct_2bfa940f3a,cust_b6bd41091f,HDFC Bank,savings,39745.93,,,
acct_63a07b2b4e,cust_8b3fd02c44,Punjab National Bank,savings,25133.37,,,
acct_c0a2a51784,cust_ee0d4e2086,Bank of Baroda,savings,39861.13,,,
acct_8ab6755274,cust_0cfefdd4ce,Bank of Baroda,savings,45654.19,,,
acct_4f401c8a6a,cust_2187f9317d,HDFC Bank,savings,10151.49,,,
acct_153d84bbf0,cust_e2f489e15c,State Bank of India,savings,27845.49,,,
acct_c0e38f4dae,cust_9f0140e545,Punjab National Bank,savings,12297.8,,,
acct_262d7451c3,cust_fa17019dc7,ICICI Bank,savings,10215.32,,,
acct_4fdfbe24d7,cust_d62c090f38,Axis Bank,savings,18500.12,,,
acct_fbdc073c7f,cust_ddbf93c4f9,HDFC Bank,savings,23596.45,,,
acct_bd243b94cb,cust_2e084c90fe,Axis Bank,savings,39938.42,,,
acct_802be53980,cust_b70182da0d,State Bank of India,savings,37879.51,,,
acct_5eb0d26fb3,cust_c52eb2544c,HDFC Bank,savings,41799.83,,,
acct_076cce8e60,cust_30da8bd3a1,Punjab National Bank,savings,37565.7,,,
acct_1bd2b3c643,cust_efdeb56bf0,ICICI Bank,savings,45606.63,,,
acct_45f255bf77,cust_6646344f6d,HDFC Bank,savings,40263.39,,,
acct_43b539b064,cust_931f1af3d2,Axis Bank,savings,26697.48,,,
acct_5ff5e4d6ac,cust_b1a5b320d3,State Bank of India,savings,45133.5,,,
acct_7b78755230,cust_0277f52438,State Bank of India,savings,45540.88,,,
acct_f41cccb347,cust_e26105f3e8,State Bank of India,savings,32564.47,,,
acct_c87424c527,cust_2fe18a1bb2,State Bank of India,savings,13876.86,,,
acct_f6dbd8cd18,cust_5bd6bc75a0,HDFC Bank,savings,40587.15,,,
acct_e744bc50e9,cust_1901950943,Punjab National Bank,savings,35412.44,,,
acct_8c98cecbac,cust_293c800b81,Punjab National Bank,savings,12913.32,,,
acct_be4ad0cddc,cust_deccaf3e30,Axis Bank,savings,32912.14,,,
acct_bc943b2c1f,cust_8dfec24bc3,Axis Bank,savings,5297.77,,,
acct_0f9f08c84d,cust_fbd17147b8,State Bank of India,savings,20664.04,,,
acct_e3c2ea9548,cust_96f829f973,HDFC Bank,savings,24033.68,,,
acct_d1d24b1515,cust_43492eef7f,ICICI Bank,savings,18015.74,,,
acct_152d01f8fb,cust_f1e4f1c3b7,State Bank of India,savings,39819.77,,,
acct_8d9c514e1d,cust_2b618175fb,State Bank of India,savings,38944.99,,,
acct_1eda1bd581,cust_ab6819ed07,Axis Bank,savings,24740.3,,,
acct_60b9de75b1,cust_0b97208dbc,Axis Bank,savings,31238.16,,,
acct_5f00fdf51d,cust_98cbc559af,State Bank of India,savings,35030.87,,,
acct_27b5753557,cust_e9f9398339,HDFC Bank,savings,14901.17,,,
acct_52cdbaa39c,cust_ab309ade0f,Axis Bank,savings,26884.46,,,
acct_5db37d27d1,cust_24ce12baa1,Axis Bank,savings,23295.0,,,
acct_9091b2f782,cust_b8d05e8b8a,ICICI Bank,savings,40559.28,,,
acct_06a2ca1e54,cust_bbbfbb9c20,Punjab National Bank,savings,27516.04,,,
acct_96567eac60,cust_ebb7dbe25d,Punjab National Bank,savings,26436.63,,,
acct_87040b2c56,cust_3be836d613,Axis Bank,savings,39798.51,,,
acct_c45b56a28f,cust_a8db62736c,Bank of Baroda,savings,11054.1,,,
acct_0df85c4d3f,cust_1a4a95f5f0,Punjab National Bank,savings,29305.03,,,
acct_35c5af112c,cust_95c7c772f1,Punjab National Bank,savings,19873.65,,,
acct_e379f5a6b6,cust_670c5004b5,HDFC Bank,savings,12071.38,,,
acct_11d9a1179e,cust_ff5e7e5286,Axis Bank,savings,39715.01,,,
acct_9f5a096411,cust_089351606e,ICICI Bank,savings,4636.27,,,
acct_65ccba4447,cust_baf5cd4f45,Bank of Baroda,savings,18660.82,,,
acct_a9f8830ad2,cust_933b6c20e8,State Bank of India,savings,34616.15,,,
acct_16dd6a7f2a,cust_d928b450f4,Bank of Baroda,savings,27702.44,,,
acct_fe4663493b,cust_10de69219d,Axis Bank,savings,44529.99,,,
acct_0ec05cdff5,cust_7cae966a72,HDFC Bank,savings,13864.8,,,
acct_9592f2f2f1,cust_38c0a8ac11,Axis Bank,savings,42491.65,,,
acct_3f84a41923,cust_a35104b477,ICICI Bank,savings,28048.27,,,
acct_befe4adaa8,cust_dc3217e0f9,ICICI Bank,savings,9029.53,,,
acct_1cf8ee9b45,cust_3d6d4214f5,ICICI Bank,savings,24765.46,,,
acct_d953f73604,cust_9113aaa682,ICICI Bank,savings,44236.23,,,
acct_8e7263a9d1,cust_088a450f40,ICICI Bank,savings,3850.33,,,
acct_dfc2c11c88,cust_7604e7f4d6,Bank of Baroda,savings,46575.19,,,
acct_08455691b9,cust_cccee0a1f4,Punjab National Bank,savings,12155.13,,,
acct_a97cc6e79d,cust_2d41622a33,Axis Bank,savings,8023.8,,,
acct_7c942753f8,cust_5bdfe5a0a8,ICICI Bank,savings,20320.12,,,
acct_4aa7b1bb38,cust_99b8a0d70f,Axis Bank,savings,10051.68,,,
acct_15c7605eb1,cust_21229b0ff9,Axis Bank,savings,13673.4,,,
acct_a499e1811c,cust_ad1cbe85f8,Bank of Baroda,savings,5835.32,,,
acct_81d81cd6be,cust_552ee57873,State Bank of India,savings,37726.18,,,
acct_080fa8a505,cust_6a44d5ea77,ICICI Bank,savings,24369.01,,,
acct_1cada65be0,cust_1f92c6725c,Punjab National Bank,savings,33188.33,,,
acct_c8cb87ec11,cust_682048ee84,HDFC Bank,savings,47703.71,,,
acct_956fb8f9d7,cust_89fd933d3a,Axis Bank,savings,33235.06,,,
acct_50a61f9a94,cust_e9fb27db75,ICICI Bank,savings,27616.3,,,
acct_37b94b0806,cust_d82342cbd9,State Bank of India,savings,10759.52,,,
acct_855bab0bd0,cust_dc8685cbb4,State Bank of India,savings,6443.38,,,
acct_2ed2d1a7e5,cust_b07a7d4307,Bank of Baroda,savings,16736.61,,,
acct_5f2bd4e37d,cust_aa55768384,HDFC Bank,savings,25485.33,,,
acct_6cdc7709b4,cust_9ab9f1453d,HDFC Bank,savings,37117.53,,,
acct_65ce09f5c9,cust_2c8f7b58b2,ICICI Bank,savings,33687.81,,,
acct_0bf73792ac,cust_ffd8d4c9cd,Bank of Baroda,savings,20820.01,,,
acct_a4c4a0d1f5,cust_7c1ef1022e,Bank of Baroda,savings,35089.91,,,
acct_5e776cc2db,cust_d42ddc0c00,Axis Bank,savings,17596.8,,,
acct_54f7fc224a,cust_4e2e1b199c,Bank of Baroda,savings,7065.1,,,
acct_d6fdd4d0ab,cust_b1a6cf9ec2,Bank of Baroda,savings,30370.28,,,
acct_4bcd23d812,cust_f4a004e281,ICICI Bank,savings,22344.18,,,
acct_a65176fd23,cust_e831fb71c7,State Bank of India,savings,19413.84,,,
acct_4e18e9bed7,cust_fc773a0915,Bank of Baroda,savings,30513.53,,,
acct_a548194508,cust_e4d48f7c00,HDFC Bank,savings,2178.94,,,
acct_4662d7dac6,cust_3d0b37fc03,State Bank of India,savings,43439.08,,,
acct_94c6a1221f,cust_34ba95b4b0,Bank of Baroda,savings,23454.07,,,
acct_6d4a4d98f3,cust_9093d387a3,Punjab National Bank,savings,4145.37,,,
acct_f0642b96a4,cust_c74e99c50a,HDFC Bank,savings,27321.64,,,
acct_fb48ff396f,cust_ac68a41618,Bank of Baroda,savings,8480.72,,,
acct_43d95ff548,cust_f7adaf6f37,ICICI Bank,savings,24994.91,,,
acct_84407621c0,cust_9993cd52ef,State Bank of India,savings,14043.76,,,
acct_2042c97064,cust_9f9c013136,Bank of Baroda,savings,49823.88,,,
acct_d375695e2f,cust_b452309696,Punjab National Bank,savings,20473.93,,,
acct_8a586700a0,cust_b48d22298e,ICICI Bank,savings,20106.26,,,
acct_3a063a0695,cust_6d38783625,Axis Bank,savings,28079.81,,,
acct_446fb11ab5,cust_08d09cd976,Punjab National Bank,savings,15061.26,,,
acct_6e5a43f587,cust_c049d65c13,Bank of Baroda,savings,13310.71,,,
acct_99d1561415,cust_26bbcb7aed,HDFC Bank,savings,17172.1,,,
acct_02288b7aaf,cust_c708c2c68e,ICICI Bank,savings,36060.79,,,
acct_bf936e23ed,cust_04a7093275,ICICI Bank,savings,20245.85,,,
acct_d3b6141ae7,cust_e8186bd594,Bank of Baroda,savings,26341.32,,,
acct_3bfbe59981,cust_b982dd9006,HDFC Bank,savings,45416.16,,,
acct_b06bbaa107,cust_346c72cd3f,ICICI Bank,savings,46769.27,,,
acct_54b290ca18,cust_a9826fdfc3,State Bank of India,savings,38120.25,,,
acct_ac65720e68,cust_751887d5f7,Punjab National Bank,savings,47604.82,,,
acct_df5031ee66,cust_63ffae0606,State Bank of India,savings,33643.66,,,
acct_fe95a89b62,cust_efe2235ae7,Axis Bank,savings,39744.16,,,
acct_86cb5eb4c8,cust_7abf3494bf,Axis Bank,savings,37957.38,,,
acct_85f462f913,cust_13dd3dbe39,Axis Bank,savings,17664.39,,,
acct_2bf0846ca5,cust_45d71f2102,Punjab National Bank,savings,32550.82,,,
acct_b24fbfd8b9,cust_6061731d5f,Punjab National Bank,savings,33311.51,,,
acct_f8adccd8f2,cust_6c24682daa,State Bank of India,savings,17087.17,,,
acct_0eef247313,cust_bc1bdbb54a,Bank of Baroda,savings,11570.85,,,
acct_46d87f142f,cust_199d95af90,Axis Bank,savings,22043.76,,,
acct_884154eb5f,cust_1f44d78a9d,Bank of Baroda,savings,10038.19,,,
acct_d0402cfd44,cust_18e180e6f8,HDFC Bank,savings,27623.56,,,
acct_b6c7817567,cust_be33dfd7e7,ICICI Bank,savings,26795.41,,,
acct_e62fd7f1e7,cust_66081c6053,Axis Bank,savings,24771.8,,,
acct_572b7a5b0e,cust_faa10f92d9,Punjab National Bank,savings,31338.39,,,
acct_59970f4680,cust_577d39a5b8,ICICI Bank,savings,5665.92,,,
acct_eb296a8071,cust_84133b2a65,ICICI Bank,savings,36567.72,,,
acct_29a8a3de82,cust_c6d56ed468,Axis Bank,savings,5248.08,,,
acct_6dc4a1cf78,cust_ca270fc4bb,Axis Bank,savings,45915.54,,,
acct_20623deb9d,cust_c75474564a,HDFC Bank,savings,25406.98,,,
acct_446ce3790b,cust_d2a4f4dcc3,Bank of Baroda,savings,28644.07,,,
acct_f527878908,cust_10c75f68c5,State Bank of India,savings,45753.96,,,
acct_2135f3c21d,cust_9f173ac167,Punjab National Bank,savings,5408.86,,,
acct_33f150a781,cust_d703021a79,Bank of Baroda,savings,4296.8,,,
acct_6e3f5950e9,cust_c61fa22d77,Punjab National Bank,savings,37011.16,,,
acct_ea0acfce8f,cust_e0658bd54b,Axis Bank,savings,32167.69,,,
acct_09e17abb9e,cust_a5deb782bf,ICICI Bank,savings,27450.47,,,
acct_94569fe6e1,cust_96f7a3f337,Bank of Baroda,savings,31717.24,,,
acct_d9b070bcdb,cust_1452cdcb0a,ICICI Bank,savings,36443.91,,,
acct_22e338a7aa,cust_6e8ff3953d,ICICI Bank,savings,36417.57,,,
acct_233fab6538,cust_0b3999d916,Axis Bank,savings,22028.32,,,
acct_da288eb971,cust_1287141010,Bank of Baroda,savings,15788.91,,,
acct_41e9a35cd6,cust_2f46b47577,Bank of Baroda,savings,31546.55,,,
acct_61c35b0258,cust_d04b6dd834,HDFC Bank,savings,27807.16,,,
acct_c2931a495e,cust_53825cec76,HDFC Bank,savings,43374.22,,,
acct_0f9babce45,cust_cc6a7367ee,HDFC Bank,savings,47078.95,,,
acct_4ac2f60327,cust_a4780b9a5f,Axis Bank,savings,15525.42,,,
acct_4309536c67,cust_9d9db89238,ICICI Bank,savings,30778.11,,,
acct_cfe2681a33,cust_d759dbe271,Axis Bank,savings,8819.37,,,
acct_665723f2f2,cust_2ebca1b515,HDFC Bank,savings,9970.58,,,
acct_1ed047a1c4,cust_a37e4ed4f7,Punjab National Bank,savings,27091.11,,,
acct_c293087cdd,cust_93a0fb467e,Axis Bank,savings,6684.29,,,
acct_ed389b86ce,cust_981a9feefb,Punjab National Bank,savings,41639.43,,,
acct_6b49e160e9,cust_d8f2e00d4e,Punjab National Bank,savings,42605.08,,,
acct_fe259ae3b0,cust_4714142518,Bank of Baroda,savings,47454.77,,,
acct_61eab20dcd,cust_9aefbb348e,ICICI Bank,savings,31153.72,,,
acct_3991708ef5,cust_3e4751a2d7,Bank of Baroda,savings,25872.3,,,
acct_c18c07b2f2,cust_7f722c3117,State Bank of India,savings,13721.01,,,
acct_38687a9285,cust_a676a31141,State Bank of India,savings,41344.28,,,
acct_e9a6d5ac80,cust_8f546b01d5,Axis Bank,savings,28620.27,,,
acct_13a70d39d4,cust_eb865e2059,Punjab National Bank,savings,2740.57,,,
acct_4ecf72a473,cust_a3bba6b48b,Punjab National Bank,savings,26162.31,,,
acct_4a7e0072d3,cust_16e01aa922,Punjab National Bank,savings,20596.53,,,
acct_452128694e,cust_ccf01caf1d,Punjab National Bank,savings,43202.61,,,
acct_85b4271b5e,cust_f3a07fca95,Punjab National Bank,savings,27327.4,,,
acct_8dce5b89b8,cust_fb7bbd6cb8,Punjab National Bank,savings,41506.49,,,
acct_a73ea6e89f,cust_5300b38497,Axis Bank,savings,9226.12,,,
acct_a3603d20ee,cust_d1e7fcf17b,ICICI Bank,savings,28231.68,,,
acct_998e243e44,cust_f9b8a48ab6,Punjab National Bank,savings,32945.35,,,
acct_7d163d59cb,cust_7d923e879c,State Bank of India,savings,12256.03,,,
acct_b3574c1217,cust_392d99ce3e,State Bank of India,savings,34564.09,,,
acct_406ede18c9,cust_96f306d357,Axis Bank,savings,15010.68,,,
acct_156e97f3d7,cust_f2eae40d17,State Bank of India,savings,45790.4,,,
acct_6de4748923,cust_dc70cde1dc,Punjab National Bank,savings,14945.68,,,
acct_759bab777a,cust_eb9c08614f,Bank of Baroda,savings,11328.41,,,
acct_e051260fe0,cust_289c53731e,ICICI Bank,savings,36104.85,,,
acct_bce238b64e,cust_eb4a73cf94,Punjab National Bank,savings,25414.57,,,
acct_358e1762d8,cust_2e2cbfc608,Bank of Baroda,savings,9162.21,,,
acct_5a834fb81f,cust_57e2e15454,State Bank of India,savings,11481.16,,,
acct_6ac4e1694d,cust_faf2acd0a3,Punjab National Bank,savings,26247.2,,,
acct_733d49513c,cust_493a85fdd6,ICICI Bank,savings,43635.62,,,
acct_29d6db820c,cust_0398c83a99,ICICI Bank,savings,42947.41,,,
acct_3d2654ff20,cust_ae570b8661,Punjab National Bank,savings,45692.32,,,
acct_dc9118349b,cust_99d7aa9256,Punjab National Bank,savings,5808.02,,,
acct_957fae2d06,cust_6924765064,ICICI Bank,savings,43903.98,,,
acct_0df0a1ebc7,cust_7be67286ca,State Bank of India,savings,31031.64,,,
acct_0c294d631d,cust_51b4b50a94,ICICI Bank,savings,11806.15,,,
acct_51fe310e14,cust_96a3ddc6b0,Punjab National Bank,savings,40909.54,,,
acct_b3a98bc448,cust_86f1e10017,HDFC Bank,savings,43786.2,,,
acct_7bdc194168,cust_4cdf672cd2,Bank of Baroda,savings,18155.21,,,
acct_f062bafcc7,cust_555291b234,ICICI Bank,savings,43920.16,,,
acct_535b9a8100,cust_bec68739e6,HDFC Bank,savings,22675.86,,,
acct_4a72b119e9,cust_2bf85e82d1,Bank of Baroda,savings,45861.37,,,
acct_6cf9270ad0,cust_0634cbc6e7,HDFC Bank,savings,20604.99,,,
acct_3772def4d2,cust_ebfe7413e3,Bank of Baroda,savings,2546.77,,,
acct_38cdd5ebd0,cust_df74829ecc,ICICI Bank,savings,9115.39,,,
acct_307ad1d55e,cust_df5f9f020e,HDFC Bank,savings,8758.74,,,
acct_c7127b5946,cust_ba91a6b589,State Bank of India,savings,36063.63,,,
acct_788d62bf34,cust_d0434e1f95,ICICI Bank,savings,10871.13,,,
acct_800cffdeae,cust_0e09089927,Bank of Baroda,savings,28863.55,,,
acct_cad3091fc6,cust_dd9b2f14b8,Bank of Baroda,savings,8154.73,,,
acct_528dc16867,cust_0d4bf4074e,State Bank of India,savings,31066.03,,,
acct_49564aa2d7,cust_e5b89e7d4f,Punjab National Bank,savings,8343.71,,,
acct_d3b3315a6d,cust_a98545f42a,ICICI Bank,savings,38540.56,,,
acct_225ee98673,cust_72a2474623,Punjab National Bank,savings,14412.61,,,
acct_aae869a318,cust_6b45b3ee23,Bank of Baroda,savings,11059.92,,,
acct_701f23c40e,cust_a01634a091,Punjab National Bank,savings,25908.67,,,
acct_76f06fd852,cust_db38071827,Bank of Baroda,savings,21256.02,,,
acct_0a9d6aaf4e,cust_48498d1e40,ICICI Bank,savings,3226.3,,,
acct_cddab59b68,cust_78ae2ad884,ICICI Bank,savings,36513.43,,,
acct_1c62181c5f,cust_b78264544f,HDFC Bank,savings,21222.93,,,
acct_457e99504a,cust_7d265083f0,Bank of Baroda,savings,23696.88,,,
acct_e327067a35,cust_95b57793d4,Punjab National Bank,savings,44064.19,,,
acct_05c3239208,cust_23fe8ce83a,Bank of Baroda,savings,13668.93,,,
acct_28d2bf60ec,cust_ed322c363e,Bank of Baroda,savings,17668.52,,,
acct_61c6608a69,cust_3fa90461f6,State Bank of India,savings,3445.15,,,
acct_b1d151f8e1,cust_94e46cc1e3,Punjab National Bank,savings,3829.05,,,
acct_c64866c5ea,cust_30b695ebbb,Axis Bank,savings,17099.36,,,
acct_258c8a51f2,cust_1dcf756853,State Bank of India,savings,21101.48,,,
acct_ddf4ed7d41,cust_4310829730,Bank of Baroda,savings,40582.47,,,
acct_7b984b8464,cust_be476bc2b4,HDFC Bank,savings,40199.23,,,
acct_b5071b5209,cust_10bf83332a,HDFC Bank,savings,24011.02,,,
acct_5b03c49bd7,cust_3cc275cb71,HDFC Bank,savings,7661.84,,,
acct_3e05546679,cust_f0faf0d23a,Axis Bank,savings,38222.51,,,
acct_2fbf78084f,cust_60168296d7,ICICI Bank,savings,17309.25,,,
acct_5e40a267e0,cust_c6de511a2d,State Bank of India,savings,35580.02,,,
acct_6ca2c05f08,cust_7e00ab6fd5,Punjab National Bank,savings,21722.42,,,
acct_dd026169bb,cust_8c19bc605f,State Bank of India,savings,45491.66,,,
acct_5886390cab,cust_66693838a0,Axis Bank,savings,31468.21,,,
acct_f12b9ade0a,cust_ec09d4d078,State Bank of India,savings,9108.17,,,
acct_082720c767,cust_27d23af01c,HDFC Bank,savings,25937.85,,,
acct_36d22d4418,cust_2485f82ec7,ICICI Bank,savings,2965.12,,,
acct_f48daead31,cust_74c7b29d27,Punjab National Bank,savings,42143.22,,,
acct_558827dd35,cust_9ec407d718,ICICI Bank,savings,20190.57,,,
acct_e7e907b54c,cust_7943dee3d2,ICICI Bank,savings,33561.33,,,
acct_1c33c252c2,cust_9b6062ffcb,HDFC Bank,savings,17289.92,,,
acct_1f6177023c,cust_a6df4e73da,Bank of Baroda,savings,9444.37,,,
acct_c39eaf9586,cust_7a745db3b9,ICICI Bank,savings,4454.53,,,
acct_474d1166c8,cust_c90db57788,Bank of Baroda,savings,35824.94,,,
acct_65aac5569c,cust_9650a7ae00,ICICI Bank,savings,3649.78,,,
acct_42efe0fa80,cust_aefc25f57f,State Bank of India,savings,28141.59,,,
acct_1432a689fc,cust_a7ddb10b2d,Bank of Baroda,savings,15536.61,,,
acct_1237be6405,cust_b486e3cbaf,Punjab National Bank,savings,39730.54,,,
acct_d025cf7408,cust_8be3010caf,Axis Bank,savings,18910.07,,,
acct_3430aea40c,cust_9f5c146c51,Axis Bank,savings,11275.04,,,
acct_80aa55e350,cust_a135851af2,Punjab National Bank,savings,43154.46,,,
acct_7eab0dee92,cust_0840f80683,ICICI Bank,savings,32695.79,,,
acct_8a01300f52,cust_ead76d12c0,Punjab National Bank,savings,4286.86,,,
acct_ec6a118b46,cust_d32876d89e,Bank of Baroda,savings,40561.89,,,
acct_e1724521fe,cust_e6e46df573,Bank of Baroda,savings,21571.73,,,
acct_5c06c1d366,cust_c490f174d9,HDFC Bank,savings,35162.9,,,
acct_d3e46a9620,cust_8ae4c459f6,HDFC Bank,savings,42235.45,,,
acct_0c99fa2d85,cust_7350739553,State Bank of India,savings,19471.43,,,
acct_373bb42d98,cust_3fabffc847,State Bank of India,savings,18435.91,,,
acct_eaaf16d265,cust_ac2594c8ac,ICICI Bank,savings,16667.09,,,
acct_733685f62e,cust_50e5317a96,Punjab National Bank,savings,26221.38,,,
acct_b6b9d0fb85,cust_50c84d4b61,ICICI Bank,savings,20836.85,,,
acct_d724ad5e10,cust_4a1b039116,Axis Bank,savings,5363.14,,,
acct_394aaac3eb,cust_ae82e0e505,Punjab National Bank,savings,21572.44,,,
acct_139ae329d5,cust_1e69a16c7f,ICICI Bank,savings,19578.2,,,
acct_b488c54ea0,cust_cc41ed93e4,State Bank of India,savings,33297.86,,,
acct_b8cb29ae5c,cust_f54e73f2a5,Bank of Baroda,savings,36148.44,,,
acct_1b876d42ed,cust_e36da21d96,ICICI Bank,savings,3770.86,,,
acct_1271f3997f,cust_c20a3b9a6b,State Bank of India,savings,21610.46,,,
acct_369b5dbb0a,cust_1cdeff35c0,Bank of Baroda,savings,44763.08,,,
acct_0734705ab3,cust_cf8e897d03,HDFC Bank,savings,19927.61,,,
acct_f73cd57471,cust_f1141a0250,Axis Bank,savings,5339.0,,,
acct_399a10a95a,cust_ae371fef4f,State Bank of India,savings,18547.15,,,
acct_bbb5139fe9,cust_94f2a53b19,Punjab National Bank,savings,39361.74,,,
acct_adb14cae12,cust_96c46fd624,ICICI Bank,savings,38260.2,,,
acct_37b960778e,cust_ed99d98bfc,Punjab National Bank,savings,5971.21,,,
acct_5acbc4ebe1,cust_5c4c4d6620,State Bank of India,savings,35127.71,,,
acct_244c16b06d,cust_2cc879619e,Punjab National Bank,savings,3069.34,,,
acct_fc0c8f55c3,cust_816d814a28,Punjab National Bank,savings,19378.81,,,
acct_8e589382f2,cust_e9800fb3be,Punjab National Bank,savings,39392.29,,,
acct_16090fd463,cust_1e6b2b9042,HDFC Bank,savings,45661.48,,,
acct_74075031da,cust_61335cc882,State Bank of India,savings,3791.67,,,
acct_d044a37428,cust_97ca9ebd37,Punjab National Bank,savings,35289.61,,,
acct_0fda48b553,cust_6745d25f2c,ICICI Bank,savings,24306.83,,,
acct_655f55c5e6,cust_c31d39c0e8,Bank of Baroda,savings,47000.92,,,
acct_8efc2ba167,cust_ce09c88349,HDFC Bank,savings,8662.38,,,
acct_4e395aee28,cust_be780625f0,ICICI Bank,savings,22893.9,,,
acct_5b67306d5e,cust_ddbd04cdd5,ICICI Bank,savings,31133.44,,,
acct_8f97da01e9,cust_8e9d809702,State Bank of India,savings,38396.71,,,
acct_00c4040f58,cust_9d5750084a,Axis Bank,savings,19502.66,,,
acct_0d56edb8ac,cust_c8db3b9c80,State Bank of India,savings,3591.19,,,
acct_d7ec9538d1,cust_de654bb069,Axis Bank,savings,34293.87,,,
acct_dd18ddb9cb,cust_663ce771c8,Axis Bank,savings,19000.32,,,
acct_073b2c676d,cust_3ea6715e10,HDFC Bank,savings,13519.36,,,
acct_3e6e15248c,cust_5d71a11cc9,Punjab National Bank,savings,18205.75,,,
acct_d72306aef4,cust_6130550a49,Punjab National Bank,savings,43051.59,,,
acct_d2c3990185,cust_49e7a5f8e9,State Bank of India,savings,20542.3,,,
acct_ac35675f29,cust_f4c24cc746,Bank of Baroda,savings,31349.49,,,
acct_ee0df8d7a6,cust_022c1bf5fb,Bank of Baroda,savings,27052.69,,,
acct_bda3fa4343,cust_b03272db16,HDFC Bank,savings,30208.21,,,
acct_a9ac34c98c,cust_1b0700fbdf,HDFC Bank,savings,39350.68,,,
acct_07112dacdc,cust_5ae1dd47c0,State Bank of India,savings,15170.65,,,
acct_05da7a8ba8,cust_0c251bc037,Punjab National Bank,savings,26740.06,,,
acct_81cf4fe1b6,cust_62cbbefb7f,Bank of Baroda,savings,20669.87,,,
acct_7aa6571ff4,cust_03bc023de3,Bank of Baroda,savings,24254.79,,,
acct_a82ca62bbe,cust_364a63d166,Axis Bank,savings,24832.54,,,
acct_a4f76139b0,cust_351161e4a0,Punjab National Bank,savings,22888.47,,,
acct_0813555c72,cust_2d33733d56,Bank of Baroda,savings,47892.32,,,
acct_84bcf32ba2,cust_e4b486d007,State Bank of India,savings,47223.13,,,
acct_a25d6b098f,cust_caf067c8a5,ICICI Bank,savings,7023.45,,,
acct_992be072de,cust_a7e79aaaef,HDFC Bank,savings,28943.9,,,
acct_87d4f3941c,cust_3912cad086,Bank of Baroda,savings,21808.96,,,
acct_40e1c16da9,cust_45bdc55dfd,HDFC Bank,savings,31527.41,,,
acct_97694d35d7,cust_95bee70319,ICICI Bank,savings,42500.97,,,
acct_2e9ced513a,cust_d8e22cd5a3,ICICI Bank,savings,4039.35,,,
acct_574cd0def2,cust_4905e5b243,Axis Bank,savings,3074.36,,,
acct_70e4424387,cust_af630609e1,Punjab National Bank,savings,29831.92,,,
acct_98ff4929a3,cust_5b190efdf3,ICICI Bank,savings,5289.46,,,
acct_975ef2f91d,cust_54bddc66fe,ICICI Bank,savings,38480.18,,,
acct_ed0671ca78,cust_8b862bbe15,Punjab National Bank,savings,24071.87,,,
acct_02c3d80d58,cust_b2c4bdec99,Bank of Baroda,savings,16474.12,,,
acct_669ddd476b,cust_ac2236c9b2,Axis Bank,savings,43337.97,,,
acct_feef54cad4,cust_4a5e4088d1,Axis Bank,savings,44398.45,,,
acct_6d1532b1be,cust_bacf81a726,Axis Bank,savings,46751.42,,,
acct_bc07ad964d,cust_5bb2822b87,HDFC Bank,savings,27683.31,,,
acct_fbe7443397,cust_5975ce0fdb,Axis Bank,savings,11694.03,,,
acct_b2c2c07b7c,cust_d563159498,Axis Bank,savings,29922.78,,,
acct_37906c2702,cust_8317d63fe7,ICICI Bank,savings,9288.06,,,
acct_b5cdedfd4e,cust_0a96e4c4f6,State Bank of India,savings,34840.01,,,
acct_494d2bf8f5,cust_a0450ec102,Axis Bank,savings,4050.37,,,
acct_1efbcc83ec,cust_40acd2ba3e,State Bank of India,savings,18742.64,,,
acct_3e120628e1,cust_c0104b7b9a,HDFC Bank,savings,15130.09,,,
acct_0f13e2f2f1,cust_8489f9b8c6,State Bank of India,savings,15505.54,,,
acct_9b08f1ebd6,cust_37817944ec,Punjab National Bank,savings,27433.29,,,
acct_7d5230d3de,cust_e738aaf52c,Axis Bank,savings,39553.84,,,
acct_198d73f99f,cust_b81057dfa8,Bank of Baroda,savings,12269.8,,,
acct_46e6b20d1f,cust_d80cc97b7b,HDFC Bank,savings,20892.52,,,
acct_b1b06728b4,cust_d12ad6db63,HDFC Bank,savings,41128.01,,,
acct_ee4c314161,cust_e18124d95b,ICICI Bank,savings,9804.23,,,
acct_797d2f3b4b,cust_36a7a82b2c,Punjab National Bank,savings,49429.43,,,
acct_8f40449fbd,cust_3389d9565b,Punjab National Bank,savings,42843.75,,,
acct_9fac4e27cc,cust_3a4b485608,Bank of Baroda,savings,26964.98,,,
acct_f2dc2655d6,cust_c4322239dd,HDFC Bank,savings,35884.91,,,
acct_f08c744dda,cust_782a8cd0c2,Bank of Baroda,savings,26590.8,,,
acct_93f6f5f23c,cust_2ff7d73311,Bank of Baroda,savings,3643.59,,,
acct_ee86a5d002,cust_3c4eb9a823,Punjab National Bank,savings,41523.15,,,
acct_22c5f11081,cust_d81b76cdf3,State Bank of India,savings,7262.0,,,
acct_e4ed06f5ad,cust_85b3f7ba8e,Axis Bank,savings,2116.28,,,
acct_2337f24a8e,cust_98c7cc71de,HDFC Bank,savings,30369.73,,,
acct_e0ce7e4e4e,cust_a863628c9a,HDFC Bank,savings,24073.18,,,
acct_e2b954f207,cust_fd4d7cffb5,State Bank of India,savings,14767.34,,,
acct_e4fb7c5060,cust_b9f06aff9b,ICICI Bank,savings,36886.07,,,
acct_81e3250294,cust_339b495467,ICICI Bank,savings,45050.91,,,
acct_f85ad2b285,cust_436d1bcf05,Axis Bank,savings,35903.76,,,
acct_0d25580ab5,cust_75ba801bf5,HDFC Bank,savings,18408.63,,,
acct_4a848f0428,cust_f36d99280f,HDFC Bank,savings,8065.54,,,
acct_6a4c02b477,cust_4b33a16bbf,ICICI Bank,savings,47125.07,,,
acct_9cdf92b2a7,cust_4c05669637,ICICI Bank,savings,15390.2,,,
acct_fb37acf59a,cust_3de6d36358,State Bank of India,savings,34032.49,,,
acct_ccb1dad23b,cust_b91b6f0fb6,Axis Bank,savings,18538.33,,,
acct_5f528741a1,cust_b7ed65674c,ICICI Bank,savings,30712.03,,,
acct_99edac52c9,cust_2e8658b99d,Bank of Baroda,savings,47225.54,,,
acct_1343d36b75,cust_ca7829049a,Bank of Baroda,savings,31630.94,,,
acct_705c9993b1,cust_1425e6b41d,Axis Bank,savings,11106.4,,,
acct_9e441801d4,cust_d859c74cae,State Bank of India,savings,37170.16,,,
acct_d5660a7117,cust_0a7278e509,HDFC Bank,savings,38031.27,,,
acct_b74f1c793a,cust_137fc148ca,Bank of Baroda,savings,5975.0,,,
acct_6bc5022d61,cust_f11cce9072,Axis Bank,savings,45233.05,,,
acct_d05db90cef,cust_e8c7bdf7b8,ICICI Bank,savings,41205.41,,,
acct_1d319e444b,cust_831932afa2,HDFC Bank,savings,25344.51,,,
acct_d8c0feae14,cust_36c0417ca7,State Bank of India,savings,44343.03,,,
acct_6b585adcd5,cust_034af94f45,ICICI Bank,savings,48383.45,,,
acct_fcfb79506f,cust_25fe27515e,State Bank of India,savings,18089.24,,,
acct_a8fcea9a8b,cust_70c0a7e6a5,Bank of Baroda,savings,14362.84,,,
acct_a4b2fbc916,cust_beb20a1ecd,Bank of Baroda,savings,22123.39,,,
acct_9db0163284,cust_213a384421,Punjab National Bank,savings,37715.93,,,
acct_d37c54cfd6,cust_ea5c43cc07,HDFC Bank,savings,37816.42,,,
acct_b763777170,cust_53fa8c5a1d,HDFC Bank,savings,49262.34,,,
acct_3705fd3b68,cust_aebc55a5e9,Punjab National Bank,savings,9188.78,,,
acct_c9d116bc03,cust_b93038252b,Bank of Baroda,savings,43735.49,,,
acct_84d9fac117,cust_b5962acca3,HDFC Bank,savings,36001.78,,,
acct_4f84a26b10,cust_98bd4d0606,Punjab National Bank,savings,21007.46,,,
acct_e598fd654e,cust_8408a8aab5,State Bank of India,savings,25675.45,,,
acct_4509d4ddcc,cust_ee186b8ade,Axis Bank,savings,12034.48,,,
acct_89b64d17e6,cust_cc0ed50ab5,Punjab National Bank,savings,22481.88,,,
acct_7a508d6b95,cust_08ddfa0b03,Punjab National Bank,savings,18320.02,,,
acct_65c51c50b8,cust_abf26a4e6a,ICICI Bank,savings,3527.13,,,
acct_db58f1673a,cust_896d7ed860,Bank of Baroda,savings,8711.18,,,
acct_73566520e7,cust_9790929e25,Bank of Baroda,savings,30293.9,,,
acct_c2cbe3be08,cust_456b5557ea,ICICI Bank,savings,34867.93,,,
acct_5c53a58aef,cust_cd2d58d7d8,HDFC Bank,savings,25838.59,,,
acct_d79e7debfd,cust_e5504011aa,Bank of Baroda,savings,47119.87,,,
acct_cf79c3662e,cust_11cf608b36,HDFC Bank,savings,13623.42,,,
acct_eab3e15e9c,cust_29a462361d,State Bank of India,savings,32110.46,,,
acct_f028e9885a,cust_d3eb673236,Bank of Baroda,savings,44806.87,,,
acct_954cd613a0,cust_d893f0cd9d,ICICI Bank,savings,48601.14,,,
acct_d9901faa06,cust_44b85aaee3,HDFC Bank,savings,30471.56,,,
acct_16d420dd9c,cust_7a48a03c6c,Axis Bank,savings,42871.72,,,
acct_f6b766bc72,cust_a046b71510,HDFC Bank,savings,36812.85,,,
acct_85824848f1,cust_a7b2760ef1,HDFC Bank,savings,43635.64,,,
acct_0ae43b3c20,cust_20d1dceb1e,State Bank of India,savings,35260.12,,,
acct_bffe820f28,cust_2088ce05d1,ICICI Bank,savings,6350.39,,,
acct_ec5b3f3f66,cust_cb1427e7ee,HDFC Bank,savings,49526.95,,,
acct_dd9f89a02b,cust_6c74da5394,HDFC Bank,savings,49037.33,,,
acct_4bb455bb6f,cust_177f679e75,Bank of Baroda,savings,31325.83,,,
acct_f6b6f61065,cust_203ea9df18,HDFC Bank,savings,9675.74,,,
acct_b64772e040,cust_62a0430e37,State Bank of India,savings,5104.91,,,
acct_318723af7e,cust_2c1aad34ac,HDFC Bank,savings,38231.43,,,
acct_8060550983,cust_15dc89b5e1,State Bank of India,savings,9639.63,,,
acct_ccf4815b67,cust_3b5e439899,Bank of Baroda,savings,15061.04,,,
acct_34f6f38a32,cust_49e1bbb1ef,ICICI Bank,savings,20371.16,,,
acct_b39f507546,cust_c9869622cd,Punjab National Bank,savings,41856.6,,,
acct_0d96f64dd5,cust_b1d55ebad3,Punjab National Bank,savings,14913.92,,,
acct_2e37a389e8,cust_d60505caa3,HDFC Bank,savings,47985.0,,,
acct_313538e0d9,cust_d20c1bfa95,Punjab National Bank,savings,32881.83,,,
acct_9bb00a5bc9,cust_8aa1d72b50,Bank of Baroda,savings,33222.43,,,
acct_43f1bb7220,cust_41de2b0a90,ICICI Bank,savings,46124.46,,,
acct_eb46c71728,cust_88e1020f3c,HDFC Bank,savings,37937.46,,,
acct_6fb281b11d,cust_98ab6b0ab3,Punjab National Bank,savings,15648.3,,,
acct_d51ddb7b03,cust_56fb8cf0f9,Bank of Baroda,savings,16256.34,,,
acct_bfba0a2df8,cust_b85c747461,State Bank of India,savings,44392.4,,,
acct_1c49aa4b17,cust_da55a91ceb,Punjab National Bank,savings,37045.38,,,
acct_7b2e1abf8c,cust_df95a5d479,Axis Bank,savings,5692.05,,,
acct_26b217aa9e,cust_de0b9b868e,HDFC Bank,savings,19234.7,,,
acct_29e5f3a800,cust_a9f3b00ab8,State Bank of India,savings,15749.12,,,
acct_6cb813ec62,cust_cf79f55e5f,State Bank of India,savings,29087.29,,,
acct_c2deca4100,cust_322aa5cec4,State Bank of India,savings,30873.88,,,
acct_4b92f6c412,cust_96a540b142,Axis Bank,savings,11255.82,,,
acct_baaf469ecd,cust_74ad1ace7a,HDFC Bank,savings,11139.46,,,
acct_93b66a5690,cust_969eb9487e,Axis Bank,savings,33263.67,,,
acct_929eef39b4,cust_ef30588f3c,ICICI Bank,savings,3329.47,,,
acct_4fe746ad0a,cust_8e5e4906bd,Punjab National Bank,savings,10208.26,,,
acct_96381ce56a,cust_e1420f1f1e,Punjab National Bank,savings,47221.77,,,
acct_2fd87bc47c,cust_771bed8d81,State Bank of India,savings,41113.12,,,
acct_693cd6a252,cust_511192f7ff,Punjab National Bank,savings,7850.07,,,
acct_eaeeed72f8,cust_14b9fdfe80,Punjab National Bank,savings,20618.17,,,
acct_a8b7fa6913,cust_a54e50159a,ICICI Bank,savings,20085.28,,,
acct_6cbd215641,cust_1635e3df71,Axis Bank,savings,16556.72,,,
acct_37a6d6a399,cust_875bb0c089,Axis Bank,savings,4452.1,,,
acct_1260633cea,cust_bfd5241873,Axis Bank,savings,10532.76,,,
acct_bd72787ad2,cust_e8d159ad0d,HDFC Bank,savings,9981.68,,,
acct_9d64095cbc,cust_030a6ce59a,Axis Bank,savings,35747.46,,,
acct_e5bd797c3b,cust_56ce075823,State Bank of India,savings,13269.66,,,
acct_cca72b13e4,cust_428ed43503,Axis Bank,savings,14279.55,,,
acct_fede879e89,cust_596fcdf25f,Axis Bank,savings,5929.69,,,
acct_9e7af6fddf,cust_dc7794ae71,ICICI Bank,savings,45762.87,,,
acct_4ea8182165,cust_935eb4b113,HDFC Bank,savings,20941.34,,,
acct_b044c96971,cust_43e63e85f1,Bank of Baroda,savings,45041.96,,,
acct_bda5256b2b,cust_1dba61cd03,ICICI Bank,savings,11553.8,,,
acct_c959109341,cust_cf9dbdd32d,Punjab National Bank,savings,13262.37,,,
acct_7df7e615bf,cust_6f9cd291c8,Punjab National Bank,savings,38062.13,,,
acct_569919e4b2,cust_cb76d98eae,HDFC Bank,savings,9908.39,,,
acct_266d910e43,cust_2a2fe9bb51,Axis Bank,savings,13889.2,,,
acct_f5d64dbb5e,cust_9a1ed33ccb,Punjab National Bank,savings,14157.12,,,
acct_97fd88f502,cust_3a52137346,ICICI Bank,savings,4591.76,,,
acct_c24fca1300,cust_710d8e114d,Bank of Baroda,savings,13598.65,,,
acct_b267a4ea5a,cust_0667fe7816,State Bank of India,savings,29825.54,,,
acct_231f48b914,cust_80aa9cc2c7,Bank of Baroda,savings,19759.7,,,
acct_ac2749e220,cust_166836b7b8,Axis Bank,savings,2042.71,,,
acct_5762d3aec0,cust_5ec2d95ef3,HDFC Bank,savings,42181.01,,,
acct_d22b8e642f,cust_e68c6a5347,Axis Bank,savings,19052.25,,,
acct_1975b8ccdb,cust_356f3e5616,HDFC Bank,savings,8671.38,,,
acct_7d2cad9d9a,cust_17206e4aa4,HDFC Bank,savings,26479.05,,,
acct_fbe7f1f5c1,cust_ca060d0912,State Bank of India,savings,21669.35,,,
acct_ed9e586d50,cust_a116454a94,Axis Bank,savings,49461.9,,,
acct_80b504722e,cust_b789702fe7,ICICI Bank,savings,33098.45,,,
acct_622c0ef342,cust_943324f8ea,HDFC Bank,savings,39785.0,,,
acct_d53e2361cd,cust_2b395aeae7,ICICI Bank,savings,2372.24,,,
acct_88bc19cee7,cust_15fb031e98,HDFC Bank,savings,20377.33,,,
acct_ca262617a5,cust_11200e5f84,ICICI Bank,savings,18817.62,,,
acct_8c00c209c1,cust_f916cfaf99,HDFC Bank,savings,27573.68,,,
acct_ccd303d504,cust_eb0a7a0581,Bank of Baroda,savings,21081.38,,,
acct_e2dd6cb85a,cust_6d579c3c19,Bank of Baroda,savings,43336.59,,,
acct_a2fefdecbf,cust_5d6aa15ebb,Punjab National Bank,savings,48650.79,,,
acct_8362ab6a98,cust_412b8112c1,Axis Bank,savings,21173.33,,,
acct_99ee5784aa,cust_b7fc9cd6f1,HDFC Bank,savings,47779.69,,,
acct_f3428177c7,cust_fcea0aa47a,Bank of Baroda,savings,11833.46,,,
acct_83942c100d,cust_dab7a1d5bb,HDFC Bank,savings,24763.45,,,
acct_21f1fc8d10,cust_c7e02f4314,Bank of Baroda,savings,39825.09,,,
acct_cc726611ec,cust_b798b527fe,State Bank of India,savings,48602.57,,,
acct_1ad51ea6e6,cust_1db7bfbec8,Bank of Baroda,savings,16053.88,,,
acct_89ee553e4a,cust_823322984d,HDFC Bank,savings,6904.16,,,
acct_511ee40eb8,cust_182b36222f,HDFC Bank,savings,16479.18,,,
acct_6c12b86c83,cust_fe241f68b4,Bank of Baroda,savings,49576.9,,,
acct_c66c016867,cust_60a02055a6,HDFC Bank,savings,17198.28,,,
acct_3aaffba722,cust_d3dcba2e34,State Bank of India,savings,34908.99,,,
acct_bd0956c18c,cust_0ccead1943,State Bank of India,savings,20403.47,,,
acct_e8347d1516,cust_07600cd01e,HDFC Bank,savings,5725.14,,,
acct_8f8684cbdf,cust_d64414dcaa,State Bank of India,savings,10667.72,,,
acct_9673fafdd6,cust_64b15dcaac,Axis Bank,savings,14144.23,,,
acct_cdbebcacfa,cust_d522b43e1d,Bank of Baroda,savings,45918.46,,,
acct_df8e27827f,cust_9840d66481,ICICI Bank,savings,32826.48,,,
acct_b5e9b6398f,cust_9a5d4e2100,ICICI Bank,savings,27752.18,,,
acct_4e0bc619a0,cust_f4a9abcf6c,ICICI Bank,savings,36891.99,,,
acct_5958b638bd,cust_965846eb8b,HDFC Bank,savings,14068.0,,,
acct_22ea7dae7a,cust_ef365e994b,State Bank of India,savings,13361.45,,,
acct_b4c22d47a2,cust_784cb0b838,Axis Bank,savings,26742.11,,,
acct_4da04f890c,cust_f2f6f25bc8,Axis Bank,savings,25909.95,,,
acct_0122de5996,cust_116ad12d21,Axis Bank,savings,48045.35,,,
acct_1345dc6f07,cust_1fb40a263c,HDFC Bank,savings,18113.89,,,
acct_2ce0091206,cust_c0f0555bf7,Punjab National Bank,savings,20259.84,,,
acct_c077df4225,cust_b6991ddb07,State Bank of India,savings,27745.09,,,
acct_8eac5e450f,cust_e8f42a6c0d,State Bank of India,savings,27315.87,,,
acct_c2d4c7621d,cust_6b26c9dbeb,Bank of Baroda,savings,2589.75,,,
acct_bf5c34069b,cust_bb8c17b5a2,Punjab National Bank,savings,11596.2,,,
acct_cc7596caa0,cust_0a172b6c58,State Bank of India,savings,33766.87,,,
acct_1e546dbf43,cust_9ecbb61765,Axis Bank,savings,3588.27,,,
acct_b64376e63a,cust_d7e659ed42,Axis Bank,savings,24377.26,,,
acct_85ef4e38a3,cust_05aaab29ce,Punjab National Bank,savings,46301.4,,,
acct_5352459b84,cust_788b5e9ebb,Bank of Baroda,savings,4355.43,,,
acct_df779fb0b1,cust_527a618e66,ICICI Bank,savings,15132.32,,,
acct_f965ce77ad,cust_1157dcebb0,State Bank of India,savings,39791.86,,,
acct_6d42a0f826,cust_7518565a0f,Axis Bank,savings,39793.15,,,
acct_4b1c61656c,cust_7f18ca5daa,State Bank of India,savings,26837.96,,,
acct_5c1ac1b3c4,cust_bded55b5fc,State Bank of India,savings,47554.55,,,
acct_187f3fad64,cust_d20ca0d6ff,State Bank of India,savings,32249.42,,,
acct_484e7d6026,cust_870fbfbd56,Bank of Baroda,savings,37046.67,,,
acct_979487d926,cust_5d734184cb,HDFC Bank,savings,46081.33,,,
acct_36fc7eae08,cust_5bccbd4441,State Bank of India,savings,46344.7,,,
acct_e7f049afe0,cust_6cf83f781e,State Bank of India,savings,3152.22,,,
acct_9160a41976,cust_9666217c70,Axis Bank,savings,7129.53,,,
acct_f5840e9efa,cust_299066a864,HDFC Bank,savings,38473.28,,,
acct_106851f26e,cust_c0230a2fa4,ICICI Bank,savings,39279.48,,,
acct_383926abf5,cust_5d1e2c6e59,Axis Bank,savings,46130.42,,,
acct_b13503ab95,cust_a96c01ad02,Punjab National Bank,savings,6742.69,,,
acct_fee9ad172d,cust_1149c47bec,HDFC Bank,savings,27687.32,,,
acct_1f68b5057a,cust_5f7d5a4c79,ICICI Bank,savings,30072.21,,,
acct_dddd94aa92,cust_440742bd7b,HDFC Bank,savings,27283.21,,,
acct_03250d729a,cust_9938a8dd21,HDFC Bank,savings,31142.93,,,
acct_aa691095a7,cust_717d1acf5e,Bank of Baroda,savings,3639.7,,,
acct_f2da43dede,cust_9a8f374eb3,Punjab National Bank,savings,39759.53,,,
acct_9280a7ebc7,cust_958e9c1475,Bank of Baroda,savings,30090.71,,,
acct_53600cc67c,cust_fe279e4653,State Bank of India,savings,21801.75,,,
acct_926d3a4b05,cust_d0f5042a77,Punjab National Bank,savings,32896.9,,,
acct_dd667a24ac,cust_9d0d94d3ff,State Bank of India,savings,36014.41,,,
acct_af703d18e2,cust_f2e2b365dc,Axis Bank,savings,47535.47,,,
acct_071a4effee,cust_0ea3fd2e9b,ICICI Bank,savings,46719.08,,,
acct_e274ddfc32,cust_b399a31c1c,ICICI Bank,savings,36439.59,,,
acct_65b8c83b7e,cust_b67209174e,Punjab National Bank,savings,17049.12,,,
acct_c1f4979ab0,cust_dce3d10319,Axis Bank,savings,14774.08,,,
acct_5ae0dc39ab,cust_0223a8c0ad,State Bank of India,savings,30351.89,,,
acct_4e312e2a4f,cust_0e66d71723,Bank of Baroda,savings,34024.58,,,
acct_5167015438,cust_b5f964b1ff,ICICI Bank,savings,42189.24,,,
acct_c74f858f23,cust_e71e319bac,Punjab National Bank,savings,25931.67,,,
acct_764fbff104,cust_5470c39286,ICICI Bank,savings,37804.11,,,
acct_5c50561449,cust_f710222c98,State Bank of India,savings,41119.05,,,
acct_88d80d2216,cust_9fbbfc45cf,ICICI Bank,savings,19503.28,,,
acct_c278956547,cust_6f5545e05e,State Bank of India,savings,29479.12,,,
acct_286fad6c40,cust_5a6fc35fb7,Axis Bank,savings,47118.08,,,
acct_91f70ab64b,cust_914e9da0b7,ICICI Bank,savings,47102.04,,,
acct_b904e0ca9a,cust_e22121efc2,HDFC Bank,savings,15885.49,,,
acct_18ea79ef12,cust_5846282124,ICICI Bank,savings,39600.15,,,
acct_a69700e88b,cust_c787937240,Bank of Baroda,savings,25584.96,,,
acct_33ea816e30,cust_f841df6b83,ICICI Bank,savings,43293.1,,,
acct_479ae25120,cust_13f16249e6,Axis Bank,savings,47519.39,,,
acct_79c10d584d,cust_787f4166ea,State Bank of India,savings,12091.02,,,
acct_f84476a73f,cust_8c68a955a7,Punjab National Bank,savings,43506.08,,,
acct_d73c2bb9a4,cust_f81b47a24a,ICICI Bank,savings,30994.42,,,
acct_6c74c0e641,cust_68af4ab0ef,Punjab National Bank,savings,37703.63,,,
acct_13deede55d,cust_d9a2df5db1,Axis Bank,savings,8583.73,,,
acct_8f749de954,cust_89022ade19,Axis Bank,savings,5235.68,,,
acct_cbb4a53774,cust_d126c7a94a,Bank of Baroda,savings,43469.29,,,
acct_c94744076f,cust_8a92898b86,Punjab National Bank,savings,18573.25,,,
acct_e105499661,cust_70bcf25f58,Bank of Baroda,savings,3381.92,,,
acct_2f55455d77,cust_be2f48f56b,Bank of Baroda,savings,28021.26,,,
acct_ce6ed955ee,cust_2444beb584,Axis Bank,savings,20546.66,,,
acct_0f11d2eee5,cust_eafbbbe3df,ICICI Bank,savings,21244.07,,,
acct_624ed8aacf,cust_7dc5ce4299,Bank of Baroda,savings,40434.88,,,
acct_95c1cebb7c,cust_978558edca,HDFC Bank,savings,26192.22,,,
acct_b8c6649f79,cust_1a520ecb18,HDFC Bank,savings,39053.58,,,
acct_eaf09b716b,cust_a41ee8420f,Axis Bank,savings,19628.38,,,
acct_06f8d8c199,cust_a22132328b,State Bank of India,savings,35475.6,,,
acct_266d584ecf,cust_f0f83e71bd,Punjab National Bank,savings,12385.26,,,
acct_1b5a0948e1,cust_3e6665db36,ICICI Bank,savings,29963.11,,,
acct_e1e3439354,cust_3f8a07c896,Punjab National Bank,savings,28678.1,,,
acct_0f43c26e40,cust_2cbe8519d9,State Bank of India,savings,39201.21,,,
acct_8807bfcce1,cust_ebdc2d9d51,Punjab National Bank,savings,4199.27,,,
acct_f439f64222,cust_280787bc29,HDFC Bank,savings,20665.26,,,
acct_bb1b759d0f,cust_6acb1bdec9,Punjab National Bank,savings,38991.54,,,
acct_b5ea111a64,cust_687cdc09eb,Punjab National Bank,savings,28969.52,,,
acct_dc94a7a59f,cust_fa2a52033f,HDFC Bank,savings,40906.35,,,
acct_1e0d1f85ea,cust_0bcb4e1e05,HDFC Bank,savings,23907.94,,,
acct_f873d54f54,cust_a0bce305c9,Axis Bank,savings,27971.44,,,
acct_6a00e09334,cust_ca6fe24626,ICICI Bank,savings,13891.31,,,
acct_151febd871,cust_ee3680a8bd,Punjab National Bank,savings,21929.94,,,
acct_0f35d17ba0,cust_7d7d6ae1c5,State Bank of India,savings,37699.74,,,
acct_e28e8dc9fe,cust_c4e76021aa,Bank of Baroda,savings,2099.64,,,
acct_18b11a5e94,cust_ebc97debf4,Punjab National Bank,savings,2119.48,,,
acct_b4eee79dd4,cust_fccc204e7f,Bank of Baroda,savings,20175.4,,,
acct_b51d7c81d3,cust_1d8326ff5e,ICICI Bank,savings,19156.18,,,
acct_002fcbb1f3,cust_864016c17f,Axis Bank,savings,9285.11,,,
acct_84895dc85a,cust_12dbbe4b69,HDFC Bank,savings,43399.73,,,
acct_ed80ca33d4,cust_c78f0f02d5,HDFC Bank,savings,43382.76,,,
acct_3c0849f31f,cust_216be1936e,ICICI Bank,savings,44670.32,,,
acct_7f341f49f4,cust_9f2b6f7a2d,HDFC Bank,savings,11738.46,,,
acct_2ead3eefca,cust_9f411775c8,Punjab National Bank,savings,42477.65,,,
acct_ca06617726,cust_f8aab744ba,State Bank of India,savings,20782.87,,,
acct_c831aa5cf6,cust_706cf6442c,Axis Bank,savings,17906.67,,,
acct_e4c22c91c4,cust_5b72f1e485,Axis Bank,savings,31314.52,,,
acct_d11629a9f3,cust_68d64ee19c,Axis Bank,savings,43792.76,,,
acct_631cf49cb7,cust_29d1dc13ad,Axis Bank,savings,17834.57,,,
acct_6b02e303ec,cust_1366e8f87f,Axis Bank,savings,12094.38,,,
acct_da6cee53a4,cust_197575efa2,HDFC Bank,savings,46594.46,,,
acct_2ad2966616,cust_e192016e2f,ICICI Bank,savings,33353.07,,,
acct_bf613fb3dc,cust_0b08ba4a37,Axis Bank,savings,37852.72,,,
acct_6ddc328a8e,cust_cc773c5989,State Bank of India,savings,9526.11,,,
acct_eae805ae97,cust_a1b6431eed,Punjab National Bank,savings,5628.53,,,
acct_81bda0405b,cust_f91a76b0e3,ICICI Bank,savings,42507.2,,,
acct_fc91f33243,cust_5cae848870,HDFC Bank,savings,2636.81,,,
acct_7dcb8df749,cust_6fb19d4f83,Bank of Baroda,savings,47639.29,,,
acct_aab99b8c92,cust_8cd9a2f414,Punjab National Bank,savings,24053.38,,,
acct_3204456513,cust_d61a818fdc,State Bank of India,savings,17276.47,,,
acct_c032f4f48b,cust_4842a04ac4,Bank of Baroda,savings,32258.58,,,
acct_6dd7e0ad39,cust_a6b8c3b6fe,ICICI Bank,savings,45525.32,,,
acct_ae702a43e9,cust_67121cbf5c,ICICI Bank,savings,37500.2,,,
acct_8130d24558,cust_2ee85638ea,Punjab National Bank,savings,37774.48,,,
acct_85f65d40d0,cust_308e653902,Punjab National Bank,savings,22345.01,,,
acct_202d936058,cust_ea491d7a90,Axis Bank,savings,27028.83,,,
acct_ed75ccf78d,cust_d08fe5545b,ICICI Bank,savings,42542.54,,,
acct_deea2cad82,cust_f9ece70416,State Bank of India,savings,23986.58,,,
acct_2113fb6bef,cust_6262fa1f7c,State Bank of India,savings,46214.21,,,
acct_0885ed66fb,cust_cd3d33b4ea,Axis Bank,savings,24180.77,,,
acct_cbef8a8040,cust_cb08f70582,Axis Bank,savings,30247.26,,,
acct_23d46bd23b,cust_9adef529ed,HDFC Bank,savings,43996.93,,,
acct_8b3f396563,cust_b71b5d5817,Bank of Baroda,savings,25679.27,,,
acct_061241cb4d,cust_4f3f914214,Axis Bank,savings,48140.99,,,
acct_389f2b4075,cust_ad9068f843,Bank of Baroda,savings,13985.29,,,
acct_14a3b6b9e8,cust_9eb415b285,Bank of Baroda,savings,43406.01,,,
acct_f40225f7c8,cust_c59bd5ae17,State Bank of India,savings,39579.29,,,
acct_348c6e18d8,cust_1af71d0659,State Bank of India,savings,47544.73,,,
acct_70b88bedb8,cust_9900a1b015,Bank of Baroda,savings,33757.47,,,
acct_f241cd8424,cust_9fa96fb428,ICICI Bank,savings,7274.58,,,
acct_d28fc19384,cust_89e87e95ed,HDFC Bank,savings,7843.83,,,
acct_896668cffe,cust_e281328b97,Axis Bank,savings,23627.59,,,
acct_2c41fe0df6,cust_0538daf85f,Axis Bank,savings,8540.66,,,
acct_fd53c54c58,cust_c21258d929,ICICI Bank,savings,28135.86,,,
acct_a1d44df273,cust_0b614aa696,ICICI Bank,savings,46208.65,,,
acct_e47aa75ff0,cust_2472c467c4,Punjab National Bank,savings,46290.68,,,
acct_1072f7c918,cust_257af3c441,Axis Bank,savings,24322.59,,,
acct_eab6a3e962,cust_86843bf580,Axis Bank,savings,43030.9,,,
acct_d46118e6c5,cust_57c41bbdfe,HDFC Bank,savings,6610.01,,,
acct_bf0b89de33,cust_0e9c0c6af7,State Bank of India,savings,6857.45,,,
acct_1adb77084e,cust_2d914370a9,ICICI Bank,savings,28747.33,,,
acct_77be807ce6,cust_5b12b85dcd,ICICI Bank,savings,29823.45,,,
acct_a40deb10d8,cust_6c2bdb0d1d,Bank of Baroda,savings,43377.33,,,
acct_c437c48196,cust_84c2a65507,ICICI Bank,savings,3540.41,,,
acct_afab454fed,cust_05e3440fe3,Punjab National Bank,savings,24694.82,,,
acct_59a4495658,cust_7f7bfd0474,HDFC Bank,savings,12792.49,,,
acct_5627db4c27,cust_95f77b6256,Punjab National Bank,savings,47712.92,,,
acct_ad2f8f660c,cust_20ef968c2d,State Bank of India,savings,37256.84,,,
acct_a1a2ca941e,cust_8d642b459d,State Bank of India,savings,33209.18,,,
acct_9046c1f02f,cust_fb7e2750a7,Axis Bank,savings,8516.47,,,
acct_9608847899,cust_4d55655db1,ICICI Bank,savings,35946.93,,,
acct_05ecc33562,cust_27a9b3c8e5,HDFC Bank,savings,42536.57,,,
acct_40a75c6a2e,cust_5be2419985,Punjab National Bank,savings,12340.16,,,
acct_49b8d1dd8d,cust_c0213e2a55,ICICI Bank,savings,17455.29,,,
acct_d66f1f89be,cust_8ea330f295,HDFC Bank,savings,6469.8,,,
acct_303bcfa63d,cust_f7ab9864a2,State Bank of India,savings,20616.54,,,
acct_8a72c42d24,cust_a8d50301b5,ICICI Bank,savings,3907.08,,,
acct_15cc88c16d,cust_ad44aae8e6,Axis Bank,savings,46845.62,,,
acct_7c3e885974,cust_3858ac004e,Punjab National Bank,savings,8668.44,,,
acct_edb879ce5f,cust_6f9850463a,Axis Bank,savings,21388.14,,,
acct_3e2af04b14,cust_30e498aafc,ICICI Bank,savings,42857.98,,,
acct_d28fb8c7b9,cust_1aea541d86,State Bank of India,savings,5749.94,,,
acct_5946afb023,cust_0209ce20c8,Bank of Baroda,savings,2734.36,,,
acct_f4cfe95774,cust_53ead1d8bb,Bank of Baroda,savings,42206.28,,,
acct_8e689a4c28,cust_538ea83c46,Axis Bank,savings,26944.61,,,
acct_7c3a9f6fb4,cust_21b14891d5,Bank of Baroda,savings,24937.49,,,
acct_e7a9e7ea20,cust_8a15fbe5d9,HDFC Bank,savings,13930.08,,,
acct_86c51e71f5,cust_ba311b7f48,Punjab National Bank,savings,44377.57,,,
acct_eb624e0c58,cust_549cfc0dc0,HDFC Bank,savings,44125.44,,,
acct_4ee16e62f1,cust_4ea0e01b1d,State Bank of India,savings,42772.39,,,
acct_35071ba67c,cust_28216943d4,Axis Bank,savings,21131.72,,,
acct_d36b5e2d08,cust_b26064fa57,Bank of Baroda,savings,48276.1,,,
acct_8a4fd39c58,cust_8219e0d038,HDFC Bank,savings,19568.52,,,
acct_d6f2f3e23b,cust_e2c8aa98f8,State Bank of India,savings,40319.33,,,
acct_aba71cb2e2,cust_83845e2828,Bank of Baroda,savings,29222.05,,,
acct_3c48831145,cust_5d76d13bb3,ICICI Bank,savings,15246.82,,,
acct_49c2ea866b,cust_74891cfdfe,Punjab National Bank,savings,21586.4,,,
acct_8a28e58821,cust_beb97c8b64,Bank of Baroda,savings,43457.13,,,
acct_ef6b195e68,cust_2c6b2c3d31,Punjab National Bank,savings,37187.96,,,
acct_89c9546d7f,cust_ae2ef9b7f1,State Bank of India,savings,34725.51,,,
acct_ff47fc9cb1,cust_d10d346b7e,Punjab National Bank,savings,48490.72,,,
acct_e395d87c18,cust_8e8302a160,Axis Bank,savings,3823.6,,,
acct_0e70fb337e,cust_25a74e73c4,State Bank of India,savings,4875.51,,,
acct_4a72df9c11,cust_735c35ae4e,Bank of Baroda,savings,40415.96,,,
acct_081b4d0029,cust_a2044c070a,Punjab National Bank,savings,37646.57,,,
acct_d3bae2741d,cust_6c3b9fd4d0,HDFC Bank,savings,12542.05,,,
acct_a9fbe2916f,cust_91f3db354b,State Bank of India,savings,33484.55,,,
acct_857df20641,cust_7872b16851,Axis Bank,savings,49481.98,,,
acct_b10be6cb3a,cust_b7d47d8875,State Bank of India,savings,31241.01,,,
acct_9aed6bad8f,cust_2779d86812,Axis Bank,savings,8969.99,,,
acct_5f0f89786a,cust_e68d85c589,ICICI Bank,savings,48934.95,,,
acct_772ed5c237,cust_c892e545df,Punjab National Bank,savings,3410.84,,,
acct_3d9ab2e171,cust_74b1b6d44f,ICICI Bank,savings,43451.17,,,
acct_2cbcb00e4d,cust_3710c56f84,Axis Bank,savings,22202.36,,,
acct_d108008690,cust_19341f1427,HDFC Bank,savings,13995.32,,,
acct_883a37bd53,cust_f0a9c06aa2,ICICI Bank,savings,21486.96,,,
acct_24084cabcd,cust_36cc70e5a8,Bank of Baroda,savings,28961.16,,,
acct_a1a4fdfe8e,cust_3a55619c6a,Bank of Baroda,savings,35842.24,,,
acct_b4295539b1,cust_0e5ebebc91,Bank of Baroda,savings,32468.12,,,
acct_b06258046b,cust_98089be41a,HDFC Bank,savings,37308.41,,,
acct_10001c2135,cust_230423b2d4,HDFC Bank,savings,20751.62,,,
acct_4a24eb90a3,cust_5ca48b6b3f,Punjab National Bank,savings,6475.21,,,
acct_0eb2a4cdd5,cust_23f4272fc7,Axis Bank,savings,39535.54,,,
acct_5215470aea,cust_21ff3778aa,Axis Bank,savings,9773.13,,,
acct_d6d28844ab,cust_464c7e9c88,Punjab National Bank,savings,19089.22,,,
acct_33d4819ed8,cust_dae9004a5a,Axis Bank,savings,27638.2,,,
acct_71882b5006,cust_3bee6461ee,State Bank of India,savings,29674.28,,,
acct_bad544d0f9,cust_58499aef30,Punjab National Bank,savings,15658.0,,,
acct_9889f4c314,cust_6c6b34302f,Punjab National Bank,savings,25662.4,,,
acct_ac214f85fa,cust_5bbed1a636,Punjab National Bank,savings,45137.06,,,
acct_fd08eeaf5f,cust_05b572f143,State Bank of India,savings,24296.22,,,
acct_c2e0f87704,cust_d6b4bdea48,ICICI Bank,savings,30086.99,,,
acct_27fdc6cc53,cust_239daf1b41,State Bank of India,savings,39002.4,,,
acct_5efb2e7a06,cust_0fd77d26b2,HDFC Bank,savings,49628.15,,,
acct_5cabd6d5e6,cust_9402650154,HDFC Bank,savings,41866.91,,,
acct_fb3421435c,cust_36a6ac0d44,ICICI Bank,savings,47050.8,,,
acct_4d34f2af3f,cust_75782db42d,HDFC Bank,savings,27393.23,,,
acct_2364dee4f5,cust_f5669faf79,Punjab National Bank,savings,20502.8,,,
acct_5019b91237,cust_7b188272c7,Punjab National Bank,savings,40762.18,,,
acct_138ce533b7,cust_658f55c792,Bank of Baroda,savings,30745.6,,,
acct_6a53a48570,cust_4b2b5ddc03,Axis Bank,savings,41146.82,,,
acct_56b28f00d3,cust_6ffaf33746,Axis Bank,savings,33989.54,,,
acct_6c329da796,cust_9b89160de5,Axis Bank,savings,15147.62,,,
acct_b34c22d494,cust_0d14de4032,Punjab National Bank,savings,46316.83,,,
acct_c4d133847a,cust_2a74787450,ICICI Bank,savings,40838.08,,,
acct_4c70295797,cust_523d12b3ed,State Bank of India,savings,13310.73,,,
acct_d24c971946,cust_1e7d79eca0,ICICI Bank,savings,49303.59,,,
acct_1c78616b74,cust_968e6afb3b,Axis Bank,savings,47919.4,,,
acct_5e2a7bd2be,cust_be01c53257,Axis Bank,savings,11934.55,,,
acct_74c9ae5778,cust_58be36bcb6,HDFC Bank,savings,36158.52,,,
acct_3cee9c35b8,cust_bbf35bdadd,State Bank of India,savings,36165.56,,,
acct_7e4ab7a5ad,cust_30cd26c602,Bank of Baroda,savings,36230.61,,,
acct_10b4857042,cust_f6accd4388,Bank of Baroda,savings,12271.75,,,
acct_6ebcf36baf,cust_59724a039d,Axis Bank,savings,12591.53,,,
acct_fc78b3009e,cust_3a013b6259,Axis Bank,savings,17042.1,,,
acct_481c478d4d,cust_668ee3f143,Axis Bank,savings,20654.69,,,
acct_cf512c567e,cust_40f0e6515f,HDFC Bank,savings,9420.64,,,
acct_594bc13180,cust_2e07f2179c,Axis Bank,savings,19938.53,,,
acct_7bd60cd1f6,cust_3acba05fba,HDFC Bank,savings,33041.9,,,
acct_b4b82e61c7,cust_f23f5e8cde,Bank of Baroda,savings,46667.07,,,
acct_82fde3b154,cust_6ef9ecb8c0,State Bank of India,savings,22822.12,,,
acct_9d09d982f0,cust_46bea4544d,ICICI Bank,savings,14892.37,,,
acct_2e16928bb1,cust_37a740a6d3,HDFC Bank,savings,42963.23,,,
acct_0fd557a5f9,cust_146b077d47,ICICI Bank,savings,49207.97,,,
acct_cd830168cd,cust_77016d79cb,HDFC Bank,savings,17341.05,,,
acct_0e3b4f2336,cust_85f0119e6a,Punjab National Bank,savings,35084.32,,,
acct_d0bf4e9b45,cust_fb304b8137,HDFC Bank,savings,31286.75,,,
acct_4489b925a0,cust_a725927c83,ICICI Bank,savings,44155.35,,,
acct_a09e3aefdc,cust_6b4135b655,State Bank of India,savings,33945.57,,,
acct_addd3150cc,cust_3d77741702,HDFC Bank,savings,36320.62,,,
acct_fe7a0748c7,cust_f31861a420,Bank of Baroda,savings,32750.04,,,
acct_badb5e46dd,cust_619f48a80b,ICICI Bank,savings,43461.53,,,
acct_763d1c9f9c,cust_f95539553a,Punjab National Bank,savings,32479.8,,,
acct_c848d996d4,cust_be183e1835,HDFC Bank,savings,3382.33,,,
acct_fe614bdd83,cust_930288e027,ICICI Bank,savings,32915.34,,,
acct_e182b4498e,cust_93804dd066,HDFC Bank,savings,15222.08,,,
acct_70a829d89a,cust_78d3b36c51,Axis Bank,savings,5405.19,,,
acct_1ef89eeb77,cust_7305c815b7,Punjab National Bank,savings,4763.91,,,
acct_dae4b46439,cust_92c6bab187,HDFC Bank,savings,15357.34,,,
acct_6c964582be,cust_0f13fe4834,ICICI Bank,savings,25195.32,,,
acct_cad9a24856,cust_d0052fe4e2,Punjab National Bank,savings,23143.56,,,
acct_c760449cf6,cust_5a4667f154,Bank of Baroda,savings,6280.44,,,
acct_7840d3d376,cust_521b54e774,State Bank of India,savings,20676.72,,,
acct_feb98525a1,cust_a1c74d7eba,Bank of Baroda,savings,18684.33,,,
acct_84d50247e7,cust_1822fb521f,Punjab National Bank,savings,13942.7,,,
acct_88f4770114,cust_db633c7c35,Bank of Baroda,savings,33352.1,,,
acct_89d1304c51,cust_57befadd53,ICICI Bank,savings,4379.87,,,
acct_0706d6cd56,cust_c0cf5133e9,Axis Bank,savings,33735.21,,,
acct_8e7e218bf9,cust_a3d07ead93,Bank of Baroda,savings,11681.78,,,
acct_15ce04ef1e,cust_c4729e9696,ICICI Bank,savings,8876.56,,,
acct_e66c02d0ab,cust_40d14ad478,ICICI Bank,savings,6901.89,,,
acct_02d089a958,cust_dfd50e980e,HDFC Bank,savings,26687.16,,,
acct_93d217b195,cust_598ac6b7cd,Punjab National Bank,savings,15623.32,,,
acct_39f1eff90a,cust_063e1f1e0d,ICICI Bank,savings,28473.35,,,
acct_f3d91646c0,cust_152396638f,Punjab National Bank,savings,16277.03,,,
acct_ac696bccd5,cust_366a98d082,Axis Bank,savings,17375.1,,,
acct_1fa45bad8f,cust_a45e676b09,Bank of Baroda,savings,37791.48,,,
acct_e86f1f5d17,cust_7ec1613f08,Axis Bank,savings,8195.32,,,
acct_602a4b764b,cust_571852f1f2,ICICI Bank,savings,48327.66,,,
acct_1643e85433,cust_8ed9874bad,Punjab National Bank,savings,12922.73,,,
acct_bc0cee654c,cust_9daa182dbc,ICICI Bank,savings,11740.93,,,
acct_2ab58ffcf7,cust_d2a51ee560,Bank of Baroda,savings,48091.58,,,
acct_e120bcc868,cust_315c99f3aa,ICICI Bank,savings,29208.66,,,
acct_eea5482841,cust_0aaf7cb84c,State Bank of India,savings,40487.15,,,
acct_08c238a291,cust_0198d5f44e,State Bank of India,savings,25950.49,,,
acct_2a9f6968d7,cust_7f79ccf305,Axis Bank,savings,17405.3,,,
acct_f71cdc97a5,cust_bf5def9fbd,Axis Bank,savings,26337.78,,,
acct_4793f29f41,cust_1452751e77,Punjab National Bank,savings,47010.99,,,
acct_3d2898b9c5,cust_dd6b7050d7,Axis Bank,savings,31167.73,,,
acct_da45af05ce,cust_64a70df388,HDFC Bank,savings,3561.78,,,
acct_0dbc5bdcf1,cust_94568c46f1,ICICI Bank,savings,29270.64,,,
acct_52a2423108,cust_78905e1ec9,ICICI Bank,savings,15377.1,,,
acct_18655c5572,cust_968fa5988a,ICICI Bank,savings,31151.97,,,
acct_aacf630f3c,cust_47013d39a4,ICICI Bank,savings,37698.19,,,
acct_89081fbc81,cust_5184482e31,Bank of Baroda,savings,10673.82,,,
acct_56a2f4751f,cust_29632ff881,Bank of Baroda,savings,42957.87,,,
acct_c140040cf2,cust_237c35400b,HDFC Bank,savings,32446.94,,,
acct_a60149e953,cust_36456ad0c1,ICICI Bank,savings,37084.57,,,
acct_35466a20df,cust_ff61b028b2,HDFC Bank,savings,19956.61,,,
acct_b3a05c4c9a,cust_734ee5a55a,HDFC Bank,savings,29458.02,,,
acct_a3eab0b459,cust_3c8e0b1bb0,HDFC Bank,savings,29980.98,,,
acct_7856ba088f,cust_53d4b82766,Axis Bank,savings,42089.99,,,
acct_00bce23ef3,cust_0d164fc124,State Bank of India,savings,32495.93,,,
acct_73383cc672,cust_78092c3002,HDFC Bank,savings,31001.21,,,
acct_8ac417b075,cust_fd623e60d7,HDFC Bank,savings,40686.16,,,
acct_7f12f7d5a3,cust_3eecc29499,HDFC Bank,savings,9302.82,,,
acct_6da0d5faad,cust_ad61161a03,HDFC Bank,savings,33222.65,,,
acct_4c39c68e52,cust_ba61319066,Punjab National Bank,savings,34568.05,,,
acct_67059008cc,cust_a1c8203f1c,ICICI Bank,savings,32936.5,,,
acct_8f18a40799,cust_4c7b1bc724,Punjab National Bank,savings,42879.68,,,
acct_9541b61fcb,cust_6b1c5184f1,Bank of Baroda,savings,30203.54,,,
acct_d8bc55cd21,cust_c8033f55f8,Punjab National Bank,savings,26885.22,,,
acct_ec1e851f63,cust_999faf6ae3,ICICI Bank,savings,30026.4,,,
acct_ce7ace8406,cust_c36a169617,ICICI Bank,savings,45824.5,,,
acct_c9878cfd75,cust_cb21cc7b8b,ICICI Bank,savings,29909.45,,,
acct_d2d73865c8,cust_7d4bb573c4,Bank of Baroda,savings,24862.94,,,
acct_1d83401b96,cust_4a970a8c82,Punjab National Bank,savings,35775.79,,,
acct_80b9160e2c,cust_1199301c9b,State Bank of India,savings,31949.51,,,
acct_e1b8feea4f,cust_085d2979ef,ICICI Bank,savings,18694.42,,,
acct_de31754831,cust_4bde4f1ded,ICICI Bank,savings,34791.3,,,
acct_21f257a773,cust_b83059577d,ICICI Bank,savings,35707.74,,,
acct_ef336f639d,cust_8cfb3b2dea,State Bank of India,savings,32367.59,,,
acct_a31d3391b6,cust_30e9ea6045,Punjab National Bank,savings,33055.48,,,
acct_be71a828e4,cust_1544e2f158,State Bank of India,savings,48343.5,,,
acct_ac71c9f064,cust_73381fd46b,Axis Bank,savings,32435.18,,,
acct_58547c0ef7,cust_fc88b5b4cf,ICICI Bank,savings,8691.93,,,
acct_5602ec55aa,cust_27362c6fb1,ICICI Bank,savings,33961.68,,,
acct_3aeddae99a,cust_0bab94af7b,Bank of Baroda,savings,41536.81,,,
acct_cf45c53adb,cust_f05503febc,Axis Bank,savings,42547.28,,,
acct_14cfb82592,cust_77436d06bb,Bank of Baroda,savings,24214.03,,,
acct_d08bedcfb7,cust_74dafbce0a,Axis Bank,savings,32931.33,,,
acct_719209932b,cust_50bd3b46d8,Bank of Baroda,savings,27021.51,,,
acct_3c81c846a6,cust_53ffc0d06e,Axis Bank,savings,48442.13,,,
acct_a048a6d93c,cust_8997d8dd2b,ICICI Bank,savings,26369.13,,,
acct_39819beff4,cust_7de9d3ed33,ICICI Bank,savings,26507.7,,,
acct_a55e36c325,cust_ba646820f2,HDFC Bank,savings,32619.44,,,
acct_6227cca841,cust_2f0a368037,ICICI Bank,savings,36583.6,,,
acct_da47a17744,cust_800793931a,Axis Bank,savings,47288.99,,,
acct_54816333b7,cust_185cfa6360,ICICI Bank,savings,16090.45,,,
acct_3c53bd85e5,cust_3ffb1155ee,Punjab National Bank,savings,29182.2,,,
acct_a17a37f8c1,cust_a438b596bf,Punjab National Bank,savings,18029.06,,,
acct_b7447a693c,cust_a28f1e79b1,ICICI Bank,savings,44553.73,,,
acct_44abdb9806,cust_5043a1a5cd,ICICI Bank,savings,22141.12,,,
acct_231b59b518,cust_e066433b22,Axis Bank,savings,30131.0,,,
acct_1da24b57ac,cust_8e14ec700a,HDFC Bank,savings,22215.61,,,
acct_0e98d52833,cust_cbe221409d,Bank of Baroda,savings,34664.63,,,
acct_de86f5320f,cust_81ab9d2c50,State Bank of India,savings,8638.92,,,
acct_eb44f6dca8,cust_df18d060b6,HDFC Bank,savings,23933.16,,,
acct_a3aa929733,cust_98124a2ef2,ICICI Bank,savings,2352.97,,,
acct_8010fcf9d2,cust_00f4f113c3,Axis Bank,savings,14377.14,,,
acct_3b9d21f01b,cust_748c6caa8d,State Bank of India,savings,44767.36,,,
acct_56e862fc5d,cust_f83209e5ed,Bank of Baroda,savings,12833.57,,,
acct_cd092c7e99,cust_757e249c9c,HDFC Bank,savings,5581.35,,,
acct_26b0d96b5d,cust_9f5af19107,Axis Bank,savings,19768.82,,,
acct_b81026c8ab,cust_7b81961295,State Bank of India,savings,41339.09,,,
acct_85664c0beb,cust_002546c860,Bank of Baroda,savings,2571.95,,,
acct_dce396e07f,cust_ad268d6e4f,State Bank of India,savings,14742.83,,,
acct_06bd43fadb,cust_13fdfd3d70,Punjab National Bank,savings,33921.4,,,
acct_06162e69fa,cust_2367e82745,ICICI Bank,savings,10633.74,,,
acct_dbb07c6dbf,cust_29420f0b17,Bank of Baroda,savings,41812.22,,,
acct_da93837d41,cust_9be61fd12f,ICICI Bank,savings,20172.66,,,
acct_bcb4fa2b27,cust_d3bf12a3e9,Bank of Baroda,savings,41315.86,,,
acct_254ea0bc50,cust_a8af8ed5f0,Bank of Baroda,savings,28018.0,,,
acct_8075931ad0,cust_c4ef4b1bc3,ICICI Bank,savings,33518.77,,,
acct_45b63c0c66,cust_a22bef8498,HDFC Bank,savings,18529.58,,,
acct_017293e675,cust_21f947db03,Axis Bank,savings,7533.36,,,
acct_ddd63af557,cust_1f10727a31,State Bank of India,savings,38753.3,,,
acct_55806fa12b,cust_2a04f5df76,Axis Bank,savings,42807.34,,,
acct_182b3c8808,cust_3d647afdb4,Axis Bank,savings,27414.93,,,
acct_6eaaf42e69,cust_a0680ef235,Axis Bank,savings,16061.93,,,
acct_eaac0933f7,cust_943ece1b9e,Punjab National Bank,savings,17731.22,,,
acct_38d5aa1285,cust_513d88d355,Bank of Baroda,savings,2641.83,,,
acct_67326934d7,cust_7fea1b4239,HDFC Bank,savings,19562.71,,,
acct_ba5e7ddb30,cust_1ed48c2591,HDFC Bank,savings,22325.81,,,
acct_dc35cbe776,cust_3a78f36ddb,State Bank of India,savings,48898.29,,,
acct_ea55563947,cust_a6758bee94,HDFC Bank,savings,38110.78,,,
acct_d3a0a65099,cust_5ff6c5c23d,Bank of Baroda,savings,35275.99,,,
acct_5bc29f90b8,cust_73a2ac1383,ICICI Bank,savings,33616.39,,,
acct_a8d4af39f8,cust_2e3d9fe881,Bank of Baroda,savings,31673.78,,,
acct_f61ee9f5c2,cust_ce1c4daed2,HDFC Bank,savings,5958.24,,,
acct_ff1cf5d0e7,cust_7f654dd449,State Bank of India,savings,17630.34,,,
acct_373031aa1e,cust_aa24cb1248,ICICI Bank,savings,12279.47,,,
acct_d55d420d31,cust_fd9eef70ed,Punjab National Bank,savings,6111.48,,,
acct_afdf287908,cust_2ce6921a0f,Bank of Baroda,savings,5574.61,,,
acct_8316416a27,cust_e0f641465e,State Bank of India,savings,7717.85,,,
acct_27812f47b9,cust_2c3b1c7c61,State Bank of India,savings,39737.77,,,
acct_da838330bc,cust_dfaecad0a8,Bank of Baroda,savings,23271.69,,,
acct_26999b3d12,cust_d22e8bf612,Punjab National Bank,savings,29900.01,,,
acct_789205950d,cust_b4b64a8986,HDFC Bank,savings,32116.1,,,
acct_5a54627e29,cust_a68f239602,Bank of Baroda,savings,24705.18,,,
acct_fd7c43f19b,cust_138873f23e,Punjab National Bank,savings,29690.85,,,
acct_a94edb11d4,cust_e2d9edda4c,ICICI Bank,savings,49837.82,,,
acct_289e7f6e4d,cust_249ac0004c,Axis Bank,savings,2301.51,,,
acct_2c5f2f56b3,cust_4cc2d9a25f,HDFC Bank,savings,32094.18,,,
acct_33c2769c89,cust_0b0c0d1b17,State Bank of India,savings,35685.38,,,
acct_c491faa6b9,cust_4c658092c0,HDFC Bank,savings,6373.71,,,
acct_793d10dab3,cust_cf0e711082,State Bank of India,savings,26333.53,,,
acct_c3aba4d583,cust_2ee693d0a9,State Bank of India,savings,3924.49,,,
acct_cdf3eb3914,cust_05eb1c59a5,Punjab National Bank,savings,48414.22,,,
acct_d7c331c46a,cust_14e805c1ec,ICICI Bank,savings,40914.36,,,
acct_b4e7ed5ae8,cust_1a700344d8,Axis Bank,savings,38114.4,,,
acct_201576430c,cust_f78cd08f54,HDFC Bank,savings,16107.72,,,
acct_fbc72ac8b4,cust_86f7e97714,HDFC Bank,savings,18593.43,,,
acct_0a415e663d,cust_24d6d84762,ICICI Bank,savings,35642.93,,,
acct_62147bf3b5,cust_4b41c25295,State Bank of India,savings,21829.41,,,
acct_c771e97b23,cust_e5aafeceb8,Punjab National Bank,savings,44574.66,,,
acct_f7b11bd26f,cust_fc23c40ce2,State Bank of India,savings,46051.9,,,
acct_6bc925bc9d,cust_30978a7411,Axis Bank,savings,7042.76,,,
acct_e890f961ea,cust_9a0ba0a638,Punjab National Bank,savings,38134.78,,,
acct_6a4c81c3fa,cust_689dff8e21,Bank of Baroda,savings,39025.5,,,
acct_c7f7960ef8,cust_036f417b04,ICICI Bank,savings,32259.04,,,
acct_2add7f4934,cust_908e4685d6,State Bank of India,savings,44331.59,,,
acct_cfcffbe44a,cust_dcaeb2e339,ICICI Bank,savings,41066.45,,,
acct_ea61a49828,cust_6c2f12ad7a,ICICI Bank,savings,23957.42,,,
acct_47f8521d7b,cust_b9c7dc90d5,HDFC Bank,savings,33033.62,,,
acct_e88bf668fe,cust_ef299264c8,State Bank of India,savings,33207.35,,,
acct_5004f8ebac,cust_2d7d73cec6,Punjab National Bank,savings,42629.87,,,
acct_b9bad74a22,cust_d30f834b9c,Punjab National Bank,savings,28695.79,,,
acct_4907438d36,cust_2c33ff923b,State Bank of India,savings,38750.55,,,
acct_9081b58bf6,cust_f80f41249d,HDFC Bank,savings,41257.14,,,
acct_e3a8808b4e,cust_9a94327b76,Punjab National Bank,savings,44736.68,,,
acct_ae29a35c1e,cust_fd083a2abb,Punjab National Bank,savings,9789.66,,,
acct_7e7694488c,cust_f31289180a,HDFC Bank,savings,4502.93,,,
acct_a2490d9151,cust_2a88e5c148,Bank of Baroda,savings,49648.68,,,
acct_0122a2f307,cust_bbbc30d65c,State Bank of India,savings,7011.19,,,
acct_03e58b67cc,cust_d2fc0e288a,State Bank of India,savings,19911.33,,,
acct_cd95c150ae,cust_5a1f2f70b3,HDFC Bank,savings,4642.53,,,
acct_25ac993e2a,cust_8d58b24215,Bank of Baroda,savings,7186.46,,,
acct_c16c296d04,cust_60450597c8,HDFC Bank,savings,47814.84,,,
acct_b8e5ea898d,cust_847eb72452,Axis Bank,savings,20384.07,,,
acct_b0bb5fafc8,cust_89d459182c,ICICI Bank,savings,44485.72,,,
acct_b9cd95807d,cust_a4b6e44ada,Bank of Baroda,savings,14161.4,,,
acct_39f533406a,cust_edf6420363,ICICI Bank,savings,18740.68,,,
acct_e49ae6d26b,cust_7f1c4d92ff,ICICI Bank,savings,10280.92,,,
acct_73085b92b3,cust_d97cb67793,Bank of Baroda,savings,5284.54,,,
acct_7a524616bd,cust_a60bc107ac,Axis Bank,savings,22647.46,,,
acct_128b5b7570,cust_30422996d7,ICICI Bank,savings,37826.67,,,
acct_8b05c97bd8,cust_251cb18dfb,Axis Bank,savings,41547.95,,,
acct_2aa085f737,cust_f78b671d27,Punjab National Bank,savings,35869.07,,,
acct_dcdb796674,cust_2fb60336dd,ICICI Bank,savings,26589.91,,,
acct_8b3c6ac4b8,cust_e3f78892d9,HDFC Bank,savings,20428.6,,,
acct_49ba6ed3d6,cust_0054bf1422,Axis Bank,savings,47761.52,,,
acct_b1c4b20f7c,cust_0a30df3e1b,HDFC Bank,savings,18229.63,,,
acct_1ca29bf527,cust_1740d714b7,State Bank of India,savings,45743.37,,,
acct_ee5c765678,cust_f4c179c562,Axis Bank,savings,3902.89,,,
acct_dcec602d76,cust_5dc1e50eef,HDFC Bank,savings,11285.5,,,
acct_cac41a3170,cust_4de26467fa,State Bank of India,savings,46757.83,,,
acct_d239223410,cust_c6c9a418dc,HDFC Bank,savings,49710.47,,,
acct_9d43fe0d3a,cust_d43a4d38fe,HDFC Bank,savings,46639.29,,,
acct_780c857af6,cust_0dee9273c2,State Bank of India,savings,40266.67,,,
acct_369fcb8cf1,cust_3f6061d276,Punjab National Bank,savings,43333.75,,,
acct_267495ebe9,cust_f1a2989525,State Bank of India,savings,28053.39,,,
acct_435df4d9aa,cust_2b632b8f3e,Bank of Baroda,savings,25828.71,,,
acct_a708126dc0,cust_b8a8797255,ICICI Bank,savings,22827.12,,,
acct_7b7d79976a,cust_d4776df279,Punjab National Bank,savings,6868.53,,,
acct_ad27b326a1,cust_ae3af65ae5,Axis Bank,savings,43155.17,,,
acct_13d8611c50,cust_1d7e37fbb0,Axis Bank,savings,32880.14,,,
acct_7f6d60dd0e,cust_6a5eb1d1f4,Punjab National Bank,savings,40334.94,,,
acct_ccf09d8f9d,cust_9f02405f69,State Bank of India,savings,13697.09,,,
acct_c8d536a2b4,cust_bf42503f91,Bank of Baroda,savings,11837.9,,,
acct_277a1030f5,cust_43e368c13c,Punjab National Bank,savings,45695.31,,,
acct_0ba557bc9e,cust_47fca9b4c4,HDFC Bank,savings,23036.95,,,
acct_3868594db5,cust_091a414953,Bank of Baroda,savings,11277.41,,,
acct_b7863103ed,cust_5c25579f86,Punjab National Bank,savings,17414.41,,,
acct_7ed56b3d2c,cust_41e72aae19,State Bank of India,savings,16776.99,,,
acct_4a35cbbeb8,cust_c9a6aeaa7b,Axis Bank,savings,19584.57,,,
acct_070e9f7d30,cust_d691cb7f65,HDFC Bank,savings,18459.54,,,
acct_062044a195,cust_4b6c746645,Punjab National Bank,savings,42242.23,,,
acct_057c650716,cust_b83c1f2e39,Axis Bank,savings,17152.98,,,
acct_4ae736456b,cust_a6a31eae14,ICICI Bank,savings,5092.83,,,
acct_bca772df5f,cust_5c8039cfeb,HDFC Bank,savings,31011.51,,,
acct_cb173b5571,cust_45d32fb965,Bank of Baroda,savings,23642.03,,,
acct_51f3d5fcac,cust_e087cc9016,State Bank of India,savings,15251.84,,,
acct_5ef2ddece2,cust_787dc7d708,ICICI Bank,savings,29740.76,,,
acct_726a2fada1,cust_412eadc403,State Bank of India,savings,8569.05,,,
acct_07d5498a0e,cust_dc73d028bb,ICICI Bank,savings,16764.29,,,
acct_5f08056eb3,cust_213c6e7c16,HDFC Bank,savings,16804.85,,,
acct_26257d3194,cust_1bec99f6ef,Punjab National Bank,savings,25529.89,,,
acct_cfc51240b5,cust_8793875692,State Bank of India,savings,4703.9,,,
acct_5f1f2045fe,cust_f429a7d206,Axis Bank,savings,47952.8,,,
acct_41a5666906,cust_fdb22ebf20,Axis Bank,savings,48022.58,,,
acct_a7e0ea9fa9,cust_fd8d79072f,Punjab National Bank,savings,20858.2,,,
acct_8bbd9932bf,cust_b39eec4e8e,Axis Bank,savings,24350.53,,,
acct_beba44ff2d,cust_b8cd7b4e61,State Bank of India,savings,18250.69,,,
acct_c973c1ed02,cust_fbda4cab4c,HDFC Bank,savings,2808.44,,,
acct_1d40fa57dd,cust_7997f6aa9c,Punjab National Bank,savings,26439.99,,,
acct_ec0eddd79a,cust_a9b7b46ef3,Punjab National Bank,savings,36043.82,,,
acct_f3631908e5,cust_9415539b70,State Bank of India,savings,29902.64,,,
acct_9e032854d1,cust_ece417c478,Bank of Baroda,savings,30993.56,,,
acct_43de798816,cust_bb95997008,State Bank of India,savings,26942.16,,,
acct_102f2f95d2,cust_7175188333,HDFC Bank,savings,41615.87,,,
acct_3d4582acdc,cust_65e785630f,Axis Bank,savings,44795.81,,,
acct_225d1d68e4,cust_ddc8813b53,ICICI Bank,savings,15174.77,,,
acct_9b9ed09b1e,cust_2f5f4c8a12,State Bank of India,savings,28044.35,,,
acct_1d2792225b,cust_6f3524a7b0,Axis Bank,savings,12483.09,,,
acct_25c40de736,cust_155ecce05d,ICICI Bank,savings,16294.71,,,
acct_091d568a11,cust_13bc66b03c,ICICI Bank,savings,8907.9,,,
acct_ca1182e678,cust_799d4fe6b6,Axis Bank,savings,8387.46,,,
acct_183c8f9130,cust_fea8642acd,Axis Bank,savings,26832.27,,,
acct_ca75fced22,cust_4ab695c445,HDFC Bank,savings,47500.6,,,
acct_d93b75316a,cust_c5505ba8f9,Bank of Baroda,savings,20284.06,,,
acct_212f8687e2,cust_be161b8095,ICICI Bank,savings,36029.37,,,
acct_85bad86604,cust_cd6fc4c5f2,Axis Bank,savings,24080.53,,,
acct_6a7ec77ed0,cust_78e5acea02,State Bank of India,savings,27338.11,,,
acct_5d4abe0eb5,cust_aad405487e,HDFC Bank,savings,37913.81,,,
acct_fb216d54e1,cust_acb4d63ae4,Axis Bank,savings,21884.39,,,
acct_f200301426,cust_6e992656fd,Bank of Baroda,savings,20174.31,,,
acct_1d01346182,cust_90add63fed,State Bank of India,savings,4264.49,,,
acct_ad44061f92,cust_8e5c72be36,Bank of Baroda,savings,38306.07,,,
acct_b301453c93,cust_80fa82c721,Punjab National Bank,savings,23288.82,,,
acct_c74bbe9534,cust_70f7c65cf5,State Bank of India,savings,28318.85,,,
acct_4a7f7bc417,cust_05fce3de5c,Bank of Baroda,savings,16307.53,,,
acct_a6249d7086,cust_7bd0d5920a,HDFC Bank,savings,21083.69,,,
acct_49e0b88fe0,cust_981a2a92de,Axis Bank,savings,32585.62,,,
acct_3b97f301ca,cust_8e3d906e22,State Bank of India,savings,48742.35,,,
acct_35f60e6607,cust_ea265b6351,Bank of Baroda,savings,7950.57,,,
acct_45bb6e0162,cust_ce57f8dea9,HDFC Bank,savings,32237.89,,,
acct_ca65d6bb67,cust_d6be1f9447,Bank of Baroda,savings,28902.62,,,
acct_b1ffe37f79,cust_54e1507827,ICICI Bank,savings,32830.36,,,
acct_bae43359fd,cust_0b9690a9a8,Bank of Baroda,savings,26666.83,,,
acct_fc45e0883e,cust_5d7eab711b,Bank of Baroda,savings,32956.21,,,
acct_494d095a62,cust_091bdcec05,HDFC Bank,savings,31953.94,,,
acct_91c72d1cd9,cust_7fb657cc2f,State Bank of India,savings,7039.33,,,
acct_963433bcc2,cust_647a0c1805,ICICI Bank,savings,46880.75,,,
acct_43a39c9c08,cust_bfd52a90c4,Bank of Baroda,savings,2975.05,,,
acct_8092da387b,cust_a5aff94d82,State Bank of India,savings,46861.61,,,
acct_6fac9f8577,cust_3653813bb8,Axis Bank,savings,34842.16,,,
acct_50a3e61468,cust_3573ded6ac,Punjab National Bank,savings,12722.74,,,
acct_1402aaf900,cust_54cc280441,Bank of Baroda,savings,37711.36,,,
acct_d76cdecaf0,cust_59e0dd09c6,Axis Bank,savings,36956.75,,,
acct_479b36c0c0,cust_c368bb20ae,Punjab National Bank,savings,20172.64,,,
acct_f823dcdd81,cust_a691e87342,State Bank of India,savings,17560.77,,,
acct_6a20f39772,cust_410c789c18,State Bank of India,savings,14609.35,,,
acct_4dc818c62b,cust_85a5a63735,HDFC Bank,savings,31882.77,,,
acct_28a1c7c49b,cust_ee575eb2a9,HDFC Bank,savings,47090.04,,,
acct_8e59233355,cust_2e0d436cfe,ICICI Bank,savings,10081.37,,,
acct_efd0db30b2,cust_b93598a9b2,ICICI Bank,savings,23728.81,,,
acct_481d09d6f7,cust_2b3db85ced,Axis Bank,savings,17830.89,,,
acct_bc5077aaec,cust_b0e676f7b1,Bank of Baroda,savings,6289.82,,,
acct_e283ba902a,cust_43a5a3c18a,HDFC Bank,savings,19126.58,,,
acct_8e12da940e,cust_e58a62cbc8,Axis Bank,savings,33328.64,,,
acct_47e7bda4d9,cust_0ea138909f,ICICI Bank,savings,38189.15,,,
acct_8b19ee11e4,cust_8fdca608bb,Punjab National Bank,savings,39758.37,,,
acct_31dd9f68ff,cust_10692c6f46,Punjab National Bank,savings,17434.66,,,
acct_5fa61ba261,cust_d3d1f2121a,HDFC Bank,savings,35438.91,,,
acct_f0e3aab22f,cust_62b9a36ef9,Punjab National Bank,savings,36374.65,,,
acct_1b3fc91fa3,cust_199759327e,Axis Bank,savings,32114.67,,,
acct_9e221c488d,cust_a9aed88757,Bank of Baroda,savings,26546.71,,,
acct_f96033b320,cust_4f9c8ed6e7,Axis Bank,savings,9283.21,,,
acct_e1cf9eaced,cust_71c6260dd9,Bank of Baroda,savings,30882.22,,,
acct_3411b7056b,cust_3b6782f9b9,State Bank of India,savings,7784.46,,,
acct_6d307519de,cust_9577cf1550,HDFC Bank,savings,27331.37,,,
acct_31825da50a,cust_5260b33e5a,State Bank of India,savings,11211.68,,,
acct_cadf8c1118,cust_44dfbcceb6,ICICI Bank,savings,23210.5,,,
acct_b127ddea05,cust_33c3b84f3b,Axis Bank,savings,42474.53,,,
acct_128366d120,cust_8d5486008a,Bank of Baroda,savings,35366.83,,,
acct_a2ef245ed5,cust_2f22d37668,Bank of Baroda,savings,33717.52,,,
acct_979c58a803,cust_3903050756,ICICI Bank,savings,40955.8,,,
acct_fc65707f80,cust_0996175ec5,Axis Bank,savings,41893.25,,,
acct_927c48f44c,cust_7afbb7f565,State Bank of India,savings,8982.12,,,
acct_1f6ee77f2c,cust_3a72090fb5,Punjab National Bank,savings,19632.78,,,
acct_4b552ce476,cust_7debc43648,Axis Bank,savings,12287.15,,,
acct_14d885626a,cust_bc51ff387c,Axis Bank,savings,2226.27,,,
acct_b783bf87c0,cust_124642808c,ICICI Bank,savings,34198.18,,,
acct_5fcb9435e1,cust_f50a569699,Bank of Baroda,savings,21583.87,,,
acct_b363f56d0c,cust_0b4557cfc1,HDFC Bank,savings,45993.31,,,
acct_a0deab2cff,cust_aaf48a19ac,Bank of Baroda,savings,25907.8,,,
acct_a5a5427ae1,cust_9c04a213fe,ICICI Bank,savings,31505.98,,,
acct_3a3b88ec2d,cust_103133a4d9,State Bank of India,savings,47025.86,,,
acct_592b0dfeba,cust_ee5cc38113,State Bank of India,savings,46360.25,,,
acct_349bc6a84e,cust_63708437f3,HDFC Bank,savings,3673.38,,,
acct_4f558b0ca6,cust_0d5ac93754,Bank of Baroda,savings,34846.87,,,
acct_820d9c17bc,cust_3d76440c5e,HDFC Bank,savings,29600.22,,,
acct_e454d964f2,cust_31d6190b48,Bank of Baroda,savings,47147.72,,,
acct_d75e437a08,cust_6b46fbf518,Bank of Baroda,savings,7588.41,,,
acct_13767b0503,cust_c1e6c9ade9,State Bank of India,savings,47999.31,,,
acct_bfc34d5a74,cust_abd1415fdc,State Bank of India,savings,20936.76,,,
acct_831b2a81c5,cust_ad6a4a5d43,State Bank of India,savings,33246.14,,,
acct_f02fe1cc5c,cust_f1458427fb,Bank of Baroda,savings,37134.55,,,
acct_df4183b4e6,cust_5885e1e197,State Bank of India,savings,19373.09,,,
acct_2e5cc03efb,cust_0487218941,HDFC Bank,savings,37405.32,,,
acct_9b03675bcb,cust_b52f04f137,Punjab National Bank,savings,38778.56,,,
acct_4b974d9f4e,cust_aa5f8c9adb,State Bank of India,savings,9576.08,,,
acct_c3025c7434,cust_94614cabbc,HDFC Bank,savings,6026.51,,,
acct_c41bdaf839,cust_f598064fff,HDFC Bank,savings,42244.29,,,
acct_27a6bcf4ec,cust_3082db021c,Bank of Baroda,savings,11335.41,,,
acct_40b1199211,cust_84d380cdc9,State Bank of India,savings,30646.87,,,
acct_679ab096d3,cust_7fd5e7057a,ICICI Bank,savings,11526.57,,,
acct_8e68ad228e,cust_cb9dc6d12f,Punjab National Bank,savings,38524.66,,,
acct_c9a0df1b30,cust_aa79dcd0d8,Axis Bank,savings,27719.59,,,
acct_e3b68bb1c2,cust_55fb09dfcf,Bank of Baroda,savings,25082.69,,,
acct_570e246069,cust_e250c62e29,ICICI Bank,savings,23444.16,,,
acct_3a686bf5f0,cust_12f07de817,Bank of Baroda,savings,23938.68,,,
acct_1aa589d12c,cust_7ea65b939d,Bank of Baroda,savings,27787.61,,,
acct_c6476f4b31,cust_5364c33f7e,ICICI Bank,savings,45122.5,,,
acct_d8b85162ba,cust_b8cefbb76e,State Bank of India,savings,14537.66,,,
acct_84f49ecd55,cust_75aca2f35a,State Bank of India,savings,8734.53,,,
acct_e5457dbdb1,cust_fa02be9138,State Bank of India,savings,28284.11,,,
acct_a285ddc123,cust_07c31916ef,HDFC Bank,savings,5437.82,,,
acct_155286a752,cust_5e80e22a3e,ICICI Bank,savings,15955.37,,,
acct_ba5fb3c755,cust_cae33f7013,HDFC Bank,savings,18214.61,,,
acct_c654d22130,cust_93b189fbab,Punjab National Bank,savings,26852.73,,,
acct_af96683893,cust_f5d49511d2,Punjab National Bank,savings,33724.51,,,
acct_55f559257b,cust_489b590d3c,Axis Bank,savings,47628.45,,,
acct_e8028164f8,cust_45e18c6c43,Bank of Baroda,savings,14112.98,,,
acct_69e7f59843,cust_9795303dce,Axis Bank,savings,32312.23,,,
acct_450ab0d20d,cust_b2a876a4ba,State Bank of India,savings,40084.22,,,
acct_689290307e,cust_8fc1806589,HDFC Bank,savings,46042.65,,,
acct_f550ea2fe4,cust_a8504e8de9,State Bank of India,savings,25929.58,,,
acct_faf00242a1,cust_579bc9287b,HDFC Bank,savings,10895.39,,,
acct_f704352682,cust_026f814800,Axis Bank,savings,30392.16,,,
acct_072207cbef,cust_58d1f3d6a1,Punjab National Bank,savings,19228.65,,,
acct_9b4e6a6ec4,cust_1176794c2a,ICICI Bank,savings,23830.03,,,
acct_55cc234258,cust_f3b19100ae,Axis Bank,savings,2781.99,,,
acct_0a857954b9,cust_7766fbfc61,Axis Bank,savings,38386.32,,,
acct_badd5545c6,cust_8088f2a55d,State Bank of India,savings,10997.12,,,
acct_4917512e98,cust_ecaa7a4532,State Bank of India,savings,19396.66,,,
acct_a2dcf4fd47,cust_16d3f0b912,Bank of Baroda,savings,7097.89,,,
acct_9a747d7d29,cust_cbab71a9fc,Axis Bank,savings,3059.43,,,
acct_487e1656f6,cust_9ef4196376,HDFC Bank,savings,28590.81,,,
acct_1d799b5f84,cust_29d7dc1ded,Axis Bank,savings,29797.6,,,
acct_c0dbea787b,cust_5bddb0c1ea,Punjab National Bank,savings,48153.0,,,
acct_455d922523,cust_0cb133ecbc,State Bank of India,savings,49323.89,,,
acct_7ce4ee72ba,cust_2934b431f7,ICICI Bank,savings,14299.12,,,
acct_788ea22f4a,cust_5fcb841132,ICICI Bank,savings,17498.93,,,
acct_38c868646c,cust_da75353b9a,State Bank of India,savings,49121.15,,,
acct_44d7919ef7,cust_70154d6fc2,ICICI Bank,savings,45254.13,,,
acct_283ff14fdb,cust_20c5e5b2de,State Bank of India,savings,41080.95,,,
acct_7da790800f,cust_37b4b19545,Punjab National Bank,savings,15661.61,,,
acct_3c1e0a4e61,cust_c96b6baa63,Punjab National Bank,savings,6609.07,,,
acct_9550cddeee,cust_22207e5c34,Punjab National Bank,savings,42326.29,,,
acct_77a4516c06,cust_4fb6100586,Axis Bank,savings,35488.22,,,
acct_09792fc0a4,cust_68d87f7e7e,ICICI Bank,savings,5527.35,,,
acct_ff5c143163,cust_c2a359f47c,Punjab National Bank,savings,39994.58,,,
acct_b9d6640c37,cust_8e805d4dfe,State Bank of India,savings,39871.19,,,
acct_69782ab19a,cust_88b3aa1375,Axis Bank,savings,16143.26,,,
acct_4e85dea1b6,cust_0a180987d6,ICICI Bank,savings,39616.65,,,
acct_d3e1777aea,cust_62f3101370,Punjab National Bank,savings,47246.8,,,
acct_4d00b92e69,cust_cf8cb23ee9,State Bank of India,savings,37362.12,,,
acct_da546548b1,cust_93aac533fe,Bank of Baroda,savings,39332.9,,,
acct_490e94f683,cust_bb780805f8,Axis Bank,savings,3847.38,,,
acct_405f5fa491,cust_0e520e1cea,Bank of Baroda,savings,6927.18,,,
acct_1ea4dc7d41,cust_9a1c5f213d,Bank of Baroda,savings,19731.23,,,
acct_3a641360d7,cust_1cd7dd1f91,ICICI Bank,savings,21406.74,,,
acct_f109d33aaa,cust_043e5430d2,Axis Bank,savings,15336.53,,,
acct_a7497d605a,cust_a6063dfad2,Punjab National Bank,savings,6287.38,,,
acct_6691a65cf3,cust_cfc73fd30b,ICICI Bank,savings,42385.79,,,
acct_dff819c885,cust_78701ddc47,ICICI Bank,savings,36011.18,,,
acct_d2a34659c0,cust_ff71dcae6f,Axis Bank,savings,33624.18,,,
acct_b07911d364,cust_f79a969e58,HDFC Bank,savings,39588.75,,,
acct_8aca4ff7f0,cust_504cade821,Punjab National Bank,savings,7363.93,,,
acct_37aa11f047,cust_b4bfe0d92a,Axis Bank,savings,21524.01,,,
acct_8d8c8a54ec,cust_df95f2fc4c,State Bank of India,savings,43740.28,,,
acct_4f0e52ee20,cust_88cc2201e4,State Bank of India,savings,42200.28,,,
acct_1226474466,cust_3c6427a6e6,State Bank of India,savings,45941.36,,,
acct_a8ba19ada1,cust_3a7f7f4c72,Axis Bank,savings,11827.11,,,
acct_7663d75f27,cust_aa9a8df25c,State Bank of India,savings,38178.88,,,
acct_9f3705d7d5,cust_caca1ddb15,Axis Bank,savings,25526.12,,,
acct_6f29f2a0fe,cust_11d6f5e925,Punjab National Bank,savings,33160.12,,,
acct_30be3801a8,cust_803652d991,ICICI Bank,savings,36288.27,,,
acct_6db5c082a2,cust_4d92be3b9a,Axis Bank,savings,14923.86,,,
acct_cccf2cfb1c,cust_70beb1163b,Axis Bank,savings,24053.97,,,
acct_d84a56e15b,cust_126147f7e8,Axis Bank,savings,24323.75,,,
acct_ba1bec51d8,cust_dd12119abf,Punjab National Bank,savings,41010.01,,,
acct_bec8e57709,cust_149a804cb5,Punjab National Bank,savings,20577.91,,,
acct_bf2b08a9aa,cust_7ec36ccccb,ICICI Bank,savings,38582.02,,,
acct_75942aba2f,cust_da062d4999,Bank of Baroda,savings,42883.16,,,
acct_31c7b745a1,cust_3e77cc7efa,Punjab National Bank,savings,22999.94,,,
acct_dbb1621ad4,cust_62d5a0d0c8,Axis Bank,savings,35198.73,,,
acct_a6c0cdcf73,cust_dbf8f03834,HDFC Bank,savings,10521.79,,,
acct_138a57e6e4,cust_d7a5d56905,ICICI Bank,savings,30336.96,,,
acct_91eadc11d8,cust_806e0c26e2,Axis Bank,savings,14328.17,,,
acct_8f038bf187,cust_e197516469,HDFC Bank,savings,23208.72,,,
acct_8a813e3037,cust_578887ffc0,Punjab National Bank,savings,40809.92,,,
acct_9bb838581d,cust_8724c85970,Bank of Baroda,savings,17272.54,,,
acct_bf485e8bb6,cust_137994e0ba,HDFC Bank,savings,43330.44,,,
acct_71dc1ccafc,cust_cd4c31c800,HDFC Bank,savings,31538.92,,,
acct_3ff73b6a61,cust_a49cc96dc2,Punjab National Bank,savings,46516.45,,,
acct_d53e00ecda,cust_b651d47d7e,ICICI Bank,savings,27990.94,,,
acct_46f79f71e1,cust_f590c81b09,Bank of Baroda,savings,43343.8,,,
acct_f6f1c35006,cust_ce4034c014,Punjab National Bank,savings,2413.66,,,
acct_9450a43f0a,cust_635acc11d8,ICICI Bank,savings,15691.92,,,
acct_5d7ffc4db5,cust_7e22c48724,ICICI Bank,savings,36455.53,,,
acct_38426266dc,cust_a1c9299f87,HDFC Bank,savings,3955.43,,,
acct_415486d6c6,cust_ad59448b4a,HDFC Bank,savings,46827.16,,,
acct_32903f563c,cust_b12e09bc95,Punjab National Bank,savings,4968.04,,,
acct_7ccdae68b2,cust_3cfb4e2e4e,HDFC Bank,savings,24984.43,,,
acct_11ec5a10aa,cust_c204ee0403,HDFC Bank,savings,20972.09,,,
acct_485b056603,cust_0f323c84c4,HDFC Bank,savings,46354.0,,,
acct_c079e127a6,cust_db0b327cc2,Axis Bank,savings,42099.62,,,
acct_710e756ddd,cust_e536828f8b,Bank of Baroda,savings,36436.88,,,
acct_a89d9c0f61,cust_609ea4c8cd,Punjab National Bank,savings,38020.14,,,
acct_9d8c84a28b,cust_2b428e0557,HDFC Bank,savings,19920.48,,,
acct_8f24b2ac57,cust_805506da94,HDFC Bank,savings,46831.74,,,
acct_28eefab3a0,cust_a79c8929d8,Punjab National Bank,savings,29389.73,,,
acct_acd8c93db9,cust_258443af24,HDFC Bank,savings,25213.92,,,
acct_af2ede1624,cust_fb863d184e,Axis Bank,savings,10635.93,,,
acct_01322bd5f1,cust_d7cc11d7fd,Punjab National Bank,savings,29000.22,,,
acct_f2bdf4af7b,cust_d3b86d02f0,State Bank of India,savings,6950.73,,,
acct_5166686967,cust_685515ea2b,Punjab National Bank,savings,22205.05,,,
acct_8158d45a72,cust_146953a638,Axis Bank,savings,19481.43,,,
acct_dafe7d107b,cust_0950a5a60a,State Bank of India,savings,34378.84,,,
acct_1b94af808c,cust_312cab87f0,Punjab National Bank,savings,5589.4,,,
acct_2b42097b87,cust_3c21041c59,Axis Bank,savings,47445.1,,,
acct_b4061805fa,cust_0369bfe13c,Bank of Baroda,savings,38986.33,,,
acct_7e642ee8b5,cust_4bb6b584b9,Bank of Baroda,savings,14723.69,,,
acct_927e8c44e5,cust_077552acae,ICICI Bank,savings,23535.47,,,
acct_394c0f92d2,cust_2b6e372315,Punjab National Bank,savings,18527.63,,,
acct_de8b10a2e9,cust_881327e3cd,Bank of Baroda,savings,36116.4,,,
acct_a7abcc98cc,cust_907772b43c,Axis Bank,savings,22255.88,,,
acct_077e0c7678,cust_ef564b07d1,HDFC Bank,savings,40603.31,,,
acct_44fe9ac944,cust_0da0c05505,State Bank of India,savings,9022.77,,,
acct_bb161ef52c,cust_ee07b3f8a7,Axis Bank,savings,35278.43,,,
acct_6464f381e2,cust_36ec3df2ff,State Bank of India,savings,18773.59,,,
acct_01074ac5bf,cust_c87ffd3c41,Punjab National Bank,savings,14212.25,,,
acct_a19e9afce7,cust_35c3851803,HDFC Bank,savings,8438.11,,,
acct_12c80b273d,cust_87dc0241ac,Bank of Baroda,savings,13088.54,,,
acct_00ba61fee3,cust_e7b2d10a19,State Bank of India,savings,16640.16,,,
acct_e5b0e5aeaa,cust_90dadc3b96,State Bank of India,savings,34342.62,,,
acct_b7e93471dd,cust_a4b9641a0a,State Bank of India,savings,38365.55,,,
acct_dc2399f3af,cust_d964dd2974,Punjab National Bank,savings,35167.38,,,
acct_50c3e4906b,cust_bc0cb4cc91,Bank of Baroda,savings,25155.81,,,
acct_d3b3008600,cust_293302b18a,Axis Bank,savings,44954.82,,,
acct_ece24b0d2f,cust_531b487b79,Punjab National Bank,savings,21097.51,,,
acct_d9503a8b1f,cust_05c927e3c4,Punjab National Bank,savings,33905.0,,,
acct_d99400594e,cust_82c66c6436,Bank of Baroda,savings,35344.18,,,
acct_29ad75dcfa,cust_f20e565785,State Bank of India,savings,21133.76,,,
acct_8e2ce93083,cust_b2fbf56d23,ICICI Bank,savings,31829.31,,,
acct_e699ec635c,cust_27c6e30219,ICICI Bank,savings,37910.22,,,
acct_ff136d4311,cust_729b565335,Bank of Baroda,savings,3998.29,,,
acct_a716e58777,cust_51944e6ef1,HDFC Bank,savings,10406.12,,,
acct_513c8d6ae9,cust_3492e91752,Axis Bank,savings,8242.31,,,
acct_0381286f35,cust_7013a84eb5,Bank of Baroda,savings,20853.83,,,
acct_b257f287bd,cust_4d23b3f091,State Bank of India,savings,9680.08,,,
acct_0fb2f2e9e7,cust_f14e0ed4dc,Axis Bank,savings,2354.34,,,
acct_c866868b4a,cust_61e2f053cf,Punjab National Bank,savings,48329.7,,,
acct_48423d1cb0,cust_4088eb6fbc,Punjab National Bank,savings,45473.37,,,
acct_a24c80ec6d,cust_925a1ce8ad,Axis Bank,savings,30397.63,,,
acct_bae3cdc390,cust_d340bf0d46,Punjab National Bank,savings,29027.19,,,
acct_e5a18f5639,cust_d112d982e4,ICICI Bank,savings,40687.59,,,
acct_0b68ddc564,cust_c8f709df35,HDFC Bank,savings,15585.38,,,
acct_feb769afba,cust_d3515c71d9,Axis Bank,savings,41809.53,,,
acct_071a5ac87a,cust_a6d220ce67,State Bank of India,savings,43940.84,,,
acct_875cdb1d0a,cust_4ef967e592,Bank of Baroda,savings,6057.97,,,
acct_ca797a376b,cust_182898771f,Punjab National Bank,savings,49617.4,,,
acct_c86331eb90,cust_3acb9d9c55,Bank of Baroda,savings,42027.33,,,
acct_71fad9a95b,cust_1adce678ac,State Bank of India,savings,46921.25,,,
acct_9f90bb58d3,cust_589fa400f7,Punjab National Bank,savings,36495.21,,,
acct_814e1d07bd,cust_2fedde7dbc,ICICI Bank,savings,36133.23,,,
acct_5b7e298c8e,cust_4da3f59f1c,ICICI Bank,savings,47031.74,,,
acct_4939228575,cust_25f050e141,Axis Bank,savings,17019.98,,,
acct_1426cf5853,cust_996bb2eda8,Axis Bank,savings,33986.69,,,
acct_558ba13577,cust_332db770be,HDFC Bank,savings,8937.82,,,
acct_253e7edca1,cust_6addcdf84f,HDFC Bank,savings,14155.4,,,
acct_35ba74a1ab,cust_fdb4133fd4,ICICI Bank,savings,26711.66,,,
acct_872a0bfb8d,cust_6f70fb1312,ICICI Bank,savings,44245.98,,,
acct_9c201f7710,cust_3ea6d292af,Bank of Baroda,savings,9214.4,,,
acct_c0307e6296,cust_bb38fd37c0,ICICI Bank,savings,4078.72,,,
acct_a19977f29d,cust_ac3047704e,Punjab National Bank,savings,43659.31,,,
acct_ac7351ef4b,cust_3fb45ea8c7,Axis Bank,savings,31218.46,,,
acct_f9032a7e0d,cust_a41787c374,Bank of Baroda,savings,13412.68,,,
acct_20d96f7d51,cust_4d41906f61,Bank of Baroda,savings,32348.31,,,
acct_fb0e40836e,cust_7c8fba050e,Bank of Baroda,savings,2527.25,,,
acct_590ebaca71,cust_eb580be70e,Axis Bank,savings,21537.38,,,
acct_f06397ff40,cust_05caabb2f6,State Bank of India,savings,10120.58,,,
acct_86d3090251,cust_0a70effd11,State Bank of India,savings,23605.7,,,
acct_4d1dd1631d,cust_e316e1256d,Bank of Baroda,savings,37062.55,,,
acct_aab70d2db2,cust_790771efb1,Punjab National Bank,savings,44135.92,,,
acct_56ac641bb8,cust_d181ea8dcc,ICICI Bank,savings,10671.16,,,
acct_6207ba42bb,cust_bae70dcd40,State Bank of India,savings,28534.78,,,
acct_d02d59a4e0,cust_0d3240f958,Axis Bank,savings,45924.34,,,
acct_18b3282d6c,cust_a3c3a68097,HDFC Bank,savings,25767.75,,,
acct_a404e9af6d,cust_28d7c87232,Bank of Baroda,savings,30380.38,,,
acct_539504917c,cust_8ceb849923,State Bank of India,savings,14554.86,,,
acct_715523657b,cust_99c31baedf,Punjab National Bank,savings,22853.79,,,
acct_a01b00b085,cust_69530333bb,Punjab National Bank,savings,11719.64,,,
acct_ddeff597a2,cust_bc09442632,HDFC Bank,savings,25982.55,,,
acct_7d93cdd482,cust_d65120757b,Punjab National Bank,savings,10409.2,,,
acct_181aaa7cb4,cust_e14790ca57,ICICI Bank,savings,22328.65,,,
acct_c1a7e76833,cust_f269d8fee6,State Bank of India,savings,25170.8,,,
acct_bb4275f29e,cust_940529611e,ICICI Bank,savings,26618.56,,,
acct_6a7e73a572,cust_8f5753b3c1,Bank of Baroda,savings,28957.56,,,
acct_ebe9081f0f,cust_d93170ac40,Punjab National Bank,savings,49405.5,,,
acct_a7363cc0a0,cust_e56c6c9922,HDFC Bank,savings,39991.24,,,
acct_a11a5af658,cust_dfa7c32d0f,Punjab National Bank,savings,25594.63,,,
acct_20dffd5e4e,cust_19a1fc57e3,State Bank of India,savings,22605.94,,,
acct_f413651b0f,cust_337b990bb9,ICICI Bank,savings,33314.89,,,
acct_6bd3ebddcc,cust_e7cce7aa44,State Bank of India,savings,30368.75,,,
acct_87c3b3db87,cust_3dc0f91a3c,Axis Bank,savings,22666.54,,,
acct_7a6c5c4f36,cust_3069e98fcb,HDFC Bank,savings,18943.73,,,
acct_ee7aa5c3ac,cust_a4728da276,ICICI Bank,savings,42625.75,,,
acct_aa4a71db36,cust_e6a3cd53ea,HDFC Bank,savings,24969.94,,,
acct_72160d15d9,cust_0a541adb7c,State Bank of India,savings,33676.92,,,
acct_ab85a5bfbc,cust_ef34244891,Punjab National Bank,savings,19675.31,,,
acct_ac8695de0a,cust_33ae801ccf,State Bank of India,savings,7357.77,,,
acct_696fca7854,cust_2c6c02c84d,State Bank of India,savings,47922.14,,,
acct_a6faff2248,cust_074b8230ad,HDFC Bank,savings,48075.95,,,
acct_1dfc3385d4,cust_d9f958c3a6,Bank of Baroda,savings,31430.9,,,
acct_074576260f,cust_f425eff27a,ICICI Bank,savings,41382.54,,,
acct_f64416c974,cust_162686dbf4,Punjab National Bank,savings,10113.28,,,
acct_f4e2553d51,cust_ab7b5c11d1,Axis Bank,savings,12432.73,,,
acct_e9b3b641a8,cust_bf7f97e282,Axis Bank,savings,38565.38,,,
acct_97162a97cb,cust_25dc5a9539,State Bank of India,savings,8857.15,,,
acct_45d181f9ba,cust_7e58b804ed,State Bank of India,savings,25114.35,,,
acct_9c62380872,cust_311feb71d0,Bank of Baroda,savings,21405.37,,,
acct_0ca2bbbaae,cust_238abe31c3,State Bank of India,savings,41541.2,,,
acct_98ea3d319a,cust_3b85ea71fe,HDFC Bank,savings,20810.48,,,
acct_2258beb5fe,cust_fadf6b8d44,Bank of Baroda,savings,11072.37,,,
acct_ddac71e493,cust_e98c68c6ed,ICICI Bank,savings,14981.5,,,
acct_0d65081d85,cust_fd3e1c0161,State Bank of India,savings,19656.01,,,
acct_3d7333941f,cust_9db2d1f5ea,Bank of Baroda,savings,31397.12,,,
acct_f5493b36bc,cust_9fe3c5feca,Punjab National Bank,savings,13408.02,,,
acct_15a815ada1,cust_5ba9014655,HDFC Bank,savings,43137.83,,,
acct_0454d137c8,cust_9c67eacbfe,Punjab National Bank,savings,5629.22,,,
acct_5b0d0bf528,cust_3a090394ab,Axis Bank,savings,2003.48,,,
acct_1c11ff7bfc,cust_757217c3f4,Axis Bank,savings,45001.57,,,
acct_72095aef8b,cust_b38d40af7b,Axis Bank,savings,29794.17,,,
acct_0564f7b8c6,cust_5f740ff18c,Axis Bank,savings,46113.83,,,
acct_15e0f65f72,cust_1dfef8e179,Axis Bank,savings,12102.16,,,
acct_edb06a44aa,cust_ced30da30c,Axis Bank,savings,45508.3,,,
acct_bca84a911b,cust_7acc8ddd2e,HDFC Bank,savings,18251.45,,,
acct_7b2d75097a,cust_6c0b91fe62,State Bank of India,savings,25963.71,,,
acct_b2142c056d,cust_39927b7336,Punjab National Bank,savings,2742.42,,,
acct_ef83e56784,cust_35aa91300b,Axis Bank,savings,19790.42,,,
acct_9e6eb4eed4,cust_2aeb8edb6d,ICICI Bank,savings,26173.58,,,
acct_34b23d5225,cust_fa892d4d21,ICICI Bank,savings,23141.32,,,
acct_1bb78a5627,cust_fa0646495f,Bank of Baroda,savings,37208.6,,,
acct_4997eadc3f,cust_e6c4285405,Bank of Baroda,savings,35154.13,,,
acct_3eb1d58c4e,cust_7c351a7e64,Punjab National Bank,savings,3965.03,,,
acct_5e93712393,cust_1bb9691a12,Axis Bank,savings,30511.19,,,
acct_f12ba14e82,cust_5d78ea7de2,Axis Bank,savings,28964.43,,,
acct_2f684b89b6,cust_86b7aefeec,Bank of Baroda,savings,17075.8,,,
acct_85f8c1f693,cust_2ee543aa92,Punjab National Bank,savings,14750.87,,,
acct_2770ccf568,cust_75a492fb63,Bank of Baroda,savings,8600.45,,,
acct_628669f4bc,cust_5d6429a04b,HDFC Bank,savings,49584.0,,,
acct_e55d6506ff,cust_6743ff0e4a,HDFC Bank,savings,32427.85,,,
acct_f0789ca932,cust_5900b7a542,Punjab National Bank,savings,6012.83,,,
acct_d2c57d580a,cust_2a20fff210,ICICI Bank,savings,19872.74,,,
acct_1ea4858cec,cust_7da897c689,State Bank of India,savings,45294.01,,,
acct_59338d4955,cust_1b98298521,State Bank of India,savings,31606.45,,,
acct_4d55d8976d,cust_9b054f741f,HDFC Bank,savings,8408.63,,,
acct_434ea3ef7b,cust_8cbaba682f,State Bank of India,savings,38569.32,,,
acct_511b957841,cust_ed2d83ea76,HDFC Bank,savings,39161.58,,,
acct_47f844594f,cust_0b7aad7638,Axis Bank,savings,26926.87,,,
acct_281f37e469,cust_9c2ac81621,Axis Bank,savings,37164.06,,,
acct_4e7364fe5e,cust_c311a1d4f0,HDFC Bank,savings,4872.54,,,
acct_f7d6db82b1,cust_1276c0356f,Axis Bank,savings,31915.17,,,
acct_45bc191a3d,cust_a799dfc883,Bank of Baroda,savings,15670.53,,,
acct_f873284e59,cust_0c181c97be,HDFC Bank,savings,38088.58,,,
acct_401e235a37,cust_924dfb325e,HDFC Bank,savings,24283.12,,,
acct_b56a679150,cust_36d21e8483,ICICI Bank,savings,42876.2,,,
acct_9d9a21760e,cust_cc94c396f4,Punjab National Bank,savings,41700.45,,,
acct_b9783fc08a,cust_0f6489c388,ICICI Bank,savings,37746.05,,,
acct_b9d103a42c,cust_61ce5727eb,HDFC Bank,savings,12120.11,,,
acct_a0c6f3d4fc,cust_1f5eaa89e8,State Bank of India,savings,14531.01,,,
acct_f99bb46b2e,cust_9ecef6e5b0,State Bank of India,savings,6103.5,,,
acct_220d7f987a,cust_9e396c3491,ICICI Bank,savings,4271.87,,,
acct_ef44b2bcb9,cust_b3dfd56f83,Punjab National Bank,savings,25680.84,,,
acct_b8715bd611,cust_b66513ce86,Axis Bank,savings,39569.01,,,
acct_6dcfb5b1ad,cust_abde0c9bc5,ICICI Bank,savings,45517.92,,,
acct_aeb72a5623,cust_815895d76a,Punjab National Bank,savings,35444.12,,,
acct_a73ee46313,cust_cca9920516,Punjab National Bank,savings,48311.43,,,
acct_841e35f9a0,cust_f94aed6538,Punjab National Bank,savings,18347.8,,,
acct_3956dcd6d4,cust_3d7af9a392,HDFC Bank,savings,26512.92,,,
acct_e44b0c808c,cust_881ef96a28,HDFC Bank,savings,12747.8,,,
acct_08c848d048,cust_8261f48e71,Bank of Baroda,savings,38685.93,,,
acct_25b4ce1069,cust_8ab22b432d,HDFC Bank,savings,49906.32,,,
acct_44c1f3cafd,cust_772eef9b3b,ICICI Bank,savings,3490.0,,,
acct_ac5b6cf628,cust_d0af22e427,Bank of Baroda,savings,23111.26,,,
acct_9fe0e9c919,cust_f6264bdd5b,ICICI Bank,savings,23548.86,,,
acct_9809876462,cust_85dfd337f6,Bank of Baroda,savings,40230.44,,,
acct_cbf5ed9659,cust_444401d98d,Bank of Baroda,savings,4698.14,,,
acct_d2f2bc5851,cust_5d5a2c5a53,Bank of Baroda,savings,20590.1,,,
acct_2cef160180,cust_55cb881ea5,HDFC Bank,savings,47826.97,,,
acct_9722a2501a,cust_7b82d0b007,HDFC Bank,savings,45652.59,,,
acct_34c8c93d72,cust_5b2b9b7972,Axis Bank,savings,3005.14,,,
acct_2b91e2687f,cust_ae8c34c32e,Bank of Baroda,savings,16582.59,,,
acct_3d85fdca35,cust_190f9c0e68,Punjab National Bank,savings,29720.51,,,
acct_80de999792,cust_da2fb866c1,Bank of Baroda,savings,35231.74,,,
acct_70ba29201a,cust_8312d85850,ICICI Bank,savings,20416.9,,,
acct_b22608d42c,cust_3e29633ccc,State Bank of India,savings,7028.01,,,
acct_7e8b8c5a13,cust_965494a3d5,Axis Bank,savings,36782.7,,,
acct_20ca8b7ce7,cust_2e30906aab,Axis Bank,savings,9586.56,,,
acct_b467b8745e,cust_e42c9555ea,Bank of Baroda,savings,22851.59,,,
acct_85992c7998,cust_cf7fc062d9,State Bank of India,savings,19268.57,,,
acct_be77fc1d2c,cust_c5edeb5505,ICICI Bank,savings,33304.75,,,
acct_6b641598f3,cust_6ec0abdc97,HDFC Bank,savings,46411.29,,,
acct_d551ce7116,cust_ce6daaebc9,HDFC Bank,savings,32851.0,,,
acct_db93835d71,cust_74896a6c29,Punjab National Bank,savings,2824.77,,,
acct_46a59441b1,cust_30e39e4d30,State Bank of India,savings,34815.62,,,
acct_55d33f68cd,cust_90864d338e,Punjab National Bank,savings,12010.07,,,
acct_796edff08f,cust_c3efe60524,HDFC Bank,savings,44890.19,,,
acct_35e9038845,cust_1432f0865c,Axis Bank,savings,41370.36,,,
acct_9c0e6f6122,cust_0ed2512f2f,State Bank of India,savings,25426.73,,,
acct_93cc1cfda7,cust_922ec20a15,State Bank of India,savings,49235.19,,,
acct_c4b7404f2a,cust_f91db92ccb,Punjab National Bank,savings,10481.75,,,
acct_c2a0c334b8,cust_1ee0e1f029,State Bank of India,savings,24549.63,,,
acct_a094e24469,cust_8a1e973710,Bank of Baroda,savings,28542.68,,,
acct_1fb43c335d,cust_2ff8c16cc0,HDFC Bank,savings,32232.56,,,
acct_c5ed8dbe2a,cust_d4e7d03515,Axis Bank,savings,42750.89,,,
acct_a4682f8bd2,cust_1f4fbece0f,Bank of Baroda,savings,15212.25,,,
acct_383350046e,cust_97caf99e3f,HDFC Bank,savings,16484.32,,,
acct_deb3847dc6,cust_0b0003b6fb,State Bank of India,savings,23579.85,,,
acct_cb964c318c,cust_8f90c18c00,Axis Bank,savings,46733.46,,,
acct_7c7a69af34,cust_b3fb782db8,Bank of Baroda,savings,12261.65,,,
acct_136875da34,cust_4846450996,Punjab National Bank,savings,7881.03,,,
acct_0eebe84e6d,cust_e71123c7ea,Axis Bank,savings,11561.07,,,
acct_e8340e0af3,cust_ab770ea6d5,Bank of Baroda,savings,10565.01,,,
acct_3be4ff829d,cust_b6f2667e91,ICICI Bank,savings,2449.07,,,
acct_668f82358c,cust_44c21c16a9,HDFC Bank,savings,4162.67,,,
acct_f85949a616,cust_2f561828b4,Punjab National Bank,savings,28635.78,,,
acct_1af1d02b67,cust_281adb2f58,State Bank of India,savings,34494.84,,,
acct_8c70a52312,cust_ba17c6486f,HDFC Bank,savings,39398.61,,,
acct_0926e1aa5c,cust_92a06139ec,State Bank of India,savings,11760.87,,,
acct_97cc719c73,cust_a391f02c0b,Bank of Baroda,savings,6423.69,,,
acct_830352d3d7,cust_ba44b74619,ICICI Bank,savings,11004.5,,,
acct_e5ff6795b2,cust_974e6327e5,State Bank of India,savings,22502.84,,,
acct_b6743fea7e,cust_01f2b0b917,HDFC Bank,savings,34138.62,,,
acct_997281b433,cust_088699db59,ICICI Bank,savings,14955.83,,,
acct_5e85afffaf,cust_8609706c1f,ICICI Bank,savings,7182.77,,,
acct_64c1b7bde8,cust_c9447f64f1,Bank of Baroda,savings,7684.95,,,
acct_b6436b8f6c,cust_d344fd83ba,HDFC Bank,savings,13787.75,,,
acct_05a4d5cda8,cust_641fd8677f,ICICI Bank,savings,7541.33,,,
acct_ef4ce79cf7,cust_ff73cb734c,HDFC Bank,savings,7863.89,,,
acct_3b4de0ef9d,cust_7ac3f8f278,HDFC Bank,savings,7904.33,,,
acct_22e4b35619,cust_f2dbd2e70d,ICICI Bank,savings,9105.87,,,
acct_1d7a8a2ba1,cust_08132a2373,ICICI Bank,savings,32638.97,,,
acct_1b3e4956e7,cust_e62c5f1463,Bank of Baroda,savings,38492.66,,,
acct_17ef3a38ca,cust_968cfa6b80,HDFC Bank,savings,44632.47,,,
acct_9194e45688,cust_9417ac6ec5,Punjab National Bank,savings,33674.74,,,
acct_f39aa76e06,cust_c79995e003,Bank of Baroda,savings,18574.33,,,
acct_208790b957,cust_c8e7934417,HDFC Bank,savings,14291.7,,,
acct_dec90ac26d,cust_c490782eef,State Bank of India,savings,15625.18,,,
acct_50f94afd98,cust_a9de7ee1c4,Axis Bank,savings,15564.91,,,
acct_6ba2226b36,cust_535e803dea,HDFC Bank,savings,12039.86,,,
acct_e04fcaeb86,cust_40398bd4fb,Axis Bank,savings,21739.45,,,
acct_fb504ec2f7,cust_baddcdf19b,State Bank of India,savings,36777.64,,,
acct_2577485d40,cust_97a39fdff7,Punjab National Bank,savings,36364.41,,,
acct_d2ebda50e5,cust_451f714eee,State Bank of India,savings,20947.95,,,
acct_bd6d27e778,cust_2a0af43108,HDFC Bank,savings,20824.94,,,
acct_40ccac9b66,cust_4ffc1864a3,Punjab National Bank,savings,32247.32,,,
acct_9192943fed,cust_2b28dc1186,State Bank of India,savings,46135.05,,,
acct_bf63e476fe,cust_d74deaeb3e,Punjab National Bank,savings,26744.89,,,
acct_0a15a7029c,cust_17db17ee80,HDFC Bank,savings,49553.69,,,
acct_e09298fec6,cust_b117348bac,State Bank of India,savings,37606.67,,,
acct_9c3c40d5be,cust_fc9180c282,ICICI Bank,savings,26766.56,,,
acct_c81ebb17bc,cust_b64a64e1a3,ICICI Bank,savings,27408.08,,,
acct_cfa3151b90,cust_b337e68c65,Axis Bank,savings,14161.17,,,
acct_69d7695296,cust_7fbaaff840,Axis Bank,savings,22835.53,,,
acct_b593d6f0dc,cust_f3e2690780,HDFC Bank,savings,44534.82,,,
acct_bc14c4ee4a,cust_2e4179a29d,State Bank of India,savings,22964.05,,,
acct_6b10d812ae,cust_ee4aa06156,Punjab National Bank,savings,30369.72,,,
acct_4790e78308,cust_3ee68bfc51,HDFC Bank,savings,47574.7,,,
acct_89cc280be8,cust_37256970af,Bank of Baroda,savings,46575.74,,,
acct_c40c7ff6f1,cust_ceb53d277d,Axis Bank,savings,10361.76,,,
acct_b3f11ea97c,cust_3e491ef2f2,HDFC Bank,savings,33088.04,,,
acct_d4669299bd,cust_0b045c7f26,Bank of Baroda,savings,17333.14,,,
acct_9856492a24,cust_f80eefe475,ICICI Bank,savings,28175.24,,,
acct_d48b4ad63c,cust_7a592a94f0,Bank of Baroda,savings,25914.23,,,
acct_f5f2247231,cust_fa100b4039,Axis Bank,savings,39416.03,,,
acct_a5e7dd5160,cust_d0ffe1dd8b,State Bank of India,savings,49746.52,,,
acct_c2da504983,cust_6a5b2c1b02,State Bank of India,savings,45817.67,,,
acct_c363c00baf,cust_020b55323b,Axis Bank,savings,4620.15,,,
acct_b053c61bf1,cust_1c7db22b5c,ICICI Bank,savings,30064.23,,,
acct_41c5eb643f,cust_ff6e9f4a0e,Bank of Baroda,savings,5630.03,,,
acct_0c18feacb4,cust_19f4137b31,HDFC Bank,savings,10348.79,,,
acct_d5b981dfe4,cust_fad216570f,HDFC Bank,savings,45181.34,,,
acct_2038bde3ba,cust_70681cfe29,Punjab National Bank,savings,20065.63,,,
acct_92dbd7dd19,cust_f2a6188d9f,HDFC Bank,savings,21792.19,,,
acct_87920cc78f,cust_d4d5e76767,State Bank of India,savings,4220.67,,,
acct_cc19ba3357,cust_d4acdb353d,Punjab National Bank,savings,40086.69,,,
acct_486e6918a7,cust_82fbad5732,State Bank of India,savings,14839.13,,,
acct_d7aa0bdbb3,cust_55a3d5f39e,HDFC Bank,savings,28827.42,,,
acct_1b5122e93b,cust_f87fa081df,Axis Bank,savings,26367.28,,,
acct_8cd125c528,cust_38e9a28ff4,Punjab National Bank,savings,31886.2,,,
acct_d9cce63d7e,cust_c84335cb62,Punjab National Bank,savings,22297.81,,,
acct_0d886ba7a7,cust_e8782065d0,HDFC Bank,savings,37463.98,,,
acct_a351193ecb,cust_51cae9537f,Axis Bank,savings,27644.64,,,
acct_3007441376,cust_bf205f632d,ICICI Bank,savings,21027.61,,,
acct_f048ea9ef9,cust_366f366408,Bank of Baroda,savings,14125.29,,,
acct_4837883a94,cust_9f828adf67,State Bank of India,savings,20731.12,,,
acct_917471966f,cust_0e0c54ae31,State Bank of India,savings,20922.74,,,
acct_d675303a3c,cust_4544fca8f0,Punjab National Bank,savings,33410.04,,,
acct_35ccda6482,cust_a907323067,Axis Bank,savings,33304.97,,,
acct_e1ef1945a0,cust_b5e7aebe46,Bank of Baroda,savings,45081.2,,,
acct_9e523e933a,cust_950715e95b,State Bank of India,savings,13959.58,,,
acct_1cec8d1fce,cust_c86844f8d5,Punjab National Bank,savings,19635.79,,,
acct_3e85ba21cf,cust_a05e66968f,ICICI Bank,savings,8468.4,,,
acct_bd8fe70831,cust_122e48419c,HDFC Bank,savings,24861.57,,,
acct_009682dfe6,cust_341a19c53d,HDFC Bank,savings,43882.97,,,
acct_d00dbc55cc,cust_03f7760ba3,ICICI Bank,savings,20527.84,,,
acct_69c34335eb,cust_1bb8e2666d,Axis Bank,savings,30802.13,,,
acct_fd3bdbd52b,cust_1d7ac26141,HDFC Bank,savings,49698.32,,,
acct_e0845b860a,cust_15313c7620,ICICI Bank,savings,10523.91,,,
acct_9d6ea412ee,cust_ebe7d98a5a,Bank of Baroda,savings,23228.19,,,
acct_2b1c6f1fd0,cust_179c8cfddd,HDFC Bank,savings,22860.67,,,
acct_b1d9d2a85f,cust_81ff9905aa,Axis Bank,savings,27955.1,,,
acct_8d1ef8b7cf,cust_87f644ac20,Axis Bank,savings,44110.33,,,
acct_25a05dc915,cust_dbce88dabc,Bank of Baroda,savings,11709.91,,,
acct_b3d2a0875e,cust_31ee63ae76,State Bank of India,savings,35370.13,,,
acct_27269243a8,cust_5f795be082,Punjab National Bank,savings,12746.23,,,
acct_db09aeb4b0,cust_c046b01c2a,Axis Bank,savings,25960.78,,,
acct_0eb332ba99,cust_0b46c80cdf,HDFC Bank,savings,40874.83,,,
acct_57796e58d3,cust_48872455f8,State Bank of India,savings,26564.38,,,
acct_2fa472ebcd,cust_36002472b6,State Bank of India,savings,14033.11,,,
acct_97e46e35ae,cust_16b46ba105,Bank of Baroda,savings,36111.53,,,
acct_380f9e74e9,cust_314710cecf,State Bank of India,savings,16928.0,,,
acct_8453a7c5da,cust_8005bf02c7,State Bank of India,savings,12477.17,,,
acct_b5abf9e74b,cust_212ee96401,Axis Bank,savings,41279.94,,,
acct_69a9738185,cust_3d527f8894,Punjab National Bank,savings,23852.41,,,
acct_3bfa10ad0f,cust_5d93318cc1,ICICI Bank,savings,2004.83,,,
acct_3aa5a36edb,cust_28478eda46,State Bank of India,savings,15982.67,,,
acct_a5162ee81e,cust_83e8be46f3,ICICI Bank,savings,18453.75,,,
acct_9021e5663e,cust_837c4f4824,ICICI Bank,savings,41476.27,,,
acct_c19beb20e5,cust_2d179913e5,HDFC Bank,savings,18064.88,,,
acct_030683955b,cust_180563d955,Axis Bank,savings,30564.04,,,
acct_b19efb941a,cust_db28456f03,Axis Bank,savings,19020.88,,,
acct_890fbe9335,cust_e2398c78ac,State Bank of India,savings,9458.63,,,
acct_6db5b55b04,cust_e5910723e9,Axis Bank,savings,20337.52,,,
acct_f1ed5a780f,cust_a6f54e17b5,State Bank of India,savings,46698.74,,,
acct_274dbd8549,cust_41060443a9,State Bank of India,savings,26897.97,,,
acct_a876110e7c,cust_9209f6aeda,HDFC Bank,savings,41456.92,,,
acct_0078a24708,cust_d2d609a9b0,Axis Bank,savings,17021.41,,,
acct_c2a59ac299,cust_bda19a0284,Punjab National Bank,savings,38281.13,,,
acct_4cf3125832,cust_09404efd45,HDFC Bank,savings,6141.38,,,
acct_5608d116b3,cust_601c6183af,Bank of Baroda,savings,12782.0,,,
acct_bea7844c88,cust_1e0f4f1140,State Bank of India,savings,23453.67,,,
acct_5b429c89cf,cust_088b8dbc98,Bank of Baroda,savings,41635.0,,,
acct_ae0811ea08,cust_f5034fe05b,Punjab National Bank,savings,8059.6,,,
acct_571f5eb535,cust_28bf85d3a6,State Bank of India,savings,13038.12,,,
acct_edaa1c7b57,cust_43be5d96e5,Axis Bank,savings,32220.47,,,
acct_0e2e532686,cust_e63dcfad16,ICICI Bank,savings,34243.52,,,
acct_5d27d6f46d,cust_dc8d5c0aa5,Axis Bank,savings,31842.44,,,
acct_cbdf9a86c1,cust_95251c25b3,State Bank of India,savings,37413.4,,,
acct_7e3acfb4da,cust_8e1d1bf0b1,ICICI Bank,savings,31583.84,,,
acct_8c5a67cece,cust_fcda079c7c,Bank of Baroda,savings,46835.6,,,
acct_ce03eab28c,cust_43eb11899d,Axis Bank,savings,8776.58,,,
acct_65e037b95f,cust_7382eedb43,ICICI Bank,savings,34611.89,,,
acct_6e8b01a5b2,cust_d254cd3786,Axis Bank,savings,9034.65,,,
acct_29d08d305f,cust_6a214701fd,HDFC Bank,savings,45655.08,,,
acct_1e58ed6c04,cust_69cb592f54,Axis Bank,savings,20969.45,,,
acct_3ce05c487c,cust_3e42094fb5,Axis Bank,savings,42298.11,,,
acct_2b92d098f1,cust_793a5561c9,Axis Bank,savings,9219.03,,,
acct_9948334de3,cust_9fddf8aa94,Bank of Baroda,savings,23009.85,,,
acct_8929b37ccb,cust_01eedebb28,HDFC Bank,savings,35238.7,,,
acct_6820b1455b,cust_c311802d23,HDFC Bank,savings,22573.91,,,
acct_ba0c991792,cust_dddd411339,Bank of Baroda,savings,33831.58,,,
acct_c9da085fed,cust_73f4a7b3f5,Axis Bank,savings,10648.02,,,
acct_c0a43b9fd5,cust_bd7753e42e,ICICI Bank,savings,15709.96,,,
acct_fd0e044b65,cust_375849d3dc,Bank of Baroda,savings,15830.07,,,
acct_88124db21b,cust_ece633d540,Bank of Baroda,savings,39303.77,,,
acct_2088081cdb,cust_495e8a2336,State Bank of India,savings,42433.89,,,
acct_04d791a655,cust_925b1b7b15,Bank of Baroda,savings,23875.6,,,
acct_6afa85ae17,cust_96f2c15149,ICICI Bank,savings,39591.36,,,
acct_b5845e0bce,cust_3322f016da,Bank of Baroda,savings,49843.53,,,
acct_75f9d95710,cust_c145acad42,State Bank of India,savings,14336.78,,,
acct_0327f983a2,cust_c5fd78e2b0,ICICI Bank,savings,6917.35,,,
acct_78a28169ca,cust_5bba367b9b,State Bank of India,savings,44385.53,,,
acct_6e4ec35d0d,cust_f6e3bed989,Bank of Baroda,savings,12538.74,,,
acct_3dc28f5b1a,cust_c7febc7088,Punjab National Bank,savings,46995.08,,,
acct_243d5dcaa7,cust_4b712cd9de,Punjab National Bank,savings,24833.59,,,
acct_5c1a16c37d,cust_9da97db34e,Bank of Baroda,savings,27548.43,,,
acct_ab1a47d368,cust_1fa3d35f8a,Axis Bank,savings,5711.1,,,
acct_3811332fa6,cust_75468cd32b,Punjab National Bank,savings,32333.41,,,
acct_2d384b8555,cust_27e2a6f7cb,Punjab National Bank,savings,6637.62,,,
acct_c1ab4d2c6f,cust_9d0a96e625,ICICI Bank,savings,44268.0,,,
acct_2a959d13ed,cust_59d5bcb2bb,Punjab National Bank,savings,11740.78,,,
acct_8293cacf3d,cust_1c250f4ae6,ICICI Bank,savings,28015.78,,,
acct_bb198207a1,cust_972875f934,Axis Bank,savings,27290.79,,,
acct_7d03930b36,cust_7011d97e10,Bank of Baroda,savings,32253.8,,,
acct_155d36b125,cust_0abfe73dce,State Bank of India,savings,2414.07,,,
acct_b13a82ba36,cust_3c0015d9cf,Punjab National Bank,savings,17169.02,,,
acct_7ec53e1812,cust_ec0eea4f6f,Axis Bank,savings,18660.52,,,
acct_05474e96ff,cust_6ea60625b7,State Bank of India,savings,13149.74,,,
acct_cf73245298,cust_78bbde4f11,HDFC Bank,savings,19918.2,,,
acct_838a57699e,cust_6ce69e8c7c,Punjab National Bank,savings,28768.56,,,
acct_f65ad224d9,cust_3eee03e5fc,HDFC Bank,savings,37854.38,,,
acct_9d0cd3064d,cust_032900d68a,Bank of Baroda,savings,10487.66,,,
acct_c6746b5d70,cust_8333a5e7db,Bank of Baroda,savings,15659.17,,,
acct_63644f8343,cust_7dc2f26a2d,HDFC Bank,savings,7916.45,,,
acct_d97b588dd2,cust_96c719c405,HDFC Bank,savings,30364.44,,,
acct_71877385a4,cust_c5a45ecb1b,Axis Bank,savings,3409.3,,,
acct_79c842089f,cust_4de8686771,Bank of Baroda,savings,18895.79,,,
acct_e0c5d37c59,cust_b3a5aae414,Punjab National Bank,savings,28005.81,,,
acct_a51e1ff51d,cust_ea2f8354b2,HDFC Bank,savings,30208.3,,,
acct_86621208e5,cust_0898947961,HDFC Bank,savings,13133.08,,,
acct_abd14e947a,cust_c1d0604ef3,Axis Bank,savings,31789.12,,,
acct_3afd8bac0c,cust_ecf512b062,ICICI Bank,savings,2621.4,,,
acct_72dcfe41a1,cust_42aefd9a18,Axis Bank,savings,25679.49,,,
acct_ac3e92e0ff,cust_52bcd785fd,State Bank of India,savings,33832.82,,,
acct_fc2ed14a44,cust_d40d20ebb0,Punjab National Bank,savings,42989.16,,,
acct_49138ece66,cust_73e9bbcd84,State Bank of India,savings,5644.08,,,
acct_6317235fb0,cust_89e69678e1,Punjab National Bank,savings,37277.63,,,
acct_0cdfabe121,cust_8fc866a143,ICICI Bank,savings,23883.75,,,
acct_c4b998fcc4,cust_2295dc3a69,State Bank of India,savings,27129.76,,,
acct_c668a9c045,cust_2a356b0534,Bank of Baroda,savings,32870.72,,,
acct_1f87744415,cust_def486c968,Bank of Baroda,savings,32159.31,,,
acct_5cfc86cb33,cust_a6b5632f2b,Bank of Baroda,savings,33604.51,,,
acct_58c2d4b097,cust_8a417608fb,Axis Bank,savings,42385.47,,,
acct_5c29208a4d,cust_428c7bd8f4,ICICI Bank,savings,32986.41,,,
acct_35a2471cb0,cust_507a4b9be2,ICICI Bank,savings,6319.96,,,
acct_52eff8740f,cust_61566ac867,ICICI Bank,savings,34813.94,,,
acct_e6d95d7d2f,cust_1ff2df36bf,Punjab National Bank,savings,35071.93,,,
acct_4ab118cd8d,cust_236ff230c1,State Bank of India,savings,26391.12,,,
acct_6aed7b1552,cust_03d9dbbce0,HDFC Bank,savings,17389.77,,,
acct_4d064e3d23,cust_027737413f,HDFC Bank,savings,44860.91,,,
acct_c8f579b71c,cust_fb95e09942,Punjab National Bank,savings,2943.42,,,
acct_6099a6f472,cust_a032e180d8,HDFC Bank,savings,35002.29,,,
acct_bdf14d56ba,cust_beedf3190b,State Bank of India,savings,3855.27,,,
acct_1be7f19981,cust_b4b154c675,ICICI Bank,savings,16149.27,,,
acct_bc0d9c209c,cust_92ca459ff0,State Bank of India,savings,33605.48,,,
acct_5e6fdefd8e,cust_053dd564e4,HDFC Bank,savings,32049.86,,,
acct_e8276dc6da,cust_a68ace838c,Punjab National Bank,savings,29484.86,,,
acct_9d4f077aef,cust_3a86e6a698,HDFC Bank,savings,32042.22,,,
acct_f8b949c993,cust_ea431330c6,HDFC Bank,savings,33709.45,,,
acct_c57b7b733d,cust_4521268d07,Axis Bank,savings,2736.98,,,
acct_20687be175,cust_68a1271d91,ICICI Bank,savings,12165.56,,,
acct_593b07cb17,cust_870a7591af,ICICI Bank,savings,35111.68,,,
acct_bbc7b97391,cust_791f35e337,Axis Bank,savings,11087.28,,,
acct_ba8ed13678,cust_d76e8bcd6d,ICICI Bank,savings,17913.85,,,
acct_eba02d504d,cust_f0e35c5e98,Axis Bank,savings,20493.9,,,
acct_5f04d19f17,cust_32126a827e,Bank of Baroda,savings,46580.46,,,
acct_3bd4dfe746,cust_259e69682d,HDFC Bank,savings,17073.2,,,
acct_2775e3fcfa,cust_9f174743d8,State Bank of India,savings,34959.1,,,
acct_45801cc8b3,cust_5a6804c5f1,Bank of Baroda,savings,37750.52,,,
acct_14ea7a9c5f,cust_c37445c9f1,ICICI Bank,savings,30802.59,,,
acct_9ae3e85376,cust_e9c60b020b,Axis Bank,savings,22158.9,,,
acct_cab3199fc6,cust_8da688078e,ICICI Bank,savings,46878.36,,,
acct_73274cd1b2,cust_3403c3d076,HDFC Bank,savings,46694.93,,,
acct_f595147ca8,cust_5528ca4aa6,State Bank of India,savings,20555.64,,,
acct_1d393d5918,cust_ecb9fae71c,Bank of Baroda,savings,45864.73,,,
acct_31ef8483a4,cust_5f87df7643,State Bank of India,savings,2443.35,,,
acct_51a1fd218d,cust_8c3096a380,HDFC Bank,savings,48232.84,,,
acct_6dd9352b10,cust_acee9a0f24,Bank of Baroda,savings,39472.68,,,
acct_554d9bfd56,cust_c509c801ac,HDFC Bank,savings,5765.8,,,
acct_f67f3cad4f,cust_a7681e86e9,HDFC Bank,savings,30837.89,,,
acct_4d7e799b08,cust_c95b99d446,Axis Bank,savings,29932.05,,,
acct_08ac793aac,cust_5af14e6324,ICICI Bank,savings,47799.13,,,
acct_1d465b5cf1,cust_3eb804c7b2,HDFC Bank,savings,25681.31,,,
acct_725b347211,cust_8d42077ffa,State Bank of India,savings,21263.4,,,
acct_058ec7a650,cust_ed0d1eeded,Bank of Baroda,savings,18630.76,,,
acct_0accc7415b,cust_2dcf8b5abf,Axis Bank,savings,45544.68,,,
acct_a8fe761d4b,cust_ac49d870c0,Punjab National Bank,savings,43502.83,,,
acct_32219dcd9d,cust_861055548a,HDFC Bank,savings,16300.14,,,
acct_4cb60d1f24,cust_4907fea8fb,Punjab National Bank,savings,11912.29,,,
acct_ac6f5a70e2,cust_929b5af2d8,Punjab National Bank,savings,4632.15,,,
acct_4d0175cbfc,cust_29dacbbf70,HDFC Bank,savings,24394.83,,,
acct_468dd397bf,cust_727bfa8553,Punjab National Bank,savings,3526.77,,,
acct_f2126d4e01,cust_f606af5ddd,HDFC Bank,savings,18863.12,,,
acct_8c93e1dd4b,cust_3a49c0ffe2,Bank of Baroda,savings,6284.36,,,
acct_824d79eb93,cust_1916a40553,State Bank of India,savings,45134.21,,,
acct_43888339be,cust_d7a37991dc,ICICI Bank,savings,33522.4,,,
acct_e7cc934cdf,cust_50f33adb17,State Bank of India,savings,37660.09,,,
acct_7adb7fe4e1,cust_4229a9998a,Axis Bank,savings,45033.72,,,
acct_5971f46022,cust_9a5c5f4ab4,Punjab National Bank,savings,28692.9,,,
acct_a446051aad,cust_9424dc0a47,Bank of Baroda,savings,27442.23,,,
acct_e9000cf389,cust_4c488f31db,State Bank of India,savings,25868.64,,,
acct_f0de93832e,cust_fd0e014a91,Axis Bank,savings,26330.42,,,
acct_54a2f8e334,cust_81760b7ac0,Axis Bank,savings,4301.06,,,
acct_4c4a863b06,cust_236553fd53,Punjab National Bank,savings,23161.82,,,
acct_56f053c082,cust_aef9cf8499,Bank of Baroda,savings,47010.15,,,
acct_b5f4933d15,cust_18159ee167,Axis Bank,savings,21911.65,,,
acct_10fefcbaa5,cust_2025080a70,Punjab National Bank,savings,11864.16,,,
acct_a8f24dc4b8,cust_36d29b3f8c,Punjab National Bank,savings,19898.52,,,
acct_db5eb1d9f0,cust_a82e6d6027,Axis Bank,savings,39584.48,,,
acct_c749f56faa,cust_ea6a08fe97,Bank of Baroda,savings,32633.96,,,
acct_df05a82ee9,cust_39b2d264a7,Punjab National Bank,savings,32883.28,,,
acct_ed95fd0982,cust_8439a2c675,State Bank of India,savings,24555.86,,,
acct_eb22c9cf42,cust_af08c7362e,HDFC Bank,savings,47398.32,,,
acct_7effd7b6fa,cust_1e1f13f37a,Axis Bank,savings,27966.04,,,
acct_cbe200d952,cust_b15b7e0fbc,State Bank of India,savings,33099.42,,,
acct_b8bd8f64ea,cust_55186d742b,Punjab National Bank,savings,12806.84,,,
acct_171c579461,cust_54005e882c,Axis Bank,savings,39323.92,,,
acct_063d49cbfb,cust_566c7a18a3,Bank of Baroda,savings,46629.77,,,
acct_a22c5475d4,cust_2187d2921b,Punjab National Bank,savings,47196.02,,,
acct_ad9f2c367a,cust_c37ac2297e,Punjab National Bank,savings,49202.99,,,
acct_2c83d83191,cust_4fa3da098e,Punjab National Bank,savings,17980.11,,,
acct_be1ba0bbfe,cust_4a67e9f081,Bank of Baroda,savings,31086.76,,,
acct_0d8a5ff07d,cust_0b5944d727,State Bank of India,savings,12639.49,,,
acct_c59c4eb064,cust_056936ca36,Axis Bank,savings,42232.62,,,
acct_75a3072f67,cust_30c20d3038,Bank of Baroda,savings,23075.05,,,
acct_6d94200821,cust_4eab60d0b3,HDFC Bank,savings,26160.83,,,
acct_59eaf1c467,cust_17647e6fda,Bank of Baroda,savings,15049.11,,,
acct_17b68505db,cust_5a59cf7fe1,Axis Bank,savings,7232.94,,,
acct_bda1ba6cee,cust_b1479061cc,Axis Bank,savings,27711.66,,,
acct_fb565fe2eb,cust_3058022fe2,Bank of Baroda,savings,28985.75,,,
acct_487e42865d,cust_083f3f5768,Punjab National Bank,savings,19876.07,,,
acct_a1a91f52e4,cust_a96afd5a0e,Punjab National Bank,savings,8078.94,,,
acct_ef928ba618,cust_02eba9d2da,State Bank of India,savings,26420.32,,,
acct_b907c0453d,cust_69b2b19aba,HDFC Bank,savings,11477.9,,,
acct_8fb6d38908,cust_63a21ec0bf,HDFC Bank,savings,4725.16,,,
acct_889c85f669,cust_74b8b5e25f,HDFC Bank,savings,24450.02,,,
acct_fdc2d28453,cust_415a678517,HDFC Bank,savings,32357.84,,,
acct_e2aa99f77e,cust_f8d89c9987,HDFC Bank,savings,34561.06,,,
acct_f9cae82660,cust_29c4276195,HDFC Bank,savings,27510.65,,,
acct_497df4050b,cust_710d1e6804,Punjab National Bank,savings,12590.31,,,
acct_0ad781e2ca,cust_7448b9da97,State Bank of India,savings,5485.97,,,
acct_f44743ec11,cust_e6d4a9d792,ICICI Bank,savings,18221.64,,,
acct_c1ae20a58e,cust_98d2282580,Axis Bank,savings,25307.54,,,
acct_29729d508f,cust_c4c006ca90,Bank of Baroda,savings,6553.76,,,
acct_5351d29cf6,cust_9353b6a058,Axis Bank,savings,27706.63,,,
acct_13ee1c085a,cust_dcd1bee0e3,State Bank of India,savings,48977.95,,,
acct_28ce0ba62f,cust_cc7468f112,Punjab National Bank,savings,24681.24,,,
acct_a345ca1b87,cust_a42d52fb06,Punjab National Bank,savings,26919.59,,,
acct_7929735458,cust_b04b1c648d,Bank of Baroda,savings,19565.44,,,
acct_5c292e23a4,cust_c91f8e6c37,Punjab National Bank,savings,24367.22,,,
acct_ed12f689ff,cust_d20d264056,Punjab National Bank,savings,22301.56,,,
acct_5f7e5966e8,cust_5fb1eace7c,Axis Bank,savings,18469.14,,,
acct_0ffbef4148,cust_6290d9125a,Punjab National Bank,savings,15863.07,,,
acct_6daa0cbe34,cust_b2832712fa,State Bank of India,savings,10492.83,,,
acct_08fc967eda,cust_e08130bbfc,Axis Bank,savings,12887.85,,,
acct_4022d17625,cust_b0fd4e3d24,ICICI Bank,savings,6098.69,,,
acct_b3a90c115e,cust_8e6ed58ea7,Bank of Baroda,savings,2980.77,,,
acct_8d25300ce6,cust_ee11633b3b,Bank of Baroda,savings,5387.98,,,
acct_dace1b111e,cust_f29a226441,Punjab National Bank,savings,26315.21,,,
acct_8b793d8eff,cust_a86559d97b,Axis Bank,savings,14027.18,,,
acct_5e725fbdb1,cust_02cb13eaab,State Bank of India,savings,45011.77,,,
acct_00b1cfc8b8,cust_0966ca8073,ICICI Bank,savings,31601.96,,,
acct_fab5090658,cust_b2523facfa,HDFC Bank,savings,28738.93,,,
acct_c39d33d67a,cust_0a256a9c92,Axis Bank,savings,35602.52,,,
acct_afa5c7e53d,cust_650dbc744a,Punjab National Bank,savings,18278.3,,,
acct_1b3d247085,cust_d7a8c0f438,Punjab National Bank,savings,37882.02,,,
acct_b2c4fb9e53,cust_99bd868904,ICICI Bank,savings,27599.56,,,
acct_6f276ad1f7,cust_0a50db1caa,HDFC Bank,savings,18248.01,,,
acct_0e347fca2c,cust_16ca428609,Punjab National Bank,savings,45617.15,,,
acct_65a56a5b8a,cust_f5779feb01,HDFC Bank,savings,2484.44,,,
acct_d43e75a9d7,cust_46ba3acfb3,State Bank of India,savings,8326.34,,,
acct_8bfb28ae46,cust_ccf60612ea,State Bank of India,savings,49552.28,,,
acct_64541c9861,cust_36fc9e2e94,ICICI Bank,savings,38015.49,,,
acct_4d0b752834,cust_d3155d3b46,HDFC Bank,savings,48573.19,,,
acct_4123d768eb,cust_2646017692,Bank of Baroda,savings,18876.49,,,
acct_99b77f73c0,cust_131e2b4b9d,ICICI Bank,savings,16778.87,,,
acct_e07623066c,cust_344d2f2181,Axis Bank,savings,42563.9,,,
acct_b4415e00fc,cust_e390578987,Punjab National Bank,savings,5873.19,,,
acct_5d8f28e05f,cust_acf20a9ec3,Punjab National Bank,savings,11881.63,,,
acct_74af7a1f15,cust_33816e9b44,State Bank of India,savings,15166.33,,,
acct_36bb8eaccf,cust_f0b0dac86b,Bank of Baroda,savings,45679.23,,,
acct_e1508c3f77,cust_f8f9a0b957,Bank of Baroda,savings,6654.68,,,
acct_0e3df47bd2,cust_cfeb26981e,HDFC Bank,savings,38824.58,,,
acct_c3af164035,cust_49bb9fc81a,ICICI Bank,savings,33343.61,,,
acct_542b4258be,cust_fd5bcaae2d,HDFC Bank,savings,10063.33,,,
acct_8a72fd0946,cust_fa00cfbe30,State Bank of India,savings,6494.14,,,
acct_15bac1ed51,cust_a35227d660,ICICI Bank,savings,23849.7,,,
acct_065c70da24,cust_b3f8f7cfd0,ICICI Bank,savings,40791.98,,,
acct_5cb7608d13,cust_e284fc311e,HDFC Bank,savings,28561.58,,,
acct_331136cb2c,cust_8dc2090875,Punjab National Bank,savings,10341.93,,,
acct_98afa2f5c8,cust_bbe5e90112,Axis Bank,savings,13002.97,,,
acct_ef6dec8356,cust_5ca77a38b7,Axis Bank,savings,10221.38,,,
acct_3d2f2e31ce,cust_dcae16ce50,Punjab National Bank,savings,23164.37,,,
acct_dc37f3f727,cust_2d676c28cb,HDFC Bank,savings,17627.65,,,
acct_a8dc88bc60,cust_af66ae0972,Punjab National Bank,savings,11656.84,,,
acct_07c1308a5a,cust_93f029dc85,Axis Bank,savings,22422.29,,,
acct_00bcd3c472,cust_3e1322025e,Axis Bank,savings,6981.08,,,
acct_0a9c814920,cust_ad55c12f30,Bank of Baroda,savings,41340.39,,,
acct_69df0445f2,cust_1da2a5b7c2,Bank of Baroda,savings,3825.42,,,
acct_304a97b2ed,cust_4feb6de841,ICICI Bank,savings,4086.06,,,
acct_dd9d93a785,cust_235768bc71,ICICI Bank,savings,30091.1,,,
acct_472b6884ed,cust_25e051aa55,State Bank of India,savings,28075.66,,,
acct_d4ba080daf,cust_731bc12c9e,Punjab National Bank,savings,9782.45,,,
acct_a4f98aaf1a,cust_fda9087287,Punjab National Bank,savings,45167.42,,,
acct_a56262dbfb,cust_39c2264a32,State Bank of India,savings,43702.92,,,
acct_d719335787,cust_08b36dd07d,Bank of Baroda,savings,47876.02,,,
acct_2fd6d6a77d,cust_f7f22057e2,Axis Bank,savings,39052.93,,,
acct_9070d80489,cust_7344798111,Axis Bank,savings,13755.12,,,
acct_66af896941,cust_d3b283b8e5,ICICI Bank,savings,14514.25,,,
acct_e759d13fb2,cust_8eca935718,State Bank of India,savings,44879.78,,,
acct_f5507c5290,cust_a2cff24c52,ICICI Bank,savings,10333.58,,,
acct_28938943f2,cust_81acc432b3,ICICI Bank,savings,23929.92,,,
acct_20e9f4143b,cust_aeb57161f2,HDFC Bank,savings,18292.26,,,
acct_d1e40bda56,cust_9320dbdedf,Punjab National Bank,savings,18971.74,,,
acct_bbfaea5055,cust_cb9a7a13e5,State Bank of India,savings,21596.57,,,
acct_77153d85d9,cust_37043b2581,State Bank of India,savings,32981.24,,,
acct_3ff3c30625,cust_f8fff9056e,ICICI Bank,savings,44362.9,,,
acct_6cba79ec45,cust_d2d9ad9edb,State Bank of India,savings,44023.94,,,
acct_4a34116a1a,cust_dae6405762,Axis Bank,savings,28170.9,,,
acct_02f91bf8ab,cust_285f34e178,Bank of Baroda,savings,36761.04,,,
acct_37b4be325d,cust_aacbb39fb2,HDFC Bank,savings,29819.17,,,
acct_2237b80f38,cust_930ff0770b,HDFC Bank,savings,6885.74,,,
acct_cff639f248,cust_65c4da9038,State Bank of India,savings,27201.96,,,
acct_6ebcd36090,cust_6088b81a67,State Bank of India,savings,11689.74,,,
acct_4fc9910f11,cust_0534c2c660,ICICI Bank,savings,26797.56,,,
acct_ac4b08d099,cust_c0a7ac45d3,Axis Bank,savings,47301.84,,,
acct_c0da88d07f,cust_c5bc318c75,Bank of Baroda,savings,32500.57,,,
acct_8e643a551f,cust_3f549151fb,HDFC Bank,savings,15666.51,,,
acct_f940ebfb09,cust_84e1efdcb2,HDFC Bank,savings,18600.02,,,
acct_6341d7d92a,cust_4b8e568f86,Axis Bank,savings,43368.37,,,
acct_b55b229fa3,cust_ffa7de925e,Punjab National Bank,savings,12533.13,,,
acct_d4c0cb4612,cust_0fc77aa018,HDFC Bank,savings,3577.97,,,
acct_8cba8749b3,cust_9d938a5e05,Bank of Baroda,savings,20689.41,,,
acct_5f5a5fb142,cust_5839a746e7,Bank of Baroda,savings,3289.91,,,
acct_ff91d939e0,cust_9fa7da622f,ICICI Bank,savings,39221.45,,,
acct_0eb2cedf92,cust_8162bcdf02,Bank of Baroda,savings,9534.82,,,
acct_d01d2d658e,cust_e288791773,Punjab National Bank,savings,49872.18,,,
acct_dfc699ca75,cust_03d4919996,Axis Bank,savings,34784.97,,,
acct_bd682cbdb5,cust_461f99551a,Punjab National Bank,savings,46086.46,,,
acct_6e7fafb33a,cust_832efd540d,Axis Bank,savings,10711.09,,,
acct_386cbf607a,cust_dc0e7d5f42,State Bank of India,savings,33343.97,,,
acct_7714aa0fb5,cust_a49c47436e,State Bank of India,savings,39758.53,,,
acct_475810f1b6,cust_a1e8469043,Axis Bank,savings,2085.84,,,
acct_c07b3cfad7,cust_d0c2435d9e,Punjab National Bank,savings,43747.07,,,
acct_14e904b6a7,cust_9bc8c1b7ec,HDFC Bank,savings,49677.87,,,
acct_8b5fae165c,cust_ff38561e2e,State Bank of India,savings,21326.33,,,
acct_66c5445d12,cust_4737395c61,State Bank of India,savings,20654.48,,,
acct_aa344135e0,cust_0986b15e80,ICICI Bank,savings,7983.21,,,
acct_9c2beed43d,cust_bec9976662,Axis Bank,savings,17567.69,,,
acct_795416d707,cust_35f2753217,Axis Bank,savings,9494.46,,,
acct_e5939d4f67,cust_6c04c88391,ICICI Bank,savings,26644.39,,,
acct_98fce6b7dc,cust_0fcbf9141b,HDFC Bank,savings,13211.64,,,
acct_a00500cb50,cust_bb636c6995,HDFC Bank,savings,3607.22,,,
acct_6fa5088a9c,cust_501116ef3d,Axis Bank,savings,49984.71,,,
acct_cb709790eb,cust_3a3b09d808,State Bank of India,savings,33310.54,,,
acct_44c946ab90,cust_7a9b8c7381,State Bank of India,savings,34641.63,,,
acct_22dcf2ee96,cust_04ade3bb13,HDFC Bank,savings,4008.4,,,
acct_0460f77f4e,cust_706d4cc36e,ICICI Bank,savings,17615.15,,,
acct_d19e8b0a67,cust_8a44f44606,HDFC Bank,savings,34900.9,,,
acct_5b31044119,cust_f1cf1640be,HDFC Bank,savings,25849.65,,,
acct_a3c33f9d2c,cust_45f48fcdd5,Bank of Baroda,savings,17504.28,,,
acct_dc8658431d,cust_fc7698262f,HDFC Bank,savings,14134.5,,,
acct_dd06c86354,cust_276e70b9d3,Bank of Baroda,savings,36843.87,,,
acct_29535bd93e,cust_746bcace82,Punjab National Bank,savings,43610.4,,,
acct_4b0d3b75b6,cust_08dd7a8f04,ICICI Bank,savings,46137.22,,,
acct_0f1ef7f024,cust_1cc5942fc2,ICICI Bank,savings,37176.16,,,
acct_be267d5a76,cust_dacc1fd148,State Bank of India,savings,16312.11,,,
acct_268798f8ac,cust_ded27790b2,Axis Bank,savings,2760.96,,,
acct_0d85d30c42,cust_32d6889945,State Bank of India,savings,28910.95,,,
acct_59387dc171,cust_7a2d368eed,Bank of Baroda,savings,32918.87,,,
acct_2569271091,cust_1069cc8951,State Bank of India,savings,47009.08,,,
acct_d7294151e2,cust_739f15a4ea,Axis Bank,savings,5020.21,,,
acct_5ee0de9bb8,cust_5396ae8959,Bank of Baroda,savings,42115.87,,,
acct_f381c19043,cust_d6ff61e290,ICICI Bank,savings,28306.84,,,
acct_621a3cf3f6,cust_d9a3ad18e2,ICICI Bank,savings,5444.82,,,
acct_9d03738de1,cust_02b8990eea,Bank of Baroda,savings,42300.52,,,
acct_94a07af58a,cust_8900a197d0,Bank of Baroda,savings,34446.03,,,
acct_ff40172e63,cust_d870f9e241,Punjab National Bank,savings,41431.01,,,
acct_fb088a7347,cust_bc63fbdb19,Axis Bank,savings,23133.65,,,
acct_6febc70e64,cust_49031475d0,State Bank of India,savings,43583.59,,,
acct_6a19b2807d,cust_555c313276,Punjab National Bank,savings,17539.97,,,
acct_5088e6c729,cust_fd70a68420,HDFC Bank,savings,4232.54,,,
acct_6e82fc2ac3,cust_3db9648640,HDFC Bank,savings,20830.27,,,
acct_c6cefe08df,cust_4579574b6b,Axis Bank,savings,42326.53,,,
acct_2d9481e258,cust_587ef2d017,Axis Bank,savings,17151.32,,,
acct_5e0957ab33,cust_d6f1690e92,Axis Bank,savings,12764.03,,,
acct_bcec33d44c,cust_6fc5feda20,ICICI Bank,savings,12452.87,,,
acct_2878a2a8d7,cust_c8a289a297,Punjab National Bank,savings,42439.94,,,
acct_b8710b2a6e,cust_3b73945ab9,Axis Bank,savings,38515.67,,,
acct_f87ca4b3c8,cust_6f7192d63e,Axis Bank,savings,2149.23,,,
acct_dd6cbf17f2,cust_5c1620346b,State Bank of India,savings,40244.83,,,
acct_ab0f9d0fb1,cust_98432e0df7,Bank of Baroda,savings,34890.08,,,
acct_42f575c02f,cust_ffc85e2305,Axis Bank,savings,22123.61,,,
acct_bc3969d4a4,cust_5eabadce3a,HDFC Bank,savings,30769.18,,,
acct_e44cd86a37,cust_c9c41bb6d2,Bank of Baroda,savings,49384.97,,,
acct_4c23dc7eda,cust_4b5cf99856,State Bank of India,savings,22436.38,,,
acct_f3caa25792,cust_a79389a9af,Punjab National Bank,savings,24808.49,,,
acct_7acc6df97a,cust_f6ade0fda3,Bank of Baroda,savings,32413.22,,,
acct_35428f0237,cust_a5cb041230,State Bank of India,savings,6311.05,,,
acct_5d4337bbb3,cust_75d3d02797,HDFC Bank,savings,39254.1,,,
acct_7b07411574,cust_bd4ee2cdd4,Bank of Baroda,savings,31020.56,,,
acct_8c0d8f752a,cust_bd0e89c0c0,Bank of Baroda,savings,27062.81,,,
acct_f0ede8980b,cust_c4d3449f5f,State Bank of India,savings,29218.88,,,
acct_c23e467801,cust_8a4f8cacff,Axis Bank,savings,4127.43,,,
acct_2424f5581e,cust_0cf7f1ace3,Axis Bank,savings,6286.77,,,
acct_f39a732ebd,cust_c00ef20a21,ICICI Bank,savings,7862.89,,,
acct_10651edac6,cust_e27a6d94ad,HDFC Bank,savings,47113.18,,,
acct_a0e0ce9ec8,cust_4305e6b87e,ICICI Bank,savings,36455.17,,,
acct_7f13eefa3a,cust_ef5b8beadd,ICICI Bank,savings,26155.3,,,
acct_457c0487eb,cust_ddef17ed0e,Axis Bank,savings,49744.6,,,
acct_24be8ba26d,cust_a03fee7b00,ICICI Bank,savings,44424.65,,,
acct_14f0b127af,cust_518606cdd8,State Bank of India,savings,34077.04,,,
acct_f4d2051b3d,cust_d996a51041,Bank of Baroda,savings,49486.03,,,
acct_9a5204291a,cust_ba3ddc9d35,ICICI Bank,savings,43922.8,,,
acct_6ca8a3c519,cust_b6a3b15dab,Punjab National Bank,savings,22485.27,,,
acct_48acc6668d,cust_11d5cc1bc3,Bank of Baroda,savings,29462.11,,,
acct_b13d24ac52,cust_eec41d75bb,Punjab National Bank,savings,45600.06,,,
acct_54955f1873,cust_2067f57686,Bank of Baroda,savings,45540.29,,,
acct_1a7d7e238f,cust_2d9dadd4ce,Bank of Baroda,savings,29977.62,,,
acct_8f80a33c19,cust_d31bb949db,State Bank of India,savings,16952.97,,,
acct_4468a49107,cust_62f7f319ab,HDFC Bank,savings,18759.63,,,
acct_8b6c0ccc74,cust_5cad9bff55,Punjab National Bank,savings,5278.74,,,
acct_2f6394e9b6,cust_f2cd9beab0,ICICI Bank,savings,21012.95,,,
acct_1578d8619c,cust_43b4098a6b,Punjab National Bank,savings,5765.02,,,
acct_ef44195448,cust_7ffcf3c57b,Bank of Baroda,savings,31061.82,,,
acct_1baf4e21e9,cust_8ace308938,ICICI Bank,savings,33234.36,,,
acct_f0ba6a5b04,cust_385a6d0874,ICICI Bank,savings,46024.49,,,
acct_ee65a36c76,cust_e880fab725,Axis Bank,savings,28638.96,,,
acct_4667424660,cust_4808a53021,Bank of Baroda,savings,41967.51,,,
acct_da47752e9f,cust_6ce5a44311,Punjab National Bank,savings,9545.36,,,
acct_4e0f600415,cust_666666a566,Punjab National Bank,savings,35710.38,,,
acct_68799e4e50,cust_47e1a5f9ec,Axis Bank,savings,2826.82,,,
acct_9c172ba653,cust_39c110153a,ICICI Bank,savings,21340.23,,,
acct_481bf0663a,cust_a5bc1d09aa,Punjab National Bank,savings,2335.14,,,
acct_efd09ebd26,cust_0b106db21f,Axis Bank,savings,33443.11,,,
acct_0ee04f749a,cust_ba37c4e677,State Bank of India,savings,10292.63,,,
acct_6cf1a9adfb,cust_5e17cb2149,State Bank of India,savings,29531.65,,,
acct_803049ff58,cust_9263fbe102,Punjab National Bank,savings,18249.51,,,
acct_7b131c67a9,cust_72866fb8ad,Bank of Baroda,savings,37512.26,,,
acct_9560085c48,cust_cb7394c9e8,State Bank of India,savings,29777.59,,,
acct_9ddf2eb56d,cust_647ee75273,HDFC Bank,savings,47795.66,,,
acct_220113953f,cust_04c7bdf7ba,State Bank of India,savings,47532.79,,,
acct_23772f2954,cust_48c69800df,Bank of Baroda,savings,4718.06,,,
acct_fac97583db,cust_994f2d40f1,ICICI Bank,savings,5294.79,,,
acct_cda79f4f39,cust_b03a4bcbe0,ICICI Bank,savings,30537.81,,,
acct_46285ba02e,cust_c4c3de391d,State Bank of India,savings,47924.13,,,
acct_4ff67e2816,cust_6d9ed8c06f,Bank of Baroda,savings,31246.81,,,
acct_0e84a723c5,cust_01c59f5968,Punjab National Bank,savings,13075.47,,,
acct_b50d47b8d9,cust_c2dcb52a0e,State Bank of India,savings,28023.21,,,
acct_d75ca0e8b7,cust_ffb725c193,Punjab National Bank,savings,10485.91,,,
acct_1b3ce2b6fc,cust_85f1728d6d,Bank of Baroda,savings,19531.22,,,
acct_c20768d385,cust_d43b806132,Bank of Baroda,savings,48756.69,,,
acct_ad144cd4ed,cust_631eb3bc24,State Bank of India,savings,31656.4,,,
acct_9cdad3275d,cust_4498b45135,HDFC Bank,savings,5611.64,,,
acct_0d6c75047c,cust_29202597aa,HDFC Bank,savings,4339.4,,,
acct_6dda4124c2,cust_bfc5f675a8,Bank of Baroda,savings,19685.92,,,
acct_dbf1b54e5a,cust_1c7cf0b23e,Axis Bank,savings,30462.63,,,
acct_36f0f93c64,cust_77db62d045,Bank of Baroda,savings,11722.52,,,
acct_cef5505c7d,cust_464e1e61dc,ICICI Bank,savings,13138.85,,,
acct_ba27b7d7d2,cust_f6c804aba1,Bank of Baroda,savings,33948.45,,,
acct_59cfe93a19,cust_0fba82b013,Punjab National Bank,savings,13033.98,,,
acct_91584b37c3,cust_935c830897,Punjab National Bank,savings,10670.86,,,
acct_7026cd0b3e,cust_8329c413f9,Bank of Baroda,savings,33019.23,,,
acct_4a75165c57,cust_4fbb32da0b,Punjab National Bank,savings,27471.2,,,
acct_43d9ac71ac,cust_77f0c14e9d,ICICI Bank,savings,20569.08,,,
acct_84745062dd,cust_218ceb8037,ICICI Bank,savings,18475.71,,,
acct_2789d1f800,cust_913931c844,Axis Bank,savings,47197.82,,,
acct_d849b0560f,cust_54c6d5aac6,Axis Bank,savings,34880.93,,,
acct_20ba309de6,cust_ee7697075f,Bank of Baroda,savings,21480.28,,,
acct_1b87f88a2e,cust_3ecffa0ebc,HDFC Bank,savings,28175.79,,,
acct_2e97005028,cust_690b6e1c49,Bank of Baroda,savings,46222.76,,,
acct_d823f1a361,cust_70ede9c0b7,State Bank of India,savings,13534.76,,,
acct_db0a443206,cust_139520d4c1,HDFC Bank,savings,20938.11,,,
acct_a7dd1fa4c9,cust_e025dab75d,HDFC Bank,savings,33261.54,,,
acct_b29c341d65,cust_6199126e3d,Axis Bank,savings,38696.02,,,
acct_bfa89c6b26,cust_5d72320f94,Punjab National Bank,savings,38749.25,,,
acct_ee2e85c754,cust_d78161991b,HDFC Bank,savings,41718.27,,,
acct_97d38850b1,cust_3462f7de08,Axis Bank,savings,12652.81,,,
acct_02f72e7bbc,cust_a2b4053157,Axis Bank,savings,24842.61,,,
acct_7451d769e0,cust_182c9f7c3f,Punjab National Bank,savings,16927.75,,,
acct_96838c7dc3,cust_78ab9fe109,State Bank of India,savings,36018.36,,,
acct_3fa10aba77,cust_0e27c50b2c,Bank of Baroda,savings,15001.05,,,
acct_7d55be0357,cust_6db4f9ca7d,HDFC Bank,savings,27402.58,,,
acct_9fbbb39553,cust_31fecbefc1,ICICI Bank,savings,27066.76,,,
acct_d830dcae87,cust_30525f40bd,Axis Bank,savings,24720.86,,,
acct_7b4df75446,cust_7216d65882,ICICI Bank,savings,5139.65,,,
acct_11d62e23c8,cust_50508c2647,ICICI Bank,savings,47412.52,,,
acct_1323ab7c70,cust_b1adb6aad1,Bank of Baroda,savings,22876.71,,,
acct_50f8d91587,cust_5485212014,HDFC Bank,savings,32679.85,,,
acct_f5a1944ecb,cust_e47e2c278e,State Bank of India,savings,11950.28,,,
acct_8d37414458,cust_767d1190aa,Bank of Baroda,savings,6009.03,,,
acct_9281f913f9,cust_bef9220ce8,State Bank of India,savings,27439.5,,,
acct_2096f31a36,cust_2ef6f0ce39,Bank of Baroda,savings,48824.46,,,
acct_6266b007a4,cust_52e261c193,Axis Bank,savings,4388.44,,,
acct_c8220398fc,cust_d706d478c0,HDFC Bank,savings,18701.16,,,
acct_34802c1aa5,cust_7427d75759,ICICI Bank,savings,27499.85,,,
acct_91ba6636ac,cust_bee099fae4,Axis Bank,savings,30687.66,,,
acct_e14aaea238,cust_ad242ae1e7,State Bank of India,savings,27190.09,,,
acct_13edd5546b,cust_ce51c17707,State Bank of India,savings,25938.95,,,
acct_5671c42313,cust_de55a52d73,ICICI Bank,savings,33621.23,,,
acct_4c0c08ea0f,cust_954da02e80,HDFC Bank,savings,42781.55,,,
acct_2016a3d00d,cust_5cb5166c2f,HDFC Bank,savings,43325.53,,,
acct_383a458db8,cust_ba0103b4d6,Axis Bank,savings,46227.11,,,
acct_f6e821cb85,cust_acbaabae63,Bank of Baroda,savings,30557.85,,,
acct_f6c3f1506e,cust_6b511a9958,HDFC Bank,savings,49677.51,,,
acct_52089a239c,cust_1edff67cee,HDFC Bank,savings,13581.84,,,
acct_48a44ed15a,cust_cb1f2e990b,Axis Bank,savings,22823.5,,,
acct_7fce0528e2,cust_9925f49419,Bank of Baroda,savings,37557.92,,,
acct_a9e93b68c0,cust_8a2546b1b6,ICICI Bank,savings,41684.34,,,
acct_ecd7fbcedd,cust_f70d329c7e,Punjab National Bank,savings,35322.79,,,
acct_b4cf197a27,cust_9ab29b7b89,HDFC Bank,savings,21981.73,,,
acct_79951383bb,cust_183398b354,ICICI Bank,savings,37262.5,,,
acct_c56e9202cd,cust_f28a79d221,HDFC Bank,savings,19471.56,,,
acct_7a5c0248c3,cust_a794621497,HDFC Bank,savings,22316.65,,,
acct_8f60c1588e,cust_af51192f33,HDFC Bank,savings,38941.47,,,
acct_9cc74b7350,cust_d1e85ed734,Punjab National Bank,savings,13917.97,,,
acct_dbd4e5c530,cust_42d2c3e571,ICICI Bank,savings,32137.06,,,
acct_15dc949d19,cust_971aed8b33,ICICI Bank,savings,38730.71,,,
acct_c5120e6167,cust_ee0569fc94,ICICI Bank,savings,32043.83,,,
acct_2603f4413a,cust_d0af92f65e,Axis Bank,savings,46482.62,,,
acct_0703926e2f,cust_70fe854f8e,HDFC Bank,savings,11545.2,,,
acct_d22272fa8c,cust_d82205130a,Axis Bank,savings,27673.19,,,
acct_b3dbe76df3,cust_cc5ec13d53,Bank of Baroda,savings,27033.49,,,
acct_aa27237ebf,cust_ad991dff44,Bank of Baroda,savings,30467.09,,,
acct_ce4db09b0c,cust_9b79b38c46,ICICI Bank,savings,14927.25,,,
acct_8a6eb9e10d,cust_313c6ce343,Punjab National Bank,savings,5539.56,,,
acct_7b54ed1113,cust_39bb40875f,Punjab National Bank,savings,5597.04,,,
acct_6d2e2b27f3,cust_368dfcecca,Bank of Baroda,savings,16513.59,,,
acct_57952f590d,cust_d9cdfdc9e6,Bank of Baroda,savings,24508.83,,,
acct_2fcf878318,cust_3cd3107571,State Bank of India,savings,8933.17,,,
acct_5943ca847d,cust_5d18dfdbc4,Punjab National Bank,savings,46059.12,,,
acct_0d6d8615be,cust_37ac92dc01,Axis Bank,savings,29067.74,,,
acct_b6c86ff9b0,cust_e9aed4f889,HDFC Bank,savings,49755.16,,,
acct_5123e5e098,cust_5eae9a1999,Punjab National Bank,savings,41844.19,,,
acct_ec8e577b83,cust_8239f2f764,Axis Bank,savings,31281.2,,,
acct_9ec5d1e0a1,cust_9f32455da2,HDFC Bank,savings,44522.58,,,
acct_0acc939fa7,cust_c6157f36da,Axis Bank,savings,33198.14,,,
acct_e95a02272a,cust_b839c1ca28,Axis Bank,savings,12980.04,,,
acct_f6e5a149c3,cust_688a00bf39,HDFC Bank,savings,3758.75,,,
acct_8c314c23a9,cust_c238e76fed,Punjab National Bank,savings,6283.97,,,
acct_17878e0dd4,cust_d5ea3f5f7a,Bank of Baroda,savings,33007.91,,,
acct_b392aed375,cust_0834ce8547,Bank of Baroda,savings,28608.94,,,
acct_de87dc6fb2,cust_b910b68069,State Bank of India,savings,43953.51,,,
acct_c25fd5b859,cust_c3dedd1823,Punjab National Bank,savings,15734.18,,,
acct_6801d5e9a1,cust_d5f35970c5,ICICI Bank,savings,29594.88,,,
acct_1fa3280c1a,cust_75edef7616,Punjab National Bank,savings,36514.69,,,
acct_e689ea7b3d,cust_ef8483224b,Axis Bank,savings,47468.02,,,
acct_a62e4511af,cust_9f40470ed2,HDFC Bank,savings,4857.04,,,
acct_ff18fee82a,cust_fd58455a9a,ICICI Bank,savings,5127.37,,,
acct_b34a55c25d,cust_4c7470e2ed,HDFC Bank,savings,8011.09,,,
acct_ff599d1a95,cust_55f687828f,Bank of Baroda,savings,18676.34,,,
acct_208569cc91,cust_736800ce0e,Punjab National Bank,savings,43815.82,,,
acct_cb33445bc8,cust_e6a478bec4,Bank of Baroda,savings,12792.83,,,
acct_bb65191b0f,cust_aa32aa2dbe,Bank of Baroda,savings,40091.56,,,
acct_f8118d47fb,cust_bbdd1bdce2,HDFC Bank,savings,11555.99,,,
acct_352bde2abc,cust_ab2c8cdd88,Bank of Baroda,savings,30925.94,,,
acct_10340d4dd2,cust_2fa45ab8e8,ICICI Bank,savings,19084.16,,,
acct_e0d7d9fd99,cust_fe260c2f5d,Bank of Baroda,savings,10833.74,,,
acct_0a78c59e35,cust_eb315736a5,State Bank of India,savings,35360.8,,,
acct_e8779989e0,cust_ccce624be5,Bank of Baroda,savings,32060.02,,,
acct_3e5461a681,cust_a3629c5621,Axis Bank,savings,16727.61,,,
acct_2bd3a347a9,cust_a15a6b6b55,Punjab National Bank,savings,39592.12,,,
acct_cac309ad4c,cust_03168112fc,ICICI Bank,savings,45671.06,,,
acct_7a01cffb0b,cust_64dd9d0796,Punjab National Bank,savings,44120.37,,,
acct_d849850997,cust_d1c9d573ec,Bank of Baroda,savings,27232.09,,,
acct_582fd8d065,cust_2befabd273,ICICI Bank,savings,11484.72,,,
acct_3583b22571,cust_3d475a20f7,Bank of Baroda,savings,31558.39,,,
acct_84a75be77f,cust_63a7ea2fce,ICICI Bank,savings,37185.86,,,
acct_b294671c7f,cust_a53a8d239d,ICICI Bank,savings,35533.12,,,
acct_31fae44d9f,cust_3697dd8b7c,ICICI Bank,savings,3690.63,,,
acct_20c91c877a,cust_29c84f2de3,ICICI Bank,savings,35973.32,,,
acct_99da8de3ba,cust_641adc40c1,State Bank of India,savings,47350.11,,,
acct_992f2ebc1a,cust_a4a35ec254,Bank of Baroda,savings,9197.91,,,
acct_abca881c16,cust_0375f0071c,State Bank of India,savings,7000.18,,,
acct_269e0229ca,cust_2cdbd1ed0f,State Bank of India,savings,28396.58,,,
acct_641c551eba,cust_2ff3defd9a,HDFC Bank,savings,11593.03,,,
acct_bb8ba4b9cd,cust_3d73d52beb,ICICI Bank,savings,11720.74,,,
acct_10e5144e0c,cust_cf9987ec88,Axis Bank,savings,14966.96,,,
acct_23b31c8852,cust_708ad3b0f0,State Bank of India,savings,19356.46,,,
acct_9b3d1864a8,cust_8bd7d91ef5,Punjab National Bank,savings,20536.92,,,
acct_76697a1bfe,cust_f3459a30ce,HDFC Bank,savings,32795.24,,,
acct_0d0b933256,cust_fd96295016,Punjab National Bank,savings,36881.67,,,
acct_697fe3a2eb,cust_a6b6cd0fcd,Bank of Baroda,savings,27125.26,,,
acct_b0679b3e4e,cust_ab0647e086,Bank of Baroda,savings,5589.98,,,
acct_f14d4f5fe5,cust_938eb79c96,Bank of Baroda,savings,33968.33,,,
acct_8e88e2828f,cust_65b59c1fd2,ICICI Bank,savings,14813.9,,,
acct_849028bbdc,cust_3feb9611a4,HDFC Bank,savings,29965.0,,,
acct_4e531ba82f,cust_59e64d2839,Bank of Baroda,savings,48312.22,,,
acct_73364d8fc2,cust_f5b0b0109c,Punjab National Bank,savings,5994.94,,,
acct_d4db75de4e,cust_d9e5aedecc,Axis Bank,savings,29870.41,,,
acct_2587b5aade,cust_15da5e3643,Bank of Baroda,savings,33590.5,,,
acct_4cafdc024d,cust_48ac225ce0,Bank of Baroda,savings,25176.14,,,
acct_0a870a94a2,cust_abecc74419,ICICI Bank,savings,10512.14,,,
acct_d5cf81f4b7,cust_1cc8b3935f,State Bank of India,savings,18866.08,,,
acct_a798089ed2,cust_52e01218f6,ICICI Bank,savings,17576.07,,,
acct_47765a0f22,cust_87b3d7fa37,Axis Bank,savings,26202.11,,,
acct_54253ac348,cust_79e5fe7d01,Punjab National Bank,savings,22512.59,,,
acct_5c7005b540,cust_9bb37a9d34,Punjab National Bank,savings,15144.73,,,
acct_5211385e3f,cust_0bb5bcd238,State Bank of India,savings,26605.7,,,
acct_509540899b,cust_d780576d37,Punjab National Bank,savings,41108.53,,,
acct_ebee1da0ff,cust_3ffb27e83f,HDFC Bank,savings,8144.39,,,
acct_367485e826,cust_279e889fa9,Axis Bank,savings,28734.42,,,
acct_6515555760,cust_95f26510d7,Axis Bank,savings,16651.25,,,
acct_176e87015a,cust_ed254c4c2d,ICICI Bank,savings,23646.71,,,
acct_1ebc490063,cust_cf9a40dac8,State Bank of India,savings,3970.76,,,
acct_d52b3b4621,cust_eecf4067b1,Axis Bank,savings,31948.07,,,
acct_9298abb04c,cust_a82339f5a9,Bank of Baroda,savings,5569.31,,,
acct_81dd989874,cust_2c0b1457c6,HDFC Bank,savings,29901.07,,,
acct_7e8592d78d,cust_c4ffd80381,Bank of Baroda,savings,16220.06,,,
acct_fcd324f408,cust_77cc832db9,Punjab National Bank,savings,5339.01,,,
acct_d01eecb2aa,cust_dd3343e531,Punjab National Bank,savings,31125.59,,,
acct_62e63be246,cust_e6dce73252,State Bank of India,savings,8169.96,,,
acct_54f0fd8a3b,cust_6fa2762617,Punjab National Bank,savings,24781.23,,,
acct_fbf85ae4ee,cust_854bde0414,Bank of Baroda,savings,15020.71,,,
acct_8f451565fc,cust_66f9deef29,ICICI Bank,savings,45656.31,,,
acct_7c58d87d04,cust_30e384ab5e,Punjab National Bank,savings,14260.86,,,
acct_b2d004870f,cust_fcc5632060,HDFC Bank,savings,35456.58,,,
acct_63dca2ddc3,cust_8d6ba3fe27,State Bank of India,savings,46340.94,,,
acct_4644740141,cust_36a0be013b,HDFC Bank,savings,26765.44,,,
acct_5a4e6c2ad5,cust_7fbcaec13d,State Bank of India,savings,31703.7,,,
acct_acc081cc1c,cust_d321e4bb20,Axis Bank,savings,20355.44,,,
acct_906983d31e,cust_876e9726e7,Bank of Baroda,savings,47717.05,,,
acct_684c50e6f5,cust_2563bbb5c2,HDFC Bank,savings,33901.78,,,
acct_264e2790e8,cust_5e431e98a7,Punjab National Bank,savings,7210.29,,,
acct_2e6e78580c,cust_65f428c2d9,HDFC Bank,savings,31044.51,,,
acct_abffbf6796,cust_9540e29b33,State Bank of India,savings,44101.35,,,
acct_ecb07a9577,cust_b15cdb60ca,Punjab National Bank,savings,35488.71,,,
acct_ea2a7a865d,cust_286b4eb3fa,Axis Bank,savings,34786.43,,,
acct_702b44004a,cust_db0a0db99d,State Bank of India,savings,23035.98,,,
acct_da07c481c7,cust_55e4e270a3,State Bank of India,savings,42169.73,,,
acct_270494e6ec,cust_2128e16b5c,ICICI Bank,savings,11816.46,,,
acct_e0c23db349,cust_39fef8ca69,Axis Bank,savings,9284.7,,,
acct_b77e2302f0,cust_f0e4a26b8b,ICICI Bank,savings,38782.82,,,
acct_9afef51d80,cust_6af376e223,Bank of Baroda,savings,43894.48,,,
acct_c41b88eee8,cust_d36eee60bf,ICICI Bank,savings,22280.78,,,
acct_146fed7948,cust_ec17e642bb,ICICI Bank,savings,38923.9,,,
acct_904808c61b,cust_95fb4c1fa4,ICICI Bank,savings,18195.68,,,
acct_962f203303,cust_072228b376,ICICI Bank,savings,34298.33,,,
acct_8e91e04e5a,cust_5bc06bf1b3,ICICI Bank,savings,34996.05,,,
acct_9e1a908fb5,cust_ab6dd115e6,State Bank of India,savings,27439.39,,,
acct_6529d661b6,cust_1bf62d71dc,State Bank of India,savings,27883.4,,,
acct_4d1cba1836,cust_74220dd2e5,HDFC Bank,savings,5209.22,,,
acct_b9083431af,cust_d980fe00ab,Punjab National Bank,savings,43479.41,,,
acct_dfee5b8047,cust_93c3578db3,Bank of Baroda,savings,4954.18,,,
acct_dc6d8c0065,cust_78371fca79,Punjab National Bank,savings,26311.56,,,
acct_dd8bc6c4af,cust_47880d1ddb,Punjab National Bank,savings,9437.88,,,
acct_6a79880cf4,cust_823c7829fd,Punjab National Bank,savings,16057.14,,,
acct_5a3d7176f2,cust_79ceae0c32,HDFC Bank,savings,32283.6,,,
acct_e6af3a4e4f,cust_ff07cfc7ed,State Bank of India,savings,7525.67,,,
acct_7c778001c1,cust_b74d36f3ae,Bank of Baroda,savings,44149.01,,,
acct_64ed4b24fb,cust_a0d4555c65,Axis Bank,savings,49424.37,,,
acct_fefbbd04f2,cust_14f048ebec,HDFC Bank,savings,35931.65,,,
acct_d165410c83,cust_0f51190db7,Punjab National Bank,savings,28666.2,,,
acct_7e258e7e8d,cust_2fb4cd56d9,State Bank of India,savings,24542.42,,,
acct_6873185fc6,cust_a7bd98b84b,Punjab National Bank,savings,31424.95,,,
acct_1fa1f290f3,cust_e224370313,Bank of Baroda,savings,25029.21,,,
acct_66336a2eb0,cust_8e876a6058,Bank of Baroda,savings,37918.46,,,
acct_17c78ab19b,cust_66b1617fed,HDFC Bank,savings,3448.97,,,
acct_0935ff3fe1,cust_79e3de866c,ICICI Bank,savings,4401.65,,,
acct_799be89f09,cust_cf108b95d9,Axis Bank,savings,20572.92,,,
acct_ff21c47b0e,cust_b9cf656f67,State Bank of India,savings,19948.84,,,
acct_6cf2642b08,cust_55221f23fe,HDFC Bank,savings,15145.34,,,
acct_e367a1ce25,cust_2c00daa008,State Bank of India,savings,11225.06,,,
acct_7350d54fee,cust_bee6dd5747,ICICI Bank,savings,16689.91,,,
acct_2b8ba3a657,cust_ac6353f577,ICICI Bank,savings,22491.01,,,
acct_2ce57ffbbf,cust_74db58d5a8,Axis Bank,savings,43335.87,,,
acct_e323e5197c,cust_9de08596bf,ICICI Bank,savings,8540.12,,,
acct_aa74284180,cust_c9624b2aa7,HDFC Bank,savings,19414.61,,,
acct_45334dbfd9,cust_c91f58d0d4,State Bank of India,savings,14725.97,,,
acct_66daa4031f,cust_b509e5d274,Punjab National Bank,savings,20721.82,,,
acct_03780fd401,cust_7dae5d63cc,Punjab National Bank,savings,19846.71,,,
acct_3372189d1b,cust_8d6839bb07,ICICI Bank,savings,39332.47,,,
acct_8fcf809923,cust_e379cd94ce,Axis Bank,savings,34433.7,,,
acct_9a18d8c024,cust_1785450030,Axis Bank,savings,5343.19,,,
acct_e4980354ff,cust_d4c93790f5,HDFC Bank,savings,17650.26,,,
acct_db031d7665,cust_d2b13a1ccb,Punjab National Bank,savings,25565.46,,,
acct_edcac6838f,cust_6159b8f612,State Bank of India,savings,33981.73,,,
acct_799bff1b56,cust_45a7687dd3,Bank of Baroda,savings,38748.89,,,
acct_a5e5f36bd0,cust_a3afb8992f,Punjab National Bank,savings,28985.49,,,
acct_35f4cdda1f,cust_a03322f33a,Axis Bank,savings,18540.14,,,
acct_9b3ba6e428,cust_1dd1f91556,Bank of Baroda,savings,38824.47,,,
acct_360d456e6f,cust_1d501ed993,ICICI Bank,savings,13726.47,,,
acct_6aff8422ca,cust_aa65ca0639,HDFC Bank,savings,21206.27,,,
acct_0f7765f064,cust_601135473c,Axis Bank,savings,20658.7,,,
acct_64abd814a0,cust_825d018064,State Bank of India,savings,34165.79,,,
acct_078ff3e9c3,cust_c22434681d,Punjab National Bank,savings,8218.11,,,
acct_5b5e2d56f2,cust_0d1fe7cb1c,HDFC Bank,savings,45941.85,,,
acct_d1593707ba,cust_5ac90d3298,Punjab National Bank,savings,28737.44,,,
acct_444d346e0d,cust_fe8d4e221e,Axis Bank,savings,46151.98,,,
acct_fbfc308fa6,cust_b31010b0f0,ICICI Bank,savings,17119.91,,,
acct_e58c86f51a,cust_32f0182117,Punjab National Bank,savings,4857.08,,,
acct_39367d6971,cust_a0838ee919,Punjab National Bank,savings,8218.27,,,
acct_9a96188d75,cust_f2d4edc5e6,HDFC Bank,savings,32481.67,,,
acct_a291f90c7d,cust_b75d56c362,ICICI Bank,savings,41784.28,,,
acct_9f88f8caa0,cust_e8886ebdf0,Axis Bank,savings,18862.65,,,
acct_bd61ef2d0f,cust_80ec1dd40c,Bank of Baroda,savings,44699.06,,,
acct_0a02c466a3,cust_d8263f8327,Punjab National Bank,savings,5906.35,,,
acct_3482ae8f36,cust_58f231f151,Bank of Baroda,savings,38343.86,,,
acct_49497cd4ea,cust_f132bfb1a2,ICICI Bank,savings,33036.14,,,
acct_dbb17864c5,cust_6f9be9fd44,ICICI Bank,savings,10621.86,,,
acct_2fb8450246,cust_6e5693ffb0,Bank of Baroda,savings,44710.11,,,
acct_1d0839cd6a,cust_16e45127a3,ICICI Bank,savings,18768.06,,,
acct_eba8ef0563,cust_02f3540bd3,Punjab National Bank,savings,22934.79,,,
acct_e23a737502,cust_8ff41988b9,HDFC Bank,savings,4582.04,,,
acct_62b53e6fa6,cust_357342d915,Axis Bank,savings,41782.54,,,
acct_becb1f7eec,cust_0edb77cc36,State Bank of India,savings,24526.68,,,
acct_b98952f54d,cust_2aebc19e21,Punjab National Bank,savings,34842.49,,,
acct_fbc8801af6,cust_d1d64d316a,State Bank of India,savings,13414.73,,,
acct_d84987ce9f,cust_9b0f5732b4,HDFC Bank,savings,46699.26,,,
acct_efc6bd4682,cust_99ac442ff1,Punjab National Bank,savings,21915.72,,,
acct_14e3aed5d6,cust_b85b08de2a,HDFC Bank,savings,2062.26,,,
acct_5032f57b71,cust_f6fa9c7e8a,Bank of Baroda,savings,16642.83,,,
acct_ee151eda53,cust_eeb8a661da,Punjab National Bank,savings,17389.83,,,
acct_7b436fa7b9,cust_5ea14680df,State Bank of India,savings,22594.99,,,
acct_08598548da,cust_759ddeb8dc,Punjab National Bank,savings,34165.15,,,
acct_cd299a2a82,cust_8c541fd9d9,Punjab National Bank,savings,42530.29,,,
acct_864a069e55,cust_2e5f550c7b,Axis Bank,savings,12810.02,,,
acct_daee141aaa,cust_c4a5ba30a5,Axis Bank,savings,30301.7,,,
acct_0f79cb1527,cust_57f088942d,Punjab National Bank,savings,27872.91,,,
acct_69ca975fcc,cust_9d4afae1f3,State Bank of India,savings,3542.26,,,
acct_a51e85dd1a,cust_3e2f6d8e1a,Punjab National Bank,savings,45585.33,,,
acct_cf180bb92c,cust_604b82e260,Axis Bank,savings,44589.85,,,
acct_dc95ce4728,cust_cfbf460908,Bank of Baroda,savings,49367.6,,,
acct_7f00854aa5,cust_bc3036530d,HDFC Bank,savings,48198.06,,,
acct_2b88683649,cust_ce3140e1d5,Bank of Baroda,savings,8152.1,,,
acct_87e04be560,cust_0e8a3d01ff,ICICI Bank,savings,33423.12,,,
acct_7dccc476b0,cust_2724b3f517,ICICI Bank,savings,3087.98,,,
acct_1e74686ab7,cust_d9aceb3fc7,HDFC Bank,savings,36876.91,,,
acct_a8da7b61c8,cust_011d85e917,Bank of Baroda,savings,13281.68,,,
acct_69795445aa,cust_359798cabc,Axis Bank,savings,13838.38,,,
acct_ea04748d0e,cust_5677b7da0c,ICICI Bank,savings,31716.96,,,
acct_d8d8fc949b,cust_a7bb953033,State Bank of India,savings,18579.48,,,
acct_7e9e9e3373,cust_710ac97ce9,ICICI Bank,savings,46037.78,,,
acct_d4019a999c,cust_03b64b46e8,ICICI Bank,savings,43091.59,,,
acct_e6422311d9,cust_50d474357f,HDFC Bank,savings,48799.07,,,
acct_c4ac0edf2b,cust_f377cd891b,Punjab National Bank,savings,46668.75,,,
acct_ab50972c24,cust_e3c5d39eb1,HDFC Bank,savings,24813.34,,,
acct_f8da69bf43,cust_0c73de662f,Bank of Baroda,savings,31691.69,,,
acct_ee96551d09,cust_820d6a33ee,Axis Bank,savings,7617.11,,,
acct_190efbda6f,cust_3892d7c70c,Axis Bank,savings,14078.33,,,
acct_40ff63b8f2,cust_76b22d2a09,ICICI Bank,savings,24429.42,,,
acct_91190691f6,cust_13683cd10d,ICICI Bank,savings,23010.87,,,
acct_7e414842ab,cust_1857aea8b4,Bank of Baroda,savings,24335.69,,,
acct_2b400a2a81,cust_7f7dbd3c40,Punjab National Bank,savings,49901.69,,,
acct_06e787bbce,cust_17d813d531,State Bank of India,savings,5187.98,,,
acct_8260648909,cust_d6b82da611,Bank of Baroda,savings,17173.32,,,
acct_c55c04dda4,cust_1057f3822d,ICICI Bank,savings,34920.02,,,
acct_906cbb3f21,cust_b78a584679,Axis Bank,savings,30538.12,,,
acct_2c71034ce7,cust_8b26670edf,Punjab National Bank,savings,45141.65,,,
acct_9f7b4558df,cust_311b1d5c00,Punjab National Bank,savings,39752.45,,,
acct_3293852a1a,cust_9bd72f716f,Punjab National Bank,savings,6562.72,,,
acct_e6531aa31a,cust_f3f6ba19a4,ICICI Bank,savings,34988.76,,,
acct_99b49d57a7,cust_0e281a5071,ICICI Bank,savings,22023.08,,,
acct_66ca6ae0c0,cust_b68c998ec3,HDFC Bank,savings,16673.95,,,
acct_34d970ca6c,cust_abeaa4938d,State Bank of India,savings,16452.09,,,
acct_3c176296c9,cust_ba145e6198,Bank of Baroda,savings,9908.36,,,
acct_c692ca2a18,cust_d20f2f2f94,Bank of Baroda,savings,44172.99,,,
acct_58e06d3af7,cust_db6c74ddbd,ICICI Bank,savings,21047.04,,,
acct_a2c9b09cdd,cust_3218d3e4cc,Punjab National Bank,savings,38825.87,,,
acct_1ab72c102a,cust_49c18acaba,Punjab National Bank,savings,3897.25,,,
acct_f8d0e4671d,cust_cf3dc83d90,ICICI Bank,savings,10871.99,,,
acct_dd864d04aa,cust_69a778b5e0,Axis Bank,savings,18872.29,,,
acct_cf653c9b1d,cust_ede425e80e,Punjab National Bank,savings,26931.12,,,
acct_d0331ed126,cust_8d016b36fa,HDFC Bank,savings,48175.36,,,
acct_196a16034c,cust_06885eb77e,HDFC Bank,savings,25616.04,,,
acct_f76f9f62b6,cust_5f9f413515,Punjab National Bank,savings,3925.05,,,
acct_986b27d4a6,cust_b8d24f29d1,Axis Bank,savings,12997.06,,,
acct_551c350598,cust_f6a64cef41,ICICI Bank,savings,4004.2,,,
acct_98d1b1976e,cust_6539c681b6,State Bank of India,savings,43233.54,,,
acct_7042dd26cb,cust_51d09d925b,Axis Bank,savings,15850.07,,,
acct_6bc5ae8ce4,cust_92518c621d,State Bank of India,savings,21687.18,,,
acct_6891e962fb,cust_b7b0a1b5a7,State Bank of India,savings,16716.6,,,
acct_2f9ace46a5,cust_990d70def1,Punjab National Bank,savings,7854.07,,,
acct_c12157e1d8,cust_a738f14c1b,Axis Bank,savings,12587.23,,,
acct_ba1cb41ac7,cust_7321a07ba6,Punjab National Bank,savings,41574.88,,,
acct_61d3dd6a1f,cust_46b4bf3cb4,ICICI Bank,savings,11453.24,,,
acct_2a94fbf160,cust_a38b4be968,Bank of Baroda,savings,12530.62,,,
acct_8c94b432c0,cust_c1cd3d04b3,State Bank of India,savings,35165.06,,,
acct_91fe48e438,cust_d394b967c6,Bank of Baroda,savings,21148.44,,,
acct_1059c55303,cust_6920fd1a6b,Bank of Baroda,savings,37703.76,,,
acct_decec50600,cust_7b180da1de,Axis Bank,savings,40212.82,,,
acct_fb40df9f03,cust_37d05441a3,HDFC Bank,savings,31076.01,,,
acct_0481db7ee0,cust_e42a47d7e1,State Bank of India,savings,25806.91,,,
acct_45043b469b,cust_7347eaf3bd,Bank of Baroda,savings,12356.28,,,
acct_50fa703135,cust_0e2f8aada1,State Bank of India,savings,13981.22,,,
acct_dfe62e610e,cust_628a98fd82,Axis Bank,savings,34470.73,,,
acct_1aab167a50,cust_b31b72b4d7,ICICI Bank,savings,40052.14,,,
acct_e716b4e5bd,cust_631e02a665,Bank of Baroda,savings,44295.58,,,
acct_acfd927ec4,cust_23bd2cbb62,ICICI Bank,savings,13807.41,,,
acct_16d0381879,cust_381229f7bf,Punjab National Bank,savings,2487.86,,,
acct_ce52dc5997,cust_75dcdbe6c8,Punjab National Bank,savings,21830.05,,,
acct_91469a0195,cust_c89d725bbb,HDFC Bank,savings,29828.81,,,
acct_58bee7d173,cust_abdc108af6,Bank of Baroda,savings,39208.24,,,
acct_be3aae2fe4,cust_e85483912a,HDFC Bank,savings,47704.48,,,
acct_3e87585133,cust_afa852cf13,Bank of Baroda,savings,34553.92,,,
acct_c6118875f9,cust_04b47a5c47,Axis Bank,savings,38022.17,,,
acct_35e44ab3b7,cust_3f97a686ed,Bank of Baroda,savings,39811.37,,,
acct_b93b6f3fc6,cust_04faa73cca,ICICI Bank,savings,14608.11,,,
acct_29128acd3a,cust_7f4a925ee1,State Bank of India,savings,9535.83,,,
acct_7df34c2a91,cust_ade0add871,HDFC Bank,savings,31968.62,,,
acct_e44d6bb7aa,cust_b714b65f02,Punjab National Bank,savings,36194.84,,,
acct_3cdbc4393b,cust_767af0c731,HDFC Bank,savings,45569.99,,,
acct_6972634371,cust_cf34321d4b,Bank of Baroda,savings,42128.84,,,
acct_c694bc37c5,cust_2e261a5908,State Bank of India,savings,18961.66,,,
acct_ca7a061e1f,cust_8a10093086,Axis Bank,savings,36280.28,,,
acct_6f63d60381,cust_4c157e1bed,Axis Bank,savings,5597.89,,,
acct_7c09c85842,cust_c311e43f74,HDFC Bank,savings,18856.64,,,
acct_3deef99c73,cust_b5080e7bd3,Punjab National Bank,savings,46936.64,,,
acct_6a93355c17,cust_8875dbc453,Axis Bank,savings,39642.79,,,
acct_d6f0d30ff7,cust_267070f7b1,Axis Bank,savings,42368.66,,,
acct_70cc28e76b,cust_7e5c3dfd5d,Axis Bank,savings,26345.38,,,
acct_fe5846cb2e,cust_02ffd2fec9,ICICI Bank,savings,34738.93,,,
acct_f9cc0e65d0,cust_068451e312,Axis Bank,savings,29567.85,,,
acct_e9d56560d2,cust_7be83aba31,HDFC Bank,savings,14781.77,,,
acct_5ef478b1e0,cust_35a371a5ef,Bank of Baroda,savings,22050.95,,,
acct_83e683d5e7,cust_1de38c388e,State Bank of India,savings,35916.96,,,
acct_8cc7098be2,cust_9d03cc9ff1,Axis Bank,savings,7855.22,,,
acct_60014455fb,cust_1b38351e94,Punjab National Bank,savings,37479.08,,,
acct_51df0ea325,cust_aca434ea4a,State Bank of India,savings,39557.35,,,
acct_1f931b4691,cust_edccf58850,Bank of Baroda,savings,41775.78,,,
acct_8e1e1e9fa3,cust_c1adee3fbc,State Bank of India,savings,12256.95,,,
acct_28d504f3d7,cust_9be915de8b,State Bank of India,savings,14826.09,,,
acct_ec6aa55eac,cust_767d2b0687,State Bank of India,savings,5439.28,,,
acct_9ddb12096b,cust_52e831e682,HDFC Bank,savings,9435.31,,,
acct_4cb5ba3ff1,cust_7b99d9dc13,State Bank of India,savings,12258.56,,,
acct_4a5ad709a2,cust_dc6ddefcf2,Punjab National Bank,savings,30507.64,,,
acct_5b78fe44f8,cust_442fbd50bc,Bank of Baroda,savings,35253.89,,,
acct_faea44f822,cust_a99dc0576a,Axis Bank,savings,42642.82,,,
acct_31162f5b11,cust_eeecb995ae,Axis Bank,savings,18891.69,,,
acct_6d9abc283f,cust_bf6a41bac6,Punjab National Bank,savings,22006.79,,,
acct_2743dc58ce,cust_c061a2e206,HDFC Bank,savings,49532.71,,,
acct_33bc5900ce,cust_f380c2baf8,HDFC Bank,savings,10809.52,,,
acct_7bddb99615,cust_b7783abe31,Axis Bank,savings,29539.48,,,
acct_4d7f7e5812,cust_b86288095a,State Bank of India,savings,8380.82,,,
acct_8f6bcb0f49,cust_ce9b7dad42,HDFC Bank,savings,11868.43,,,
acct_7443d596c3,cust_b7f7c0591a,HDFC Bank,savings,48029.36,,,
acct_2fa950167f,cust_04401bea15,State Bank of India,savings,21724.79,,,
acct_bf3b254e83,cust_c683a557e8,HDFC Bank,savings,9377.71,,,
acct_0a7d6a96c3,cust_fa2f039818,Punjab National Bank,savings,18979.95,,,
acct_fa68bd2c67,cust_79a8a1325f,State Bank of India,savings,38336.93,,,
acct_fcd6a28c60,cust_9dda143729,HDFC Bank,savings,27716.42,,,
acct_c5fd3eb43b,cust_60e9c78d34,ICICI Bank,savings,49051.29,,,
acct_41cfdcdc76,cust_24dfc3ea54,Axis Bank,savings,13594.36,,,
acct_cddd5a8f8b,cust_c6a54ba8ba,Axis Bank,savings,26650.59,,,
acct_09ab0f35c9,cust_8f1bde210b,Bank of Baroda,savings,35047.91,,,
acct_b1fb4c17d0,cust_1795871a22,Axis Bank,savings,40514.11,,,
acct_99b1d6af24,cust_9dd596d5a7,HDFC Bank,savings,33098.73,,,
acct_4529a6eaba,cust_e70f81e252,Punjab National Bank,savings,35205.42,,,
acct_231029af2a,cust_6e45ee94a0,Axis Bank,savings,13566.8,,,
acct_03efa951a3,cust_a32d7a6d4c,ICICI Bank,savings,31187.71,,,
acct_61fedfca69,cust_28c8112e7b,ICICI Bank,savings,33537.94,,,
acct_538ca0595d,cust_f3aeb21ffd,Bank of Baroda,savings,49308.54,,,
acct_5c0233517b,cust_e9164eb264,ICICI Bank,savings,22357.6,,,
acct_14152eea14,cust_151e27cb7d,Axis Bank,savings,29130.41,,,
acct_432849f18e,cust_6dee4f857a,ICICI Bank,savings,47883.11,,,
acct_176d9dadc5,cust_888ac6ca94,HDFC Bank,savings,38784.4,,,
acct_46610c4161,cust_2dd126893c,Punjab National Bank,savings,13892.59,,,
acct_b3d9753efd,cust_073e91915b,Punjab National Bank,savings,46733.83,,,
acct_47dabd2a61,cust_41939f03a9,State Bank of India,savings,28367.72,,,
acct_08ef74a653,cust_8849b3cfe8,ICICI Bank,savings,24494.89,,,
acct_f91d36c244,cust_1eb09c0b52,ICICI Bank,savings,29458.5,,,
acct_101b0203f7,cust_93199e1a9b,HDFC Bank,savings,18104.81,,,
acct_dfd82f4338,cust_3e88b1b9c7,HDFC Bank,savings,20668.51,,,
acct_c4e4d8d369,cust_e1b5c8e1c8,State Bank of India,savings,35027.74,,,
acct_0d99933ff4,cust_5a78e8e5ec,Punjab National Bank,savings,18591.07,,,
acct_6a7db31a67,cust_faf04e933a,State Bank of India,savings,48216.69,,,
acct_6c02877ab7,cust_08914bcf59,Bank of Baroda,savings,39850.72,,,
acct_fb398fd9ee,cust_e9f8efe4aa,Bank of Baroda,savings,8659.32,,,
acct_d8aa693308,cust_8f9f2a85fd,ICICI Bank,savings,38044.87,,,
acct_af80b0a8e9,cust_ed6b4c119e,ICICI Bank,savings,29958.83,,,
acct_788fff1051,cust_b53342fa33,Axis Bank,savings,2791.74,,,
acct_7830994a5b,cust_bbc49294c1,Punjab National Bank,savings,37365.79,,,
acct_149fc50ab9,cust_150b675ead,ICICI Bank,savings,35438.12,,,
acct_5b690abf8f,cust_679c25b136,Punjab National Bank,savings,26503.62,,,
acct_dcd5cb7055,cust_364964b2b2,Axis Bank,savings,14900.55,,,
acct_1515de3050,cust_0276e2b810,State Bank of India,savings,23971.12,,,
acct_20fd664203,cust_1f67ec4bfc,HDFC Bank,savings,34213.97,,,
acct_4404fdf927,cust_dbcc8f827a,HDFC Bank,savings,42763.32,,,
acct_f30239a647,cust_07913d56c8,State Bank of India,savings,32495.56,,,
acct_191a49b02d,cust_d5047b90ce,HDFC Bank,savings,23207.71,,,
acct_486bd07c57,cust_5166a3bbf7,ICICI Bank,savings,18043.72,,,
acct_08aba7e503,cust_ffbb0786b9,ICICI Bank,savings,2666.32,,,
acct_2b80ca9888,cust_cc88d5cf22,Punjab National Bank,savings,24985.57,,,
acct_3b3d5fadf1,cust_6721cac60a,Bank of Baroda,savings,21492.63,,,
acct_4c0bd7c36f,cust_5c0e122330,HDFC Bank,savings,28868.02,,,
acct_3ef617beb9,cust_69ffe145d8,State Bank of India,savings,21963.67,,,
acct_b942101c25,cust_34f90d3b76,State Bank of India,savings,7458.67,,,
acct_486c6c36c9,cust_69e573a9dc,ICICI Bank,savings,15856.56,,,
acct_39fac12fb5,cust_4f6f2a876c,Bank of Baroda,savings,47870.09,,,
acct_bfb245b6f1,cust_55c3e5d579,State Bank of India,savings,37051.01,,,
acct_557c9201a5,cust_cefdaf2fae,Punjab National Bank,savings,23228.79,,,
acct_6ce2d9ae9a,cust_be488762b8,Bank of Baroda,savings,40985.9,,,
acct_41a14db91d,cust_6e288b31e7,Axis Bank,savings,39050.57,,,
acct_429d6fdac6,cust_ea506c530a,State Bank of India,savings,40206.98,,,
acct_8c8626c31d,cust_d9bf778052,HDFC Bank,savings,45954.47,,,
acct_ac5d639ee2,cust_985d966d51,ICICI Bank,savings,24692.01,,,
acct_3e33b1db77,cust_bb3346eb84,Punjab National Bank,savings,44233.9,,,
acct_73638c997e,cust_20ece0ae8c,State Bank of India,savings,17627.23,,,
acct_b3aceecdbc,cust_72791e29cc,Punjab National Bank,savings,23954.4,,,
acct_6e1f24ab72,cust_d157322429,ICICI Bank,savings,13008.82,,,
acct_3b12eede89,cust_7ea37f8b02,Axis Bank,savings,47198.98,,,
acct_632a1612f8,cust_16985ca8db,HDFC Bank,savings,28481.0,,,
acct_20f465265f,cust_fdf4096d7a,Bank of Baroda,savings,12488.49,,,
acct_6047920514,cust_c7679b735e,Punjab National Bank,savings,7084.48,,,
acct_a651ba8614,cust_140171ed0d,Punjab National Bank,savings,14721.78,,,
acct_53f3b00426,cust_8947240b24,State Bank of India,savings,8997.94,,,
acct_df6f5be9eb,cust_5ad9c0ab11,Axis Bank,savings,22386.9,,,
acct_ca9ccd2451,cust_4eb3081b0a,State Bank of India,savings,6327.53,,,
acct_53fa79e727,cust_3801f5e64f,HDFC Bank,savings,46833.29,,,
acct_6bd66e9d8a,cust_133cfca7e7,Axis Bank,savings,3329.18,,,
acct_59d7a48abd,cust_cece1117d8,HDFC Bank,savings,35085.94,,,
acct_5d7b9f97ca,cust_e510e8559f,Bank of Baroda,savings,47863.79,,,
acct_f79ab0893a,cust_137e080894,Axis Bank,savings,2220.37,,,
acct_a6add249f2,cust_86e19a8b3a,Punjab National Bank,savings,8487.7,,,
acct_56828b45a2,cust_f898302e8f,Punjab National Bank,savings,46796.5,,,
acct_a6c8d1dffe,cust_5a07ee5e83,State Bank of India,savings,45099.3,,,
acct_706e8b87b1,cust_77a68f6381,State Bank of India,savings,5119.8,,,
acct_d972ad3614,cust_acefcca3bb,Punjab National Bank,savings,19283.93,,,
acct_74872100d4,cust_d7e2efa079,ICICI Bank,savings,17771.62,,,
acct_288cd41bdf,cust_55faad53c1,HDFC Bank,savings,32254.28,,,
acct_7cdb2e7f78,cust_20b4a27c4c,Bank of Baroda,savings,20669.42,,,
acct_b32c6c1214,cust_f00657eafc,State Bank of India,savings,2022.68,,,
acct_34000766eb,cust_047db74332,Bank of Baroda,savings,15470.54,,,
acct_988fa08297,cust_08ccbb243d,State Bank of India,savings,39054.42,,,
acct_169dea0115,cust_e3fcf7eaaf,HDFC Bank,savings,8056.62,,,
acct_12f0aa138e,cust_212a922b21,ICICI Bank,savings,24625.81,,,
acct_4fba7d69c8,cust_989901a778,Bank of Baroda,savings,19427.61,,,
acct_6c9a200a08,cust_aeaa04990c,State Bank of India,savings,42252.13,,,
acct_b4500d6706,cust_8ea671846a,State Bank of India,savings,36004.64,,,
acct_e1809c11d7,cust_3ab1297871,Punjab National Bank,savings,32955.12,,,
acct_7f6c8719a7,cust_ee2e8651cc,Bank of Baroda,savings,4986.54,,,
acct_0676872dc7,cust_539cb7950c,State Bank of India,savings,19613.22,,,
acct_de4e38f7ee,cust_5c741635ec,Axis Bank,savings,19721.92,,,
acct_fe5ae84770,cust_ae845f4d50,ICICI Bank,savings,10044.27,,,
acct_03df645faf,cust_667c2e02ef,Bank of Baroda,savings,47804.88,,,
acct_3e36eec2c2,cust_6f2016ec91,State Bank of India,savings,26125.78,,,
acct_7bb58af426,cust_dcb749c034,ICICI Bank,savings,25874.55,,,
acct_5a04f3627f,cust_0828100a3c,Axis Bank,savings,37382.5,,,
acct_185f1f2cff,cust_2e86942741,ICICI Bank,savings,49849.33,,,
acct_02ebcc39ba,cust_788ca48991,HDFC Bank,savings,40145.4,,,
acct_a3f11e97d4,cust_f75807a81e,Punjab National Bank,savings,39100.83,,,
acct_5085f2500f,cust_267e19c76d,ICICI Bank,savings,45523.2,,,
acct_f2102c44ff,cust_448252fa31,Punjab National Bank,savings,16437.14,,,
acct_716c4e8931,cust_2e9c726769,Axis Bank,savings,22260.53,,,
acct_69d41485a2,cust_2d28ce545f,ICICI Bank,savings,16334.29,,,
acct_1c7daa72a8,cust_375ea23db2,HDFC Bank,savings,22009.25,,,
acct_98e0fcd60b,cust_3279ece69c,Punjab National Bank,savings,43482.83,,,
acct_8b9fedcb15,cust_274ea443bb,Bank of Baroda,savings,33738.08,,,
acct_adcb294c7f,cust_caf51536ce,State Bank of India,savings,4568.77,,,
acct_bd9d691c17,cust_487e56ae04,Axis Bank,savings,48700.74,,,
acct_215848eefa,cust_0ce7c9f452,HDFC Bank,savings,15410.13,,,
acct_0bf32770a6,cust_4b09536caa,State Bank of India,savings,20161.82,,,
acct_f99180954f,cust_c1279ba34f,Axis Bank,savings,22323.3,,,
acct_af602a9012,cust_0b189dc132,Punjab National Bank,savings,42756.38,,,
acct_ad8b2b2ddb,cust_c3bcdf11e3,Punjab National Bank,savings,32041.34,,,
acct_939b67d4a1,cust_000039cf90,Punjab National Bank,savings,41306.33,,,
acct_1299eae928,cust_681e16ce8a,State Bank of India,savings,28819.99,,,
acct_6072a62e9e,cust_8b798992d5,HDFC Bank,savings,34845.7,,,
acct_7e4652cc69,cust_08b485f6ff,Bank of Baroda,savings,7539.84,,,
acct_64d493258f,cust_9b31b5c85d,State Bank of India,savings,30188.63,,,
acct_894a673534,cust_fbb3303845,Bank of Baroda,savings,3210.21,,,
acct_44944afdcb,cust_762f0b8666,HDFC Bank,savings,24616.85,,,
acct_f9d57598ae,cust_cdfb5a56e8,HDFC Bank,savings,35796.49,,,
acct_2b4ecc3aeb,cust_2b8a2db1cc,ICICI Bank,savings,11475.12,,,
acct_425088691b,cust_59f0f95bc5,HDFC Bank,savings,3049.75,,,
acct_69918f37c4,cust_a0ff3d49e7,Punjab National Bank,savings,47808.58,,,
acct_cee3a9748c,cust_88d81aba9c,HDFC Bank,savings,37071.91,,,
acct_ef7707b438,cust_d0cd7885e6,Punjab National Bank,savings,29470.41,,,
acct_311a47284f,cust_f37d2b6f2e,Axis Bank,savings,22319.81,,,
acct_2ffb7c9c74,cust_2b50c925b6,Punjab National Bank,savings,5827.29,,,
acct_a08f755638,cust_06075addd8,ICICI Bank,savings,6127.36,,,
acct_f0ad001062,cust_ef2cc81cb3,State Bank of India,savings,5130.74,,,
acct_2099b7f6db,cust_285432fc47,ICICI Bank,savings,19726.84,,,
acct_acdf2f676c,cust_9ac0fcbedd,ICICI Bank,savings,14020.36,,,
acct_e88d572787,cust_8bd4f7bc49,State Bank of India,savings,3251.02,,,
acct_ac17fdcad1,cust_57cdd8ee47,HDFC Bank,savings,12544.85,,,
acct_92212f600f,cust_bbc8893e63,Bank of Baroda,savings,14200.59,,,
acct_ba0abce428,cust_9ae7ace86e,Punjab National Bank,savings,26257.91,,,
acct_f7e860f14e,cust_40a8a4da8d,State Bank of India,savings,4838.61,,,
acct_55b4fbf667,cust_31ac902565,HDFC Bank,savings,41908.86,,,
acct_b5083277c2,cust_71ffd0d6c5,State Bank of India,savings,14461.24,,,
acct_e58405fdd4,cust_aed0835098,Bank of Baroda,savings,34069.38,,,
acct_d0b0c0f6df,cust_123c0c5c54,Punjab National Bank,savings,18093.47,,,
acct_35660c323a,cust_0cb58debac,ICICI Bank,savings,8936.72,,,
acct_30fdfcb519,cust_b88ad85926,State Bank of India,savings,16313.03,,,
acct_77219a3452,cust_b6f82a7e53,Axis Bank,savings,26765.65,,,
acct_fcbcbf0801,cust_cd0a9e0b9d,Punjab National Bank,savings,39979.59,,,
acct_949db65297,cust_499b9ba546,ICICI Bank,savings,2176.07,,,
acct_11848435b3,cust_49988c537c,Axis Bank,savings,31156.62,,,
acct_7ee3f90626,cust_9fa019b2ac,Bank of Baroda,savings,32994.84,,,
acct_e73df64e07,cust_4521a0d6f4,HDFC Bank,savings,41271.14,,,
acct_68e42a229a,cust_359b2557ae,Bank of Baroda,savings,15137.16,,,
acct_af5f53a944,cust_f625f85056,Axis Bank,savings,16275.99,,,
acct_0d5b5d87a3,cust_556a6b6d33,Axis Bank,savings,29990.21,,,
acct_6e6556917f,cust_2170260379,ICICI Bank,savings,37439.08,,,
acct_4cf1cac94c,cust_dcac59c022,Axis Bank,savings,19146.85,,,
acct_44bf4d391a,cust_fbd616a50e,State Bank of India,savings,11395.25,,,
acct_c91ca68ce2,cust_8af6f4ebef,Bank of Baroda,savings,48626.61,,,
acct_4c2e65fa42,cust_cce1fd9e8c,Axis Bank,savings,20658.94,,,
acct_1cbfc80fcb,cust_a24a460716,HDFC Bank,savings,44115.63,,,
acct_05306d4cec,cust_6d59ee54a6,HDFC Bank,savings,11038.18,,,
acct_6bb4ced8d8,cust_09a0c664a4,Punjab National Bank,savings,30019.23,,,
acct_014a44945f,cust_902fc2e6bc,Punjab National Bank,savings,35597.3,,,
acct_5148c12443,cust_b2c3ca4a7a,State Bank of India,savings,6516.15,,,
acct_fd3fb9d96f,cust_b846163f6d,Punjab National Bank,savings,16668.08,,,
acct_888c4bb0b1,cust_473a8b8dc8,Punjab National Bank,savings,48307.09,,,
acct_9992b24f08,cust_cc4c11f1ed,HDFC Bank,savings,41960.25,,,
acct_0cc36f2b11,cust_92386efaf8,Bank of Baroda,savings,31250.93,,,
acct_dc997d46d6,cust_6c8d697e7f,State Bank of India,savings,25603.05,,,
acct_1ba259d98b,cust_c498679590,Bank of Baroda,savings,41809.08,,,
acct_a184398240,cust_ab3f73427b,Axis Bank,savings,49734.7,,,
acct_f0cab977fe,cust_20374f2bb1,Axis Bank,savings,17251.12,,,
acct_ea6ac7567b,cust_d29be20893,State Bank of India,savings,28102.65,,,
acct_25b4d9cbaf,cust_a4408d57c4,State Bank of India,savings,17053.69,,,
acct_7374ec114b,cust_8ce8f340f8,Axis Bank,savings,39521.57,,,
acct_57a07c40b7,cust_24333ca7a9,Bank of Baroda,savings,35505.12,,,
acct_d319b524f7,cust_283aa2f317,State Bank of India,savings,48661.87,,,
acct_4419535486,cust_87aa00e564,Punjab National Bank,savings,31233.78,,,
acct_9c9d5e1d25,cust_e2507d6f7f,ICICI Bank,savings,19874.34,,,
acct_a0d62bf987,cust_563cd67306,ICICI Bank,savings,36210.36,,,
acct_088f0b0c62,cust_f1ec030ee8,Punjab National Bank,savings,27929.92,,,
acct_3d0dbdda59,cust_bc85be8fec,ICICI Bank,savings,29067.7,,,
acct_05a7e8576c,cust_7a8934ed08,Bank of Baroda,savings,31035.62,,,
acct_0ddb8d8f9c,cust_83aab7e63e,Axis Bank,savings,45331.21,,,
acct_eee8e7817f,cust_b9b07e9f61,Punjab National Bank,savings,16059.09,,,
acct_2599f0299c,cust_e127f70cb5,Punjab National Bank,savings,17141.24,,,
acct_a42e9d5062,cust_6be49122de,ICICI Bank,savings,29841.16,,,
acct_ef92301836,cust_680de1f232,Punjab National Bank,savings,34839.15,,,
acct_b3b18c68f6,cust_08f715cc08,Bank of Baroda,savings,43555.15,,,
acct_c6db2254d1,cust_87f7843e4a,Bank of Baroda,savings,20049.83,,,
acct_d23aaaa7ba,cust_631499cc3e,Axis Bank,savings,18056.07,,,
acct_c79c967eba,cust_1dc6f9f59e,Axis Bank,savings,4029.54,,,
acct_295178e72e,cust_00cafd1f10,ICICI Bank,savings,12080.41,,,
acct_8b2a4aecb3,cust_afaa02228c,HDFC Bank,savings,27888.09,,,
acct_edf04f0248,cust_beee211d83,HDFC Bank,savings,5861.12,,,
acct_595ae4fcbd,cust_6357332aae,Bank of Baroda,savings,29178.99,,,
acct_4a3e0f2be2,cust_f276885227,ICICI Bank,savings,3154.08,,,
acct_d921ddaa25,cust_95b6d4a26b,Bank of Baroda,savings,19629.12,,,
acct_7318784bb6,cust_cb8ecc308c,ICICI Bank,savings,44223.26,,,
acct_e3aff1087b,cust_a01b2a5cc1,Axis Bank,savings,5255.9,,,
acct_a7f8465f19,cust_b47c8d6418,Punjab National Bank,savings,21125.37,,,
acct_3831180462,cust_1e1ee9adea,State Bank of India,savings,24655.41,,,
acct_51239be03a,cust_72aee0cbd0,Axis Bank,savings,20246.54,,,
acct_9818c7bd32,cust_c0c993b47a,HDFC Bank,savings,41983.47,,,
acct_077d684748,cust_b4d865b753,Axis Bank,savings,21770.88,,,
acct_59c9aa9210,cust_59085680b9,ICICI Bank,savings,41275.32,,,
acct_1e3bf76f11,cust_31d1ac11fb,Punjab National Bank,savings,32284.94,,,
acct_f9edbf8eaa,cust_bb08e4b3ff,HDFC Bank,savings,19452.54,,,
acct_711d6e9ce0,cust_67c0f5d0a6,ICICI Bank,savings,2716.86,,,
acct_fcb9f58a3c,cust_b8e7eb8bbd,State Bank of India,savings,3668.49,,,
acct_fe5616fd50,cust_c880ae5278,Axis Bank,savings,47284.94,,,
acct_ea06c460ec,cust_aaf684b254,State Bank of India,savings,38795.46,,,
acct_c65501f56c,cust_f135dd4d39,HDFC Bank,savings,40938.02,,,
acct_f0f1625829,cust_b7dd513587,State Bank of India,savings,11243.69,,,
acct_7dc4f2a02f,cust_8ca3115440,State Bank of India,savings,49309.23,,,
acct_e2547369c1,cust_103e60d3b6,HDFC Bank,savings,49048.1,,,
acct_50a86a096d,cust_3176028549,State Bank of India,savings,2209.55,,,
acct_666deca337,cust_8cee29a1b0,Bank of Baroda,savings,7632.59,,,
acct_cd0be9c9f1,cust_a6d967bc4f,State Bank of India,savings,18553.05,,,
acct_5621698ee3,cust_eb2511fa0c,ICICI Bank,savings,24915.04,,,
acct_d78425211f,cust_055304d70b,HDFC Bank,savings,36767.17,,,
acct_5ace6450b7,cust_06297be686,ICICI Bank,savings,7847.01,,,
acct_99c85ebff2,cust_92b86c917c,ICICI Bank,savings,6303.49,,,
acct_dd795b7b3c,cust_5bc54041a0,HDFC Bank,savings,4148.3,,,
acct_6cc6026fd1,cust_a7cedbf621,Axis Bank,savings,30374.45,,,
acct_5ffb88e1d1,cust_213d6a0575,Bank of Baroda,savings,25799.95,,,
acct_59da5f67b0,cust_8740dfaa79,Axis Bank,savings,38029.18,,,
acct_a92098aeb1,cust_0a294ad821,ICICI Bank,savings,2888.04,,,
acct_587bdb4c9d,cust_c67038c90b,Bank of Baroda,savings,45392.34,,,
acct_158f6023cf,cust_52884167b8,State Bank of India,savings,12274.03,,,
acct_0f3e81fef2,cust_239a176723,HDFC Bank,savings,11459.58,,,
acct_dd73c014dd,cust_6b25b454cd,State Bank of India,savings,10432.79,,,
acct_16bb057628,cust_b52c75e681,Axis Bank,savings,43420.79,,,
acct_df8270ec7c,cust_12fd27982b,Punjab National Bank,savings,36694.17,,,
acct_0fc3a22960,cust_ac523651f5,Punjab National Bank,savings,10029.17,,,
acct_0dc35b84a6,cust_99c51062c5,State Bank of India,savings,19111.08,,,
acct_6ef960c678,cust_79e53bb51f,Axis Bank,savings,28999.17,,,
acct_5b82df87cf,cust_060feb19c6,State Bank of India,savings,30791.79,,,
acct_2f911163c0,cust_08a6630262,State Bank of India,savings,4122.7,,,
acct_b8fbaa2f29,cust_565f4bd967,HDFC Bank,savings,24239.05,,,
acct_7dab07a21b,cust_332f840a0a,Axis Bank,savings,36878.45,,,
acct_a918430c71,cust_21e8019460,ICICI Bank,savings,29541.51,,,
acct_2b3e45456d,cust_1863980b51,Punjab National Bank,savings,35040.86,,,
acct_07743b5da5,cust_5c08d09436,HDFC Bank,savings,25716.77,,,
acct_2a7f64f17f,cust_534990ebf5,Punjab National Bank,savings,4918.5,,,
acct_b9e6a8a30e,cust_772f676efe,Bank of Baroda,savings,37966.22,,,
acct_3a075a206e,cust_20c69e0421,Axis Bank,savings,49294.12,,,
acct_2ac0a79c7c,cust_e0db8f36b5,Punjab National Bank,savings,35851.56,,,
acct_d182de8a79,cust_720bcccd33,Bank of Baroda,savings,47796.36,,,
acct_beff4daea7,cust_c496fb9d01,State Bank of India,savings,19128.2,,,
acct_25af3fee91,cust_78e60cd9df,Punjab National Bank,savings,38317.38,,,
acct_d34f61bab1,cust_a48722a77e,HDFC Bank,savings,21203.02,,,
acct_79dbe4a4d2,cust_af78535c3c,Bank of Baroda,savings,37452.41,,,
acct_e35878ae21,cust_c19f3aa03a,Punjab National Bank,savings,5123.82,,,
acct_d56af929ba,cust_8b98b53b50,Punjab National Bank,savings,36718.29,,,
acct_565270246a,cust_b9f37ee4c5,ICICI Bank,savings,27180.01,,,
acct_21b58c2ec7,cust_14243e3977,State Bank of India,savings,42015.63,,,
acct_6a8d3c4220,cust_3ba5d5779f,Punjab National Bank,savings,33754.73,,,
acct_5fad8d265b,cust_3794f69eec,Bank of Baroda,savings,28277.62,,,
acct_547006bfe7,cust_458fd013fd,State Bank of India,savings,40964.34,,,
acct_c133b8fe15,cust_bb42748dea,ICICI Bank,savings,40294.36,,,
acct_e9988d2680,cust_1e16cd4a71,Axis Bank,savings,40544.45,,,
acct_0a0dc48fe2,cust_6670cf3096,Axis Bank,savings,25953.97,,,
acct_f8cd1a56d4,cust_a890be839c,HDFC Bank,savings,8557.11,,,
acct_e0cd519deb,cust_d01fa1a63c,Punjab National Bank,savings,39868.24,,,
acct_40471f5175,cust_0d68797724,State Bank of India,savings,18332.19,,,
acct_bbb4c939ed,cust_26e2e411da,Bank of Baroda,savings,18688.57,,,
acct_a4964ec706,cust_62f6c61010,Bank of Baroda,savings,17722.49,,,
acct_c8516bb7d4,cust_a0aa48d6aa,Axis Bank,savings,28644.43,,,
acct_0074de9fdc,cust_50b1d55735,HDFC Bank,savings,42215.56,,,
acct_3c84b01ae0,cust_2ff7d90afe,Bank of Baroda,savings,41857.29,,,
acct_1bb82fd730,cust_48f5e764c8,ICICI Bank,savings,39024.95,,,
acct_ccf6b84bd8,cust_af74784bab,Axis Bank,savings,48094.04,,,
acct_895de83eb8,cust_2b0f82cbfd,Punjab National Bank,savings,16609.43,,,
acct_25df478f3d,cust_3baa6fd80e,Bank of Baroda,savings,6818.45,,,
acct_ef7396893f,cust_cb09b1a77c,Punjab National Bank,savings,28928.64,,,
acct_15c791634a,cust_e2b93f7947,State Bank of India,savings,16034.12,,,
acct_5c3d9d72c0,cust_a531cf050c,Punjab National Bank,savings,12985.1,,,
acct_ea1846c647,cust_5fdb6fce30,HDFC Bank,savings,45444.46,,,
acct_be2699c170,cust_a510967911,ICICI Bank,savings,23670.1,,,
acct_4454c2ec27,cust_94615aeee8,ICICI Bank,savings,19385.19,,,
acct_036bfcfef1,cust_bac8964f47,Bank of Baroda,savings,48177.87,,,
acct_6ddc0e01d8,cust_24b6c37da1,Axis Bank,savings,13119.28,,,
acct_486c8bf629,cust_ead4e33ec6,ICICI Bank,savings,40014.9,,,
acct_06f687bf7a,cust_b7dfdaf202,ICICI Bank,savings,46256.95,,,
acct_3e3fd73642,cust_d787aa338d,ICICI Bank,savings,32471.41,,,
acct_294b615445,cust_4b0a8e94b3,ICICI Bank,savings,11864.28,,,
acct_a2a5c59950,cust_9a613dcae8,Axis Bank,savings,43564.97,,,
acct_416b93b105,cust_c2af0e8cd2,ICICI Bank,savings,18022.76,,,
acct_58ebc88982,cust_8dceea33d5,Punjab National Bank,savings,12839.07,,,
acct_1950f74aca,cust_38136f6985,Bank of Baroda,savings,18930.58,,,
acct_33352b8b94,cust_0b918598f8,State Bank of India,savings,48103.23,,,
acct_09d0548d77,cust_97ba32718f,Punjab National Bank,savings,16220.11,,,
acct_029ea31a65,cust_cd9c1f8027,ICICI Bank,savings,12385.94,,,
acct_c27a632888,cust_347b3a5bf8,Punjab National Bank,savings,15663.36,,,
acct_9d97c2adac,cust_4d6b5175e9,ICICI Bank,savings,30759.61,,,
acct_3ab70c9c86,cust_419a3af82e,Axis Bank,savings,18891.04,,,
acct_19a1b0fc08,cust_86d4ab9a27,HDFC Bank,savings,34981.58,,,
acct_6497b25beb,cust_20fa72833f,Bank of Baroda,savings,14191.97,,,
acct_2d25691518,cust_df02d2bd60,State Bank of India,savings,24895.83,,,
acct_9cea665cac,cust_5a52c79544,Bank of Baroda,savings,8715.2,,,
acct_4231744f07,cust_ddf4f9ad62,Axis Bank,savings,29817.87,,,
acct_4c14e38050,cust_6438777126,Axis Bank,savings,14830.35,,,
acct_2db7a4d893,cust_4379f281ab,Axis Bank,savings,38852.3,,,
acct_4ea12e24d1,cust_a93de44890,Bank of Baroda,savings,2171.45,,,
acct_16da886b48,cust_e93f069b73,State Bank of India,savings,3400.99,,,
acct_cfad597ece,cust_e905751cb3,Axis Bank,savings,41671.4,,,
acct_2958101ff3,cust_3a36afb873,Punjab National Bank,savings,14885.76,,,
acct_b9b01d9494,cust_e046ac347a,Axis Bank,savings,26021.06,,,
acct_61ea225058,cust_468ad329ea,ICICI Bank,savings,39528.36,,,
acct_4063529e6a,cust_a997cc9d05,HDFC Bank,savings,15902.78,,,
acct_49ca9a9326,cust_6d6451639d,Punjab National Bank,savings,17214.74,,,
acct_bb3cef6336,cust_3f064d7521,Punjab National Bank,savings,22659.91,,,
acct_9f681b10f6,cust_db0452cf13,HDFC Bank,savings,25764.08,,,
acct_4d6aa6bc6f,cust_44376fbec7,Punjab National Bank,savings,9020.13,,,
acct_758f0b3a5e,cust_18cf407072,Bank of Baroda,savings,48866.29,,,
acct_4deb61c45f,cust_3b53192ab1,Bank of Baroda,savings,30669.24,,,
acct_af7e773712,cust_0ad70a686e,Axis Bank,savings,17410.74,,,
acct_08a9d513d1,cust_adca4c1292,State Bank of India,savings,5190.18,,,
acct_0221c0bf3c,cust_59c1f07566,State Bank of India,savings,46798.12,,,
acct_969a425295,cust_6ef2cee26c,HDFC Bank,savings,37201.98,,,
acct_5f644438f2,cust_d47a51bd3b,ICICI Bank,savings,30914.61,,,
acct_686f541a8f,cust_304996cae8,State Bank of India,savings,29551.04,,,
acct_fea612c298,cust_737107913c,State Bank of India,savings,18273.22,,,
acct_7ede7203ea,cust_5dd687b9c1,State Bank of India,savings,15025.37,,,
acct_9fbf1d7f7a,cust_47b4c65de7,HDFC Bank,savings,46154.88,,,
acct_c91d6ab868,cust_2359a762fb,Axis Bank,savings,19748.62,,,
acct_104e56ad71,cust_d50a317b56,State Bank of India,savings,26217.11,,,
acct_9965c871e7,cust_73f99c7800,State Bank of India,savings,24980.08,,,
acct_719cee2e9d,cust_dabac81fe9,Axis Bank,savings,35552.57,,,
acct_5f855baed1,cust_b37c809aff,State Bank of India,savings,16606.95,,,
acct_8e06753373,cust_3350117c35,HDFC Bank,savings,10260.41,,,
acct_12288a5d12,cust_b4012921a3,Axis Bank,savings,45816.56,,,
acct_92d8e40f71,cust_bf19836b63,State Bank of India,savings,40018.26,,,
acct_066db5dd57,cust_d63be7631d,State Bank of India,savings,2386.54,,,
acct_244594c44e,cust_fb75698ad2,Bank of Baroda,savings,29506.13,,,
acct_aebc6558f6,cust_e8d2f9b92e,State Bank of India,savings,42803.78,,,
acct_1d9c6dd46e,cust_46b7695463,Bank of Baroda,savings,14163.92,,,
acct_d9221fa0e6,cust_c1a371161e,Bank of Baroda,savings,47953.18,,,
acct_aa3aaed34f,cust_8226b76a46,Axis Bank,savings,42742.81,,,
acct_7c338bfbc5,cust_6c434cd1d6,Punjab National Bank,savings,31845.19,,,
acct_15ad963914,cust_d3863b9de2,Axis Bank,savings,28363.38,,,
acct_45ef8a5980,cust_89263bceb7,ICICI Bank,savings,39191.05,,,
acct_90464817aa,cust_87963d8e86,Bank of Baroda,savings,37969.15,,,
acct_f70bf86b82,cust_9b7c3c8681,HDFC Bank,savings,11673.34,,,
acct_d1a3cc8230,cust_a8e5f12be0,Bank of Baroda,savings,8690.01,,,
acct_96223519de,cust_a886196e73,State Bank of India,savings,2853.74,,,
acct_cd75444d72,cust_98f73d13ad,HDFC Bank,savings,47881.43,,,
acct_f70789b0aa,cust_89fd43cb31,Axis Bank,savings,17179.49,,,
acct_774b60de72,cust_8984769d73,ICICI Bank,savings,32054.9,,,
acct_ffcfee23df,cust_0f2971d4dd,ICICI Bank,savings,36596.53,,,
acct_51ad0b9b1b,cust_7375306511,HDFC Bank,savings,48549.36,,,
acct_a9b3b6a28b,cust_0fd6cab05a,HDFC Bank,savings,43673.43,,,
acct_3e0c8fc97c,cust_ac6693e49f,State Bank of India,savings,46234.56,,,
acct_3d9caa0581,cust_80ca391e6a,Axis Bank,savings,35356.07,,,
acct_ab31a845b0,cust_46b39c9f3c,Punjab National Bank,savings,40550.45,,,
acct_d295bb7dbf,cust_150b0e4e77,HDFC Bank,savings,10743.56,,,
acct_1fdc737554,cust_86f9314e07,State Bank of India,savings,5785.21,,,
acct_c162aed486,cust_866e6a2188,Punjab National Bank,savings,42869.0,,,
acct_8539eeab0e,cust_32fdfc3af2,Axis Bank,savings,14695.89,,,
acct_9fb2a32d07,cust_61deddf0b0,Axis Bank,savings,18735.11,,,
acct_53be85c3a1,cust_e8927365d1,Punjab National Bank,savings,36098.31,,,
acct_8ba7138ecf,cust_901279f54f,Punjab National Bank,savings,19034.2,,,
acct_98839f7523,cust_8e14d32960,Bank of Baroda,savings,34702.69,,,
acct_487d2c049a,cust_de61b9b602,Punjab National Bank,savings,25267.39,,,
acct_fca15fe9e3,cust_2bb8b97a68,Axis Bank,savings,27469.18,,,
acct_5d065fdb6d,cust_c7a890bf9c,Axis Bank,savings,11837.39,,,
acct_197e5757f8,cust_be505ad186,HDFC Bank,savings,10844.82,,,
acct_3ba6fef13e,cust_ace5a327d1,Punjab National Bank,savings,12508.78,,,
acct_8b89363f79,cust_b10a01db34,Axis Bank,savings,40001.22,,,
acct_1a681595f5,cust_f7744ce759,HDFC Bank,savings,12801.26,,,
acct_4da9480c86,cust_7a7497a1a5,HDFC Bank,savings,29047.9,,,
acct_d687538c08,cust_a6ff5f59b4,Bank of Baroda,savings,42005.01,,,
acct_9b0a646e00,cust_5e570a3b09,Punjab National Bank,savings,29462.91,,,
acct_49db91bf75,cust_77d37c445f,Bank of Baroda,savings,9379.86,,,
acct_efcb585e29,cust_0a1e930da5,HDFC Bank,savings,36031.51,,,
acct_e3689dc191,cust_d62855bc90,Bank of Baroda,savings,4009.6,,,
acct_5c6d1a4e07,cust_051a581238,Bank of Baroda,savings,45994.01,,,
acct_19a90d3162,cust_9ec28edee8,Axis Bank,savings,11659.11,,,
acct_617692210d,cust_f91ee03bb3,Punjab National Bank,savings,40316.39,,,
acct_926fda19ce,cust_5869d26caa,HDFC Bank,savings,32430.24,,,
acct_2607d398ea,cust_7b52981b69,Bank of Baroda,savings,8848.89,,,
acct_9a468514f4,cust_38d0e1edb8,HDFC Bank,savings,11483.34,,,
acct_e1c0b4949d,cust_2edaced501,HDFC Bank,savings,31680.31,,,
acct_222216fe34,cust_b45f19892e,ICICI Bank,savings,17254.99,,,
acct_cb0713e2bc,cust_f4e6431595,Axis Bank,savings,26699.2,,,
acct_6932164c97,cust_722ec9a3f3,State Bank of India,savings,29735.55,,,
acct_c76b30643c,cust_780b6a8441,State Bank of India,savings,20285.33,,,
acct_a19aff04f0,cust_996130f22e,Axis Bank,savings,7237.03,,,
acct_565bd537f4,cust_52c6ba394f,Punjab National Bank,savings,12621.05,,,
acct_33c7e51667,cust_8897524e06,Axis Bank,savings,37633.51,,,
acct_e9cc48db67,cust_84bc3ff7b1,Axis Bank,savings,29941.62,,,
acct_084943020b,cust_e560db7b6b,ICICI Bank,savings,36682.88,,,
acct_54abf9360b,cust_00fcbbf7c3,Punjab National Bank,savings,17435.63,,,
acct_9b27853146,cust_b980af230e,ICICI Bank,savings,40711.41,,,
acct_537e6ed15b,cust_d71035fbf7,HDFC Bank,savings,11799.33,,,
acct_b8f005a88b,cust_19d0326724,ICICI Bank,savings,33958.43,,,
acct_d12406a50b,cust_4185fdfb59,ICICI Bank,savings,29804.18,,,
acct_a4fc71ec9b,cust_bf6741b4b7,ICICI Bank,savings,30417.78,,,
acct_fe6455c731,cust_fc3ade8a83,HDFC Bank,savings,18641.13,,,
acct_7e57c3a738,cust_96500ab1e8,ICICI Bank,savings,39893.31,,,
acct_7e5892f76f,cust_4a602a1581,Punjab National Bank,savings,24845.65,,,
acct_d42fd14e12,cust_451360123c,HDFC Bank,savings,29807.4,,,
acct_a0526f7df0,cust_d942f23e7d,Bank of Baroda,savings,2798.19,,,
acct_2e84be4f27,cust_4fbf40e025,Punjab National Bank,savings,31832.48,,,
acct_d55fc5ec2f,cust_c18c775771,Bank of Baroda,savings,5074.45,,,
acct_b41d1f38de,cust_c03bdc19d1,ICICI Bank,savings,43612.7,,,
acct_f155c94301,cust_cbcabececa,State Bank of India,savings,44361.57,,,
acct_ffafcd14ec,cust_bff8b6a251,ICICI Bank,savings,19737.47,,,
acct_a7add87d34,cust_bf7601a698,Bank of Baroda,savings,15279.93,,,
acct_d18ea214b9,cust_a1fe352292,ICICI Bank,savings,39925.79,,,
acct_2f493d7c11,cust_4c5bd3e34b,State Bank of India,savings,43176.68,,,
acct_0d6399abba,cust_edf9cd4169,HDFC Bank,savings,16731.29,,,
acct_b81af54afd,cust_4f49c981ea,HDFC Bank,savings,8147.69,,,
acct_38f8b0520d,cust_dc8f6b0e2f,HDFC Bank,savings,15420.92,,,
acct_53dc072b6f,cust_d0284f9fff,HDFC Bank,savings,26588.19,,,
acct_736b37b607,cust_28fe309bab,State Bank of India,savings,8756.4,,,
acct_81c898b5af,cust_539ec00e44,State Bank of India,savings,30633.86,,,
acct_d2e98c9a5d,cust_9a785a9c7b,Punjab National Bank,savings,41977.25,,,
acct_33f4873597,cust_faa9edcfff,State Bank of India,savings,17759.38,,,
acct_2a8041ab01,cust_1d79a2202b,HDFC Bank,savings,4185.61,,,
acct_bfabd563ef,cust_6b4373fa16,Bank of Baroda,savings,33184.08,,,
acct_785db31379,cust_7f708f9b92,HDFC Bank,savings,5236.74,,,
acct_e63b4879bb,cust_41c248e417,HDFC Bank,savings,40026.95,,,
acct_cd3f448e9a,cust_e8884354db,HDFC Bank,savings,49169.09,,,
acct_0d6881a911,cust_03f9333988,HDFC Bank,savings,48817.94,,,
acct_a0f4da5160,cust_55e6524894,Punjab National Bank,savings,33641.34,,,
acct_3d5e1d7aa1,cust_815d56ccff,Bank of Baroda,savings,49684.36,,,
acct_ce255b86ef,cust_6e9fde487b,Bank of Baroda,savings,29080.98,,,
acct_1db46be1f8,cust_61a86a6066,ICICI Bank,savings,8995.63,,,
acct_4797b1760d,cust_43cb31b00a,HDFC Bank,savings,48704.86,,,
acct_c82812a19e,cust_53964436ff,State Bank of India,savings,33031.59,,,
acct_48fcffc47c,cust_a627678719,Axis Bank,savings,18072.89,,,
acct_a51ca07fee,cust_749d244003,Bank of Baroda,savings,21735.21,,,
acct_684cfa3ab1,cust_691c7b5377,State Bank of India,savings,39351.48,,,
acct_f0416fc743,cust_4ed4230520,Bank of Baroda,savings,21577.98,,,
acct_0c2c0f7425,cust_3b764648d8,State Bank of India,savings,48054.75,,,
acct_4fd2b7c144,cust_9a0702a173,ICICI Bank,savings,17472.11,,,
acct_e7cb873fb7,cust_dc247785d7,Bank of Baroda,savings,4176.69,,,
acct_2e0c140c7d,cust_783fd1fe73,Bank of Baroda,savings,40737.48,,,
acct_74abfd9185,cust_49a2037e23,Bank of Baroda,savings,16976.26,,,
acct_0a0ed17172,cust_2c121cd2e7,HDFC Bank,savings,20233.48,,,
acct_7817deb836,cust_7e996e6866,Axis Bank,savings,17343.59,,,
acct_8c8e0dd676,cust_d664a6c161,HDFC Bank,savings,7925.42,,,
acct_7bb70c8ebd,cust_8ed5b08861,State Bank of India,savings,49234.63,,,
acct_87eba55212,cust_e7f70ff2d9,ICICI Bank,savings,27256.19,,,
acct_75b63b76e5,cust_9c741af926,Axis Bank,savings,48448.78,,,
acct_e9bd5feedc,cust_9977343067,ICICI Bank,savings,41118.61,,,
acct_61716bfbdc,cust_e5b28e1226,State Bank of India,savings,46209.24,,,
acct_77de3be648,cust_3cf259a1f2,HDFC Bank,savings,33600.32,,,
acct_1aada5cca7,cust_b5f65ea7a1,Axis Bank,savings,9727.61,,,
acct_ff62267fe8,cust_b723195323,Punjab National Bank,savings,48585.15,,,
acct_9a6d0d68c7,cust_a75080a94a,Bank of Baroda,savings,48885.07,,,
acct_00e77dbbee,cust_ff0b99cda3,State Bank of India,savings,5009.67,,,
acct_d6dcc2bdfe,cust_4665409dd1,HDFC Bank,savings,7361.58,,,
acct_b23af9543a,cust_dfe2d6ac68,State Bank of India,savings,29194.14,,,
acct_e2d3165637,cust_b6e48b8759,Punjab National Bank,savings,12346.08,,,
acct_a6bb706de3,cust_dfb6f0b536,Axis Bank,savings,29795.31,,,
acct_af6cf4cd96,cust_79fe6aa73a,ICICI Bank,savings,26191.59,,,
acct_09db4eee0a,cust_5bd6e05acf,ICICI Bank,savings,3757.24,,,
acct_16bb5527f4,cust_db541c5b18,Bank of Baroda,savings,47661.16,,,
acct_6d06c1b404,cust_f61e052017,Punjab National Bank,savings,26532.57,,,
acct_8ff8d33853,cust_2a52cfbb5d,Punjab National Bank,savings,30897.82,,,
acct_21856d2edd,cust_2c15b0638e,HDFC Bank,savings,44027.93,,,
acct_1681d8fc2c,cust_2857e03eec,State Bank of India,savings,3568.07,,,
acct_007c321ce5,cust_fc2bc53393,ICICI Bank,savings,43308.4,,,
acct_9ce7ff8a74,cust_5eadfa8448,HDFC Bank,savings,26875.65,,,
acct_46de5dbb38,cust_427e0ccded,ICICI Bank,savings,25325.05,,,
acct_9ecd748b72,cust_13b227ed2f,Punjab National Bank,savings,49894.72,,,
acct_36e67d237a,cust_b87fca969e,State Bank of India,savings,37445.62,,,
acct_fb59a7b3fd,cust_d5ee280c13,Bank of Baroda,savings,13786.69,,,
acct_927508a3b8,cust_370bfd4774,HDFC Bank,savings,37294.58,,,
acct_717c07d11d,cust_893d008430,State Bank of India,savings,39575.17,,,
acct_374eac3239,cust_047bfdde4c,Punjab National Bank,savings,5553.04,,,
acct_b862351147,cust_0023bbb271,Bank of Baroda,savings,21327.1,,,
acct_9bfb29f9fe,cust_0ec2234e65,Axis Bank,savings,23191.65,,,
acct_1428cdfa5d,cust_c89d96a5f6,HDFC Bank,savings,14040.25,,,
acct_2dbab4c469,cust_1e903bb2c1,Bank of Baroda,savings,20794.67,,,
acct_b628d3b430,cust_efab43bfec,HDFC Bank,savings,45657.25,,,
acct_5e24e54cc7,cust_7ca34233b8,ICICI Bank,savings,32572.07,,,
acct_fe6543b5a9,cust_af11c7d910,Axis Bank,savings,46470.15,,,
acct_d0c56160f5,cust_97a418af67,Axis Bank,savings,43708.76,,,
acct_f3331a9cb0,cust_a64f005020,Punjab National Bank,savings,29768.55,,,
acct_bf24b8452e,cust_d674a12719,State Bank of India,savings,7748.15,,,
acct_c5dfc34261,cust_6401dd9553,Axis Bank,savings,32703.26,,,
acct_81c0ffd358,cust_64492eaf58,Punjab National Bank,savings,40793.01,,,
acct_74436c3bc8,cust_f6c6936663,HDFC Bank,savings,48728.83,,,
acct_f56e75de6d,cust_a85a25c788,State Bank of India,savings,3123.92,,,
acct_9c43b220cd,cust_cd3285f76f,ICICI Bank,savings,42003.49,,,
acct_54402dddd9,cust_882f7551c1,State Bank of India,savings,9042.2,,,
acct_21e90c1c20,cust_9ac15af35a,Bank of Baroda,savings,26835.74,,,
acct_9823e6c8ca,cust_705411c49c,Punjab National Bank,savings,10578.1,,,
acct_2a53708a86,cust_d9ccf77311,Punjab National Bank,savings,49596.84,,,
acct_94f6f00532,cust_b0b43a2bed,Bank of Baroda,savings,30206.26,,,
acct_269a1e2f4f,cust_2689349c1d,HDFC Bank,savings,41623.15,,,
acct_d7ff6b376b,cust_e11c99223b,HDFC Bank,savings,5778.69,,,
acct_adc32ddc76,cust_8ef9e822ef,State Bank of India,savings,4010.55,,,
acct_5d57db4f60,cust_ea5f2b9a0e,HDFC Bank,savings,13961.63,,,
acct_960687aecf,cust_5a8fed4720,HDFC Bank,savings,16942.78,,,
acct_40eadf31db,cust_5535d8d3d0,State Bank of India,savings,40363.83,,,
acct_2729fa50c5,cust_8ec8dcf091,Axis Bank,savings,40258.25,,,
acct_78007bf6f7,cust_b30f094f0c,ICICI Bank,savings,31285.36,,,
acct_71a2fdd8e8,cust_6ea123133a,Axis Bank,savings,48443.16,,,
acct_89ca1dd29d,cust_2f6c6c23a5,Bank of Baroda,savings,24948.94,,,
acct_25706d7567,cust_9e53fffa0c,Punjab National Bank,savings,11462.15,,,
acct_b89139e602,cust_e48b0bc5a4,Bank of Baroda,savings,35857.21,,,
acct_185adb7684,cust_5359a193ad,Axis Bank,savings,21361.61,,,
acct_852fd5fb41,cust_dd467c66cc,Axis Bank,savings,10995.79,,,
acct_3df4e94893,cust_3a58cd5518,Axis Bank,savings,20575.72,,,
acct_0c3abc56c4,cust_0aa09025d5,Axis Bank,savings,21335.09,,,
acct_744efccc96,cust_f331b7d557,Punjab National Bank,savings,23813.41,,,
acct_c9adeeb94c,cust_13f18c0999,State Bank of India,savings,4850.93,,,
acct_008e58818f,cust_bf4dcbeeb0,Axis Bank,savings,18680.72,,,
acct_e33991b97b,cust_ab92bca009,ICICI Bank,savings,8390.16,,,
acct_022bb55e70,cust_3f84760a15,Bank of Baroda,savings,30447.08,,,
acct_16c477b145,cust_0b0265abd6,Axis Bank,savings,9476.39,,,
acct_521125d5d7,cust_85f9643577,Bank of Baroda,savings,20078.99,,,
acct_91ba10b3fc,cust_79ccc59406,Punjab National Bank,savings,10940.99,,,
acct_72260f0b6a,cust_95642e383a,Bank of Baroda,savings,20513.49,,,
acct_5f405690ca,cust_1d8212d339,ICICI Bank,savings,19936.79,,,
acct_c8f46c3d67,cust_c66d8e6536,Axis Bank,savings,45305.65,,,
acct_30e4ab8e45,cust_2ab90c6568,Axis Bank,savings,33619.31,,,
acct_02617f8d0d,cust_82620f3227,State Bank of India,savings,43203.63,,,
acct_806b7aeae0,cust_573d677e5b,State Bank of India,savings,24182.78,,,
acct_186b869699,cust_80a473d06a,State Bank of India,savings,35216.74,,,
acct_34abb26d70,cust_1a3d1f3a5d,HDFC Bank,savings,24864.41,,,
acct_0a5762a746,cust_2f9891d1fb,State Bank of India,savings,35358.93,,,
acct_02fafa6543,cust_3bc48389ac,ICICI Bank,savings,12980.22,,,
acct_0dd3483db3,cust_c007486aa8,HDFC Bank,savings,7470.56,,,
acct_97cd903bd9,cust_25e73a44e7,State Bank of India,savings,8136.84,,,
acct_c3ee91de79,cust_6b52b6c14c,Bank of Baroda,savings,45042.89,,,
acct_d51d710076,cust_9366fee680,State Bank of India,savings,16984.61,,,
acct_04de830d22,cust_7f086db42b,HDFC Bank,savings,27611.53,,,
acct_712564ff64,cust_5a903642df,Punjab National Bank,savings,12618.09,,,
acct_50955629f5,cust_a48a941116,Axis Bank,savings,49483.18,,,
acct_99ee7d7a75,cust_792a5defb8,ICICI Bank,savings,23590.67,,,
acct_7fd99bd9ae,cust_62c78a0741,HDFC Bank,savings,30379.56,,,
acct_dd56bb3b9f,cust_fe7f3a9b8d,State Bank of India,savings,9564.4,,,
acct_3aaee4f22f,cust_6397e3c92c,Axis Bank,savings,40313.73,,,
acct_58b4e5e804,cust_23895a1836,ICICI Bank,savings,20180.62,,,
acct_6516a3cd48,cust_4f21a72e4a,Punjab National Bank,savings,31264.05,,,
acct_2e19986789,cust_94e894b73c,State Bank of India,savings,6419.69,,,
acct_0a32709def,cust_be9bb472e5,ICICI Bank,savings,44260.27,,,
acct_1f88bf43eb,cust_aac9eba299,ICICI Bank,savings,42205.4,,,
acct_2ae711cfa0,cust_4ce8c9452b,Punjab National Bank,savings,34320.27,,,
acct_8ee420f2a0,cust_eba502eb94,State Bank of India,savings,2960.85,,,
acct_c2cd4635b2,cust_02ed3e721a,State Bank of India,savings,48867.76,,,
acct_4ade899dda,cust_9e656952a8,State Bank of India,savings,38730.99,,,
acct_630aeeecd0,cust_3a818bdd8a,State Bank of India,savings,35250.65,,,
acct_19ee827b35,cust_132a8ae484,HDFC Bank,savings,48415.58,,,
acct_716315d16d,cust_cc719d4092,Punjab National Bank,savings,46525.62,,,
acct_2adb41d3d2,cust_bfd7ff9ac7,State Bank of India,savings,25551.32,,,
acct_6498610226,cust_19d3ce4ce0,Bank of Baroda,savings,26616.0,,,
acct_3ab60478bc,cust_d7fbf7503d,HDFC Bank,savings,5712.12,,,
acct_ea9228f496,cust_ff1270f16d,Punjab National Bank,savings,25195.42,,,
acct_1e4eeddb3f,cust_fa660ee5e2,HDFC Bank,savings,2445.07,,,
acct_04c627c98e,cust_b9e8e6abdd,HDFC Bank,savings,16610.2,,,
acct_b8eedf11eb,cust_918bfacb28,ICICI Bank,savings,15779.69,,,
acct_b7a48d5e10,cust_893c39df92,Punjab National Bank,savings,34493.75,,,
acct_2b8b885afa,cust_433f71fa18,State Bank of India,savings,3193.92,,,
acct_26724fc7ae,cust_0917b29ed0,State Bank of India,savings,30105.96,,,
acct_0b59e8b2a1,cust_9bae7fa4e7,HDFC Bank,savings,6563.61,,,
acct_8e1df4d58b,cust_6b2a1d6322,Axis Bank,savings,14088.01,,,
acct_f8c6533d22,cust_3fccc88c69,State Bank of India,savings,8451.54,,,
acct_3acf0a46cf,cust_c100e07f9e,ICICI Bank,savings,9493.64,,,
acct_78c863bdf0,cust_28f60ff37b,Punjab National Bank,savings,13617.68,,,
acct_43ca339933,cust_469449d4a1,ICICI Bank,savings,25736.01,,,
acct_dc3f0741ef,cust_c80e01315b,HDFC Bank,savings,9905.83,,,
acct_02adcd197d,cust_38ede00f14,HDFC Bank,savings,25081.61,,,
acct_1e56568ab3,cust_3e8ba26256,HDFC Bank,savings,21758.7,,,
acct_9ad6b5c97b,cust_d79785e9e7,State Bank of India,savings,26582.9,,,
acct_560113a0d5,cust_313abcbb1a,State Bank of India,savings,23422.1,,,
acct_84a3cc76ca,cust_37a3439cc4,Axis Bank,savings,39493.96,,,
acct_c38b444f98,cust_f2cf8d45fc,HDFC Bank,savings,11292.12,,,
acct_ff14da894d,cust_5e45418ac8,State Bank of India,savings,43941.99,,,
acct_f2df76f523,cust_e534776fe1,Axis Bank,savings,25232.82,,,
acct_767ac63510,cust_f78c3693be,Bank of Baroda,savings,35021.08,,,
acct_503c014106,cust_fbdc1ef479,ICICI Bank,savings,8166.02,,,
acct_d55269994d,cust_7307301089,HDFC Bank,savings,28859.2,,,
acct_8f6521baa4,cust_c2f4452b9f,State Bank of India,savings,41669.85,,,
acct_60708388b5,cust_8ec5506d32,Bank of Baroda,savings,40214.16,,,
acct_c71feb5860,cust_a6c1873440,ICICI Bank,savings,20715.63,,,
acct_56edbca631,cust_424286cecf,ICICI Bank,savings,35095.09,,,
acct_8b27002a59,cust_d3c5a718e2,Bank of Baroda,savings,18804.99,,,
acct_0f34e6e549,cust_8883b2f6a9,State Bank of India,savings,35540.9,,,
acct_d9edbc1cc8,cust_4edd206e53,Punjab National Bank,savings,19818.44,,,
acct_ba37587cd2,cust_c9f036368c,ICICI Bank,savings,9292.53,,,
acct_4b7f9ee13a,cust_f09e5a3e36,Bank of Baroda,savings,19699.76,,,
acct_02c4a43351,cust_449cff7fa0,Punjab National Bank,savings,14464.21,,,
acct_73d8255768,cust_67231ebb32,Bank of Baroda,savings,7738.7,,,
acct_79d6927596,cust_decf332560,ICICI Bank,savings,36382.13,,,
acct_6cba503036,cust_b95d61b95c,State Bank of India,savings,20197.22,,,
acct_33ef867183,cust_0e4f3cfd8a,ICICI Bank,savings,31791.27,,,
acct_f87bc5cd7c,cust_28a709cf3c,Punjab National Bank,savings,27563.82,,,
acct_27f284da4e,cust_d2550f6455,Axis Bank,savings,33410.07,,,
acct_82067dfa98,cust_2b833fd347,Punjab National Bank,savings,18475.99,,,
acct_4173828abe,cust_1f4a4b3d9c,Axis Bank,savings,11543.37,,,
acct_e48a5da1b5,cust_d45bd0474b,ICICI Bank,savings,24563.17,,,
acct_e6edc31057,cust_3f4b2388ee,Bank of Baroda,savings,23087.11,,,
acct_845ac9641e,cust_8cb0cab6eb,ICICI Bank,savings,15493.17,,,
acct_63802234dd,cust_b0f356a647,HDFC Bank,savings,28425.25,,,
acct_b92b48fffe,cust_69b95b80cf,HDFC Bank,savings,47363.39,,,
acct_e55e70c426,cust_ee847fec6e,Punjab National Bank,savings,29460.74,,,
acct_7c2940f769,cust_fa9133d8f6,ICICI Bank,savings,11413.56,,,
acct_93bb69db03,cust_b9dca05ef6,ICICI Bank,savings,34270.01,,,
acct_5cb5ee8af0,cust_d5b78c5374,HDFC Bank,savings,30444.3,,,
acct_a752abddcb,cust_d11dc9d628,Punjab National Bank,savings,26029.77,,,
acct_2ffa0d404f,cust_77389319ab,ICICI Bank,savings,9962.23,,,
acct_e4ebe180de,cust_392f0316af,Axis Bank,savings,26336.41,,,
acct_b56ceabb45,cust_bb8d9e828c,Punjab National Bank,savings,46063.4,,,
acct_ef0af6575c,cust_b1e184dbec,HDFC Bank,savings,25969.98,,,
acct_b45f1e644d,cust_8fb4a2e291,Punjab National Bank,savings,49908.9,,,
acct_743dad3fda,cust_ba9ff6715d,HDFC Bank,savings,42069.28,,,
acct_da6fea28f2,cust_d285d9f6d3,HDFC Bank,savings,32582.98,,,
acct_f5705ccf4f,cust_59762b2091,Bank of Baroda,savings,9126.9,,,
acct_576bca5d93,cust_b39720a58d,Punjab National Bank,savings,10212.42,,,
acct_3f1bc9387e,cust_8f6d340e60,State Bank of India,savings,23917.85,,,
acct_46b3b0d68f,cust_b08fa52b0c,Bank of Baroda,savings,12731.04,,,
acct_ce30f88acf,cust_e60f30aaa6,Axis Bank,savings,39171.19,,,
acct_4240de209c,cust_67c1d8d426,Punjab National Bank,savings,11030.3,,,
acct_cd052553d1,cust_5dbb293e8d,State Bank of India,savings,39862.74,,,
acct_fecee98ba0,cust_e8ca0c5010,State Bank of India,savings,5916.09,,,
acct_0b810a3b38,cust_32159f286e,Axis Bank,savings,19529.9,,,
acct_38945dc77a,cust_a8ea22a9d8,Axis Bank,savings,26973.21,,,
acct_d7ac0bf7a7,cust_40f07ff765,HDFC Bank,savings,16812.4,,,
acct_b7938f4c0b,cust_4daf817dfc,ICICI Bank,savings,24849.67,,,
acct_f73498482d,cust_366e9d3d10,State Bank of India,savings,31035.46,,,
acct_95e7d66747,cust_7b3c6bea30,State Bank of India,savings,23317.88,,,
acct_b9812c51ad,cust_55faa813f7,State Bank of India,savings,48872.36,,,
acct_3b7ed61baf,cust_9cc049d561,State Bank of India,savings,27817.05,,,
acct_cc78a130c2,cust_0eb7ba30ea,HDFC Bank,savings,2450.82,,,
acct_15d7b0ac58,cust_a82623d2ad,State Bank of India,savings,15657.81,,,
acct_fdf2335547,cust_d1c704738b,Bank of Baroda,savings,15301.35,,,
acct_cfcb158624,cust_e37cca9d0d,ICICI Bank,savings,14628.54,,,
acct_057d7ed815,cust_7493ca784f,Punjab National Bank,savings,40826.3,,,
acct_6c24a8a01a,cust_2127b4ea38,Bank of Baroda,savings,31226.38,,,
acct_c153fc6ed3,cust_c013c7809a,Bank of Baroda,savings,13910.9,,,
acct_5f25b05059,cust_1caa4dd49b,Punjab National Bank,savings,12095.62,,,
acct_3247a2693b,cust_7a12ceb7ce,Bank of Baroda,savings,48866.61,,,
acct_a43e6cc0b3,cust_db3d0bda0a,Punjab National Bank,savings,16506.59,,,
acct_75585f1d67,cust_9515ea7c3d,Punjab National Bank,savings,39725.55,,,
acct_e91495fd33,cust_d7907adc99,Axis Bank,savings,11176.27,,,
acct_96f39f932b,cust_627c0bd676,ICICI Bank,savings,47275.45,,,
acct_397dce7909,cust_51f641c20a,Bank of Baroda,savings,13451.53,,,
acct_2d2fc3e14d,cust_2af0e0c30b,ICICI Bank,savings,46520.05,,,
acct_192e92e3fe,cust_685935cf9d,Punjab National Bank,savings,4841.7,,,
acct_b017cdef05,cust_5d49dca25f,Punjab National Bank,savings,37001.3,,,
acct_f9172ad426,cust_6cd5a3210c,HDFC Bank,savings,21267.86,,,
acct_d5a56a5e50,cust_6bfba84079,ICICI Bank,savings,30091.76,,,
acct_bee23433b8,cust_579f8b325e,Punjab National Bank,savings,48867.07,,,
acct_9f860ee971,cust_7e6e5a4dbd,ICICI Bank,savings,18577.8,,,
acct_bf1145e44d,cust_9265f23315,Bank of Baroda,savings,33371.13,,,
acct_3fcd953174,cust_9839d86ac0,ICICI Bank,savings,2693.1,,,
acct_670d99339e,cust_830789c780,ICICI Bank,savings,19637.23,,,
acct_96a0147058,cust_5301668222,Axis Bank,savings,33874.8,,,
acct_b967b40ed1,cust_24d893dd73,Punjab National Bank,savings,4365.62,,,
acct_943f4fd909,cust_f50ffb467a,ICICI Bank,savings,47752.13,,,
acct_7caff2c086,cust_011bedb60a,Punjab National Bank,savings,44883.76,,,
acct_2ced031890,cust_2b3fb4842d,HDFC Bank,savings,5038.06,,,
acct_e3c0a3467d,cust_fc1627f7e7,State Bank of India,savings,24284.28,,,
acct_fd6619ba53,cust_361cc1acf6,HDFC Bank,savings,28870.32,,,
acct_da31ed263c,cust_69675ba89c,HDFC Bank,savings,15803.67,,,
acct_c5cfaa512e,cust_8c023dc98d,Bank of Baroda,savings,35010.8,,,
acct_788b7abc81,cust_637a0c9188,State Bank of India,savings,23202.78,,,
acct_3dcffd8907,cust_9bdfb637a7,Bank of Baroda,savings,8459.87,,,
acct_212a7cd0f8,cust_deab48beea,HDFC Bank,savings,48631.61,,,
acct_c279d84c71,cust_32aefb3492,Punjab National Bank,savings,2467.81,,,
acct_5c07767599,cust_84e33223a0,Punjab National Bank,savings,18646.09,,,
acct_ba05cb275b,cust_a86282082d,HDFC Bank,savings,18688.45,,,
acct_1a4c7a8d19,cust_75ad782118,HDFC Bank,savings,12731.78,,,
acct_4b81bae700,cust_fc87b9e941,Punjab National Bank,savings,25320.3,,,
acct_26049a20bc,cust_2d385e293b,Axis Bank,savings,17024.65,,,
acct_b396bffcef,cust_bf96e33063,Bank of Baroda,savings,21682.48,,,
acct_52ebd0ee77,cust_8791b6acdb,Bank of Baroda,savings,4449.11,,,
acct_606a3d6f52,cust_9d48c9bd92,Punjab National Bank,savings,14952.12,,,
acct_a9e180d543,cust_ffb6d0e8d2,Punjab National Bank,savings,41398.02,,,
acct_222d64cad9,cust_fb060e87ab,Punjab National Bank,savings,9303.26,,,
acct_9a9cfc166c,cust_9f9e86a2ce,Axis Bank,savings,46968.83,,,
acct_f3b862604c,cust_fb0a86b5b1,Axis Bank,savings,11764.93,,,
acct_ff749b876a,cust_b7aa007402,Axis Bank,savings,17489.69,,,
acct_8c349b25a9,cust_772beac972,ICICI Bank,savings,9387.97,,,
acct_02bd19b698,cust_5cfe656cd5,Bank of Baroda,savings,17496.02,,,
acct_91ef5af561,cust_f6f454a446,Axis Bank,savings,29601.71,,,
acct_8b5200a957,cust_373db84946,State Bank of India,savings,43796.54,,,
acct_2d49e60b36,cust_b16b3ff16f,Bank of Baroda,savings,8435.66,,,
acct_6084879098,cust_367db394cd,Axis Bank,savings,29417.53,,,
acct_59021904ff,cust_6780c1f658,HDFC Bank,savings,18957.46,,,
acct_6f52cdde50,cust_852bed4407,Axis Bank,savings,39921.55,,,
acct_05e363f489,cust_fba4e7801c,ICICI Bank,savings,21130.99,,,
acct_e1ad3f1d0b,cust_a2187a7e91,ICICI Bank,savings,29645.98,,,
acct_cc98f5102a,cust_910bbb0286,Punjab National Bank,savings,13244.12,,,
acct_8cf306815c,cust_6a19cb50d0,Axis Bank,savings,37469.45,,,
acct_f598b2b981,cust_9a3bd8d618,Bank of Baroda,savings,3309.48,,,
acct_c843fc383b,cust_192bb43f61,Punjab National Bank,savings,25797.37,,,
acct_936081cfa5,cust_2046f5c442,Axis Bank,savings,35317.43,,,
acct_c044597e30,cust_beda80aa87,HDFC Bank,savings,11420.22,,,
acct_c24fc2c79a,cust_0397978ef8,State Bank of India,savings,43551.66,,,
acct_678112bc72,cust_16f0de7bad,HDFC Bank,savings,17345.8,,,
acct_a5997df637,cust_1a5584c701,State Bank of India,savings,22536.34,,,
acct_30928e5088,cust_12efbd7d96,Bank of Baroda,savings,45302.52,,,
acct_5e9ee5ed74,cust_5396ec4769,ICICI Bank,savings,23489.13,,,
acct_237edfb297,cust_a58143ce4f,Bank of Baroda,savings,49981.51,,,
acct_dab90560b5,cust_04d94f7068,State Bank of India,savings,10822.29,,,
acct_67c6fa84be,cust_b4bb956852,HDFC Bank,savings,18998.89,,,
acct_2886725c6f,cust_63fb6784c7,ICICI Bank,savings,44609.76,,,
acct_3c27fcae36,cust_fe10ad0adf,ICICI Bank,savings,7574.63,,,
acct_236412f003,cust_4127c827fd,Punjab National Bank,savings,22914.8,,,
acct_6829eb291c,cust_103febf393,Punjab National Bank,savings,25831.89,,,
acct_7656f93ad1,cust_8aa3cf54ab,Axis Bank,savings,7161.44,,,
acct_c44858f8e6,cust_ef1da25f99,State Bank of India,savings,41946.47,,,
acct_3fdcdf85e8,cust_195b038aab,ICICI Bank,savings,43697.02,,,
acct_f8b2d2d7a0,cust_a5ece45ba9,Punjab National Bank,savings,33623.04,,,
acct_c0cf9b8db5,cust_e922549b8b,Punjab National Bank,savings,25785.12,,,
acct_c3db65ee51,cust_d028628a48,HDFC Bank,savings,3096.23,,,
acct_30d96b92ac,cust_6bdc5a0fe5,ICICI Bank,savings,45798.63,,,
acct_b19171f6a1,cust_8d4a080d94,Axis Bank,savings,24504.98,,,
acct_ec85942a46,cust_bb7f431231,HDFC Bank,savings,23230.81,,,
acct_4fa4e2136c,cust_8f499984cb,ICICI Bank,savings,40215.35,,,
acct_d82366f45b,cust_733cb659d0,Axis Bank,savings,49902.85,,,
acct_02e8fe0b5b,cust_0dc5659640,ICICI Bank,savings,30586.56,,,
acct_9929d50913,cust_079c7aecb1,HDFC Bank,savings,25590.96,,,
acct_f490ba925c,cust_d1710ce88e,Axis Bank,savings,31059.73,,,
acct_578a5f1600,cust_9352cb5f0b,HDFC Bank,savings,27927.33,,,
acct_493e4efb4b,cust_22c38da7ff,HDFC Bank,savings,26816.64,,,
acct_090303444e,cust_1dadda9483,Bank of Baroda,savings,12638.69,,,
acct_8d4d51f095,cust_714cdc043a,State Bank of India,savings,19534.25,,,
acct_1423ab7e87,cust_0e1c7471f6,State Bank of India,savings,24957.5,,,
acct_29f7895365,cust_73a9a4720d,Bank of Baroda,savings,45489.43,,,
acct_4d3583dfa7,cust_538ee102e8,HDFC Bank,savings,12891.6,,,
acct_3f774d752f,cust_5a6a4f4068,Bank of Baroda,savings,8819.38,,,
acct_8c667f364b,cust_8e42933ab4,Axis Bank,savings,8396.76,,,
acct_7e8cf1fe0b,cust_fd07f2fcaa,Axis Bank,savings,11874.95,,,
acct_768431e781,cust_2567aa56aa,Bank of Baroda,savings,30468.48,,,
acct_e1051b9b4c,cust_b267d88b8d,Axis Bank,savings,5538.99,,,
acct_009e7250ec,cust_d355bc1847,Bank of Baroda,savings,26933.95,,,
acct_bede9ba74e,cust_4b11016100,Bank of Baroda,savings,30090.01,,,
acct_a359958c1f,cust_f36d20da70,Bank of Baroda,savings,27497.15,,,
acct_e8bf9a92cb,cust_27cccbec9f,State Bank of India,savings,45263.67,,,
acct_3e895c19df,cust_46d6cd3b0d,State Bank of India,savings,46224.44,,,
acct_38e04dfcc7,cust_2fcb4babfd,Punjab National Bank,savings,24751.93,,,
acct_6d384012d2,cust_931d547305,State Bank of India,savings,23408.0,,,
acct_d10620f011,cust_7bca3a1baf,ICICI Bank,savings,25034.71,,,
acct_747c3d5f65,cust_1156bf65da,Punjab National Bank,savings,10936.23,,,
acct_17ffba0858,cust_3acf904fd9,ICICI Bank,savings,31593.08,,,
acct_991e91857c,cust_3576a1a9e0,State Bank of India,savings,28068.55,,,
acct_5b0c781221,cust_3c6da4bf8e,Bank of Baroda,savings,23675.77,,,
acct_566429b7f5,cust_3655fb090e,Axis Bank,savings,37262.61,,,
acct_75a98aad20,cust_3ec9c5106d,Bank of Baroda,savings,6159.22,,,
acct_4df09a686a,cust_7bd9c844c0,HDFC Bank,savings,17105.07,,,
acct_9ee14b3120,cust_80291a9e85,ICICI Bank,savings,33468.99,,,
acct_b063c6bc7c,cust_2b37b085b8,HDFC Bank,savings,3522.3,,,
acct_782cec421f,cust_be14259bc2,Bank of Baroda,savings,8593.29,,,
acct_4db3f6e9fa,cust_e0645d53c2,Bank of Baroda,savings,3226.77,,,
acct_aa33b7ae93,cust_e44492fc78,Punjab National Bank,savings,40267.84,,,
acct_ec89c54e6d,cust_c671bf2493,State Bank of India,savings,23320.83,,,
acct_b9cc3eef83,cust_85d4513e27,HDFC Bank,savings,40071.82,,,
acct_62bfd360f4,cust_00d0ce6273,ICICI Bank,savings,14610.32,,,
acct_ead30f8376,cust_8a327d6f1f,State Bank of India,savings,26705.8,,,
acct_2ec27599a4,cust_eef5cf3604,Bank of Baroda,savings,42707.14,,,
acct_d2dccd95dc,cust_5f2cd7b87f,ICICI Bank,savings,10806.83,,,
acct_801b52118b,cust_d1e77ba44d,State Bank of India,savings,30469.75,,,
acct_b0c01a0b2c,cust_3a57e66e05,HDFC Bank,savings,6429.32,,,
acct_7f2ef38871,cust_1a1a582192,Axis Bank,savings,4497.18,,,
acct_9a032e619e,cust_4fba8d851e,State Bank of India,savings,22697.77,,,
acct_e0107dfda9,cust_be5cc7ac5b,HDFC Bank,savings,11611.54,,,
acct_5d788f135c,cust_9b7d8dafba,Punjab National Bank,savings,29422.16,,,
acct_18355f0e76,cust_5fe76de6a1,HDFC Bank,savings,46230.01,,,
acct_1a853ba1ed,cust_8d40948595,Axis Bank,savings,19784.74,,,
acct_8c4f4eabf8,cust_2a01c65770,Axis Bank,savings,41156.38,,,
acct_c5c5fabf9d,cust_f35a40e6f4,HDFC Bank,savings,32440.42,,,
acct_45973322d3,cust_e229558211,ICICI Bank,savings,15046.62,,,
acct_067872195e,cust_7bb2b93b9b,HDFC Bank,savings,30981.94,,,
acct_e514e35432,cust_3f08a923bd,Bank of Baroda,savings,39251.03,,,
acct_8d2b72a31e,cust_c90c0a80c9,ICICI Bank,savings,3937.74,,,
acct_d1fb62e36b,cust_bce3a1e46c,Axis Bank,savings,44222.8,,,
acct_bddd26497f,cust_1d2922173d,Axis Bank,savings,45092.97,,,
acct_bcc7abd54a,cust_4133fb5749,Axis Bank,savings,13297.78,,,
acct_f5e0b1b503,cust_61f2586ca8,Bank of Baroda,savings,4035.04,,,
acct_79a9625244,cust_b55dd763e3,Axis Bank,savings,17124.78,,,
acct_f8abf87f2b,cust_d1842a7872,State Bank of India,savings,38746.7,,,
acct_19b17ac103,cust_48391a3641,ICICI Bank,savings,29544.77,,,
acct_90bf55818a,cust_3b444cc36f,Axis Bank,savings,23370.23,,,
acct_e6079b75d6,cust_adf68e5fdd,ICICI Bank,savings,47912.3,,,
acct_6b75370b44,cust_361134558e,State Bank of India,savings,38659.86,,,
acct_633778ed32,cust_400edc68d6,ICICI Bank,savings,29229.57,,,
acct_3310b99c5b,cust_70d41483fb,State Bank of India,savings,41037.89,,,
acct_9321056d85,cust_469faadaab,Punjab National Bank,savings,33717.05,,,
acct_412b136487,cust_b7b7794c45,Bank of Baroda,savings,22462.18,,,
acct_6e17273990,cust_141db71032,Axis Bank,savings,20356.87,,,
acct_80d129ce7e,cust_3872d16500,ICICI Bank,savings,3721.58,,,
acct_4d277e8ddf,cust_1a63bffa42,Punjab National Bank,savings,21212.88,,,
acct_4ef5e84be7,cust_b28a4d9901,Axis Bank,savings,40167.09,,,
acct_b1fe1cf630,cust_a909ba25ce,Bank of Baroda,savings,40751.35,,,
acct_b4516cf8da,cust_45556ce42b,Axis Bank,savings,19818.43,,,
acct_e92423100f,cust_dcac183d74,Axis Bank,savings,37308.04,,,
acct_e08eb938eb,cust_398c78c1e0,Punjab National Bank,savings,36904.04,,,
acct_2d96c9a428,cust_4bc7d00bd1,Punjab National Bank,savings,9101.84,,,
acct_6529450fc3,cust_d09a050354,ICICI Bank,savings,28297.42,,,
acct_955123b450,cust_30e5077445,Axis Bank,savings,13623.46,,,
acct_d2ef071cb0,cust_244208ad20,ICICI Bank,savings,7096.9,,,
acct_cb7f321dfd,cust_179ef993d3,Axis Bank,savings,44227.18,,,
acct_13ad758441,cust_07ca57cc3e,HDFC Bank,savings,46925.51,,,
acct_1e51d81a95,cust_d74b822f6e,Punjab National Bank,savings,26998.94,,,
acct_38b1b0f895,cust_2a273bdd54,ICICI Bank,savings,22970.26,,,
acct_4073d87bca,cust_724806cfa2,State Bank of India,savings,6184.01,,,
acct_012ad5503b,cust_36da2b8636,Bank of Baroda,savings,15039.29,,,
acct_42bb5063a3,cust_dabc6caba9,Axis Bank,savings,39573.67,,,
acct_acb1c2fe08,cust_272029a48b,HDFC Bank,savings,7420.34,,,
acct_6305689acb,cust_487cc767d6,Axis Bank,savings,46397.09,,,
acct_7cfda77823,cust_2e9067fa07,Punjab National Bank,savings,12910.72,,,
acct_08ddaa583d,cust_29ef48a8ce,Axis Bank,savings,23838.53,,,
acct_c54a4aa27c,cust_332f0d6097,Axis Bank,savings,29934.28,,,
acct_fb997c2be1,cust_7b9d54e891,Punjab National Bank,savings,39577.27,,,
acct_349b46a232,cust_3046244988,State Bank of India,savings,23795.39,,,
acct_503a2b1246,cust_27b9c3f1d1,Bank of Baroda,savings,40604.53,,,
acct_3acc086a42,cust_b6ba27bd2e,Punjab National Bank,savings,16354.58,,,
acct_7b6add6d43,cust_ea5edeb3eb,Bank of Baroda,savings,11311.43,,,
acct_2f80e32b20,cust_e65eafdc76,HDFC Bank,savings,17202.14,,,
acct_e5a8567ff7,cust_03fbace0f7,ICICI Bank,savings,15989.58,,,
acct_ac75d43566,cust_0d27eb2fe9,Punjab National Bank,savings,13903.47,,,
acct_39df9d781d,cust_e11160146d,ICICI Bank,savings,46030.23,,,
acct_4ee7ad2cb8,cust_046631b9a1,Punjab National Bank,savings,28572.25,,,
acct_f7cddb64f4,cust_e3274aa707,Bank of Baroda,savings,26152.2,,,
acct_b6b7dcd617,cust_f377a1c759,HDFC Bank,savings,10579.2,,,
acct_946ae901b6,cust_3906a13406,Punjab National Bank,savings,44038.03,,,
acct_7cff7fb9be,cust_d616013804,State Bank of India,savings,12930.36,,,
acct_7c67106a35,cust_46bf247bf2,State Bank of India,savings,23027.35,,,
acct_95561537ab,cust_b551e58060,State Bank of India,savings,32432.26,,,
acct_c9571cb56a,cust_da2a8e9d77,Punjab National Bank,savings,20331.83,,,
acct_310325022e,cust_c29e488f08,Punjab National Bank,savings,37579.76,,,
acct_ad6480be70,cust_2e7a512200,Punjab National Bank,savings,49901.26,,,
acct_f9a9e9a434,cust_42796dbad3,HDFC Bank,savings,25428.78,,,
acct_ee5d345c9b,cust_80c46985db,Axis Bank,savings,15714.94,,,
acct_8282145b81,cust_5a854c0d48,Punjab National Bank,savings,42859.83,,,
acct_d5a731700b,cust_71726dd8b8,HDFC Bank,savings,36988.08,,,
acct_e9c020bc01,cust_97f2536d83,Bank of Baroda,savings,43105.32,,,
acct_229e3f9624,cust_a89f170676,ICICI Bank,savings,26653.72,,,
acct_a94d94c589,cust_bd5a8851d6,Axis Bank,savings,30501.21,,,
acct_d908e12d91,cust_ce69b6d560,Axis Bank,savings,34510.37,,,
acct_516a2c6265,cust_65bfebb51f,Punjab National Bank,savings,25883.33,,,
acct_9489416774,cust_96df226b1c,Punjab National Bank,savings,5687.21,,,
acct_e30aa85088,cust_5e33f380e7,State Bank of India,savings,6482.59,,,
acct_f897da1c68,cust_48f694bee8,HDFC Bank,savings,14351.63,,,
acct_1c74d5c2c8,cust_1e56cfa285,State Bank of India,savings,9449.28,,,
acct_980a7234ad,cust_50e48f4bcf,Axis Bank,savings,40831.59,,,
acct_0d2e623786,cust_07fc6e742f,ICICI Bank,savings,43824.48,,,
acct_5e81a40f5b,cust_892da5d952,Bank of Baroda,savings,41623.74,,,
acct_2076213870,cust_82ad473374,ICICI Bank,savings,42432.81,,,
acct_d5cb3e2d3e,cust_292e00e94f,Axis Bank,savings,17372.1,,,
acct_e8b5f8ade4,cust_c00deeaae8,Punjab National Bank,savings,29536.92,,,
acct_b11b95b85e,cust_b4615360d7,State Bank of India,savings,33620.16,,,
acct_9a12a0a7b3,cust_577fff8630,State Bank of India,savings,41639.08,,,
acct_5771b5c4bb,cust_fa9f4bcb53,ICICI Bank,savings,32514.6,,,
acct_d834b61852,cust_dc27a4e1ce,Axis Bank,savings,15549.17,,,
acct_afe3a71d62,cust_ecacf7de49,State Bank of India,savings,3196.97,,,
acct_d5a75ad329,cust_e65b4b8b8b,HDFC Bank,savings,45340.19,,,
acct_cc02d34156,cust_19eec46c7e,Axis Bank,savings,4302.44,,,
acct_70db34be74,cust_10181ede54,Axis Bank,savings,3774.83,,,
acct_d258f281bd,cust_0f1bef87ea,Axis Bank,savings,22984.95,,,
acct_d65be38c7e,cust_a57d8fa9d3,State Bank of India,savings,7306.13,,,
acct_a35d5de976,cust_0ce4515433,HDFC Bank,savings,31924.8,,,
acct_8acb6e4c37,cust_5d97b95161,HDFC Bank,savings,5199.12,,,
acct_d5e64baec9,cust_f8f012a933,State Bank of India,savings,36947.49,,,
acct_624ab559b6,cust_702786e4e0,HDFC Bank,savings,5460.73,,,
acct_67b10644b7,cust_7813efc1da,State Bank of India,savings,3195.81,,,
acct_59c3547a5b,cust_7c69cd5b22,Bank of Baroda,savings,49194.0,,,
acct_d95f8379d1,cust_4795b70329,ICICI Bank,savings,32974.0,,,
acct_4fb2bea738,cust_9b140b5cd6,State Bank of India,savings,23494.02,,,
acct_0eaed82463,cust_9aa66f056e,Bank of Baroda,savings,40701.46,,,
acct_ef474754dc,cust_c1fcf059fc,Punjab National Bank,savings,6558.34,,,
acct_44dbe57d4b,cust_6704b5589a,ICICI Bank,savings,42761.95,,,
acct_53ed995a91,cust_14b8a7bd18,Axis Bank,savings,30930.84,,,
acct_aa14452c82,cust_87a64e2630,State Bank of India,savings,9162.76,,,
acct_42f4c89d14,cust_03bf247689,ICICI Bank,savings,47575.72,,,
acct_720826448f,cust_2b2fcd1119,HDFC Bank,savings,2648.51,,,
acct_52f4a88679,cust_a0f75480a2,State Bank of India,savings,19669.47,,,
acct_b0ed5561a9,cust_0f5ee1e296,State Bank of India,savings,26279.46,,,
acct_cd3bdbdb06,cust_e37de7192f,Punjab National Bank,savings,7561.43,,,
acct_434bc414a2,cust_47b43ec6f8,ICICI Bank,savings,28875.87,,,
acct_b6fb78342b,cust_91dd2da661,Bank of Baroda,savings,13817.11,,,
acct_281a5d8af8,cust_ed69e8c45e,Axis Bank,savings,31946.44,,,
acct_76e52a2f83,cust_dab660c6c1,Punjab National Bank,savings,12214.01,,,
acct_49a3fc7238,cust_bef3fe3660,Punjab National Bank,savings,43189.46,,,
acct_69ba2409b9,cust_8ebf1878a8,Bank of Baroda,savings,41758.11,,,
acct_a9ea9cc5f5,cust_76d51c7648,ICICI Bank,savings,3342.14,,,
acct_028984f4e2,cust_f949608b2f,Axis Bank,savings,23528.26,,,
acct_6c3b21a0c4,cust_7d9b7cee2c,Axis Bank,savings,27378.8,,,
acct_d86055d999,cust_72cb849214,Bank of Baroda,savings,28476.01,,,
acct_fe71bb700e,cust_0aeea6f181,HDFC Bank,savings,48752.78,,,
acct_9987b4b30d,cust_50bff42960,HDFC Bank,savings,31996.12,,,
acct_4811030db8,cust_c657590567,State Bank of India,savings,32474.33,,,
acct_fcea3137dd,cust_4ec51f6d1b,Punjab National Bank,savings,5218.02,,,
acct_c112034dc0,cust_997e0ac899,Punjab National Bank,savings,25326.77,,,
acct_130335a91a,cust_101114da1b,Axis Bank,savings,44162.23,,,
acct_73bb5f422a,cust_3bfe77c492,Bank of Baroda,savings,38541.61,,,
acct_f38bd80164,cust_3d177675c2,Punjab National Bank,savings,37885.11,,,
acct_a1ade9c55c,cust_92eaa3ed6f,ICICI Bank,savings,29639.94,,,
acct_f4c66e3ff7,cust_37ad2f6bb5,State Bank of India,savings,6802.1,,,
acct_c2f7877d13,cust_fb2f997186,Axis Bank,savings,5218.47,,,
acct_79b4717770,cust_b35ac1c5a4,Axis Bank,savings,13434.97,,,
acct_f62e282522,cust_a8abd46e91,ICICI Bank,savings,19308.73,,,
acct_2ca04aa51b,cust_3a201001a6,Bank of Baroda,savings,5697.92,,,
acct_82dab32fb8,cust_ab3c2330fc,ICICI Bank,savings,11810.56,,,
acct_0c71ab95ee,cust_88e18ffa00,Punjab National Bank,savings,33233.59,,,
acct_2a415939d2,cust_8633c6c1ae,Punjab National Bank,savings,39429.79,,,
acct_50bda0b88d,cust_8d7f673a8f,Axis Bank,savings,9117.3,,,
acct_4d2ad5aa40,cust_cefef02890,State Bank of India,savings,28954.31,,,
acct_7659d64cca,cust_538da1fc5f,ICICI Bank,savings,11213.15,,,
acct_b1bc2f3630,cust_4e444a72af,Bank of Baroda,savings,9275.61,,,
acct_ef78000fc1,cust_b8cf085d98,Axis Bank,savings,19576.27,,,
acct_754053ba21,cust_2a2f4aca07,Bank of Baroda,savings,38801.51,,,
acct_73bf432e80,cust_d3394509c3,State Bank of India,savings,43810.04,,,
acct_256153295e,cust_a2e2863f0a,ICICI Bank,savings,27068.27,,,
acct_6bd828b9f5,cust_d7d66932c7,Punjab National Bank,savings,46300.7,,,
acct_24c90503fd,cust_a779064284,Axis Bank,savings,38827.54,,,
acct_0d4e97d53d,cust_e20f176a35,Axis Bank,savings,4071.02,,,
acct_606c4c5921,cust_9af4956d30,Axis Bank,savings,6448.94,,,
acct_a7e02cb77c,cust_fedf8e5d06,HDFC Bank,savings,3436.22,,,
acct_78216fd4df,cust_e409397f46,State Bank of India,savings,6095.29,,,
acct_0a68ce838d,cust_66d670ceb5,Punjab National Bank,savings,30534.17,,,
acct_dfa3efc7e6,cust_556dbc9c18,State Bank of India,savings,18318.42,,,
acct_6df23a64f9,cust_3a2129ed02,Punjab National Bank,savings,11981.11,,,
acct_531400cf2e,cust_cb726a8fc8,Punjab National Bank,savings,22010.05,,,
acct_9fc2cf843f,cust_fee045a3dc,Punjab National Bank,savings,40038.87,,,
acct_43fa9e693e,cust_2345da4299,ICICI Bank,savings,3748.54,,,
acct_9e40b5afd2,cust_a91977ea77,HDFC Bank,savings,22949.43,,,
acct_ae8e70e7fd,cust_5f176d20fd,Bank of Baroda,savings,4056.63,,,
acct_5a867afc1c,cust_08ccd69759,Punjab National Bank,savings,32821.69,,,
acct_d13eb51842,cust_a90618e9d2,Axis Bank,savings,4881.88,,,
acct_0dea446d26,cust_1b3e70a9f2,ICICI Bank,savings,5839.86,,,
acct_e382f59ab7,cust_8c6702476a,HDFC Bank,savings,34165.5,,,
acct_2942049298,cust_5295ef7d8b,HDFC Bank,savings,26888.05,,,
acct_2e8e0d93d9,cust_ec172faf0b,Punjab National Bank,savings,21895.87,,,
acct_888b1cf2dd,cust_74c2b1ff13,State Bank of India,savings,33978.74,,,
acct_839bfb696c,cust_ba14b95e95,Punjab National Bank,savings,36908.17,,,
acct_10b344d6f2,cust_2453ee9d0a,State Bank of India,savings,30214.39,,,
acct_6a43d44156,cust_1117e07866,HDFC Bank,savings,4211.01,,,
acct_5364545506,cust_5b01068962,Axis Bank,savings,19930.45,,,
acct_ece1954eb8,cust_c30a663345,HDFC Bank,savings,27110.32,,,
acct_7c636c2204,cust_e8af1252fd,ICICI Bank,savings,22192.78,,,
acct_38b458bde0,cust_64b560013e,ICICI Bank,savings,36975.19,,,
acct_d0527d569a,cust_35575048dc,State Bank of India,savings,19051.48,,,
acct_180a288956,cust_a184a677b4,HDFC Bank,savings,34109.91,,,
acct_394755468e,cust_cc8ae7690d,Punjab National Bank,savings,46868.39,,,
acct_4523b5f07f,cust_4b9c2d3955,Punjab National Bank,savings,46674.23,,,
acct_e2f3022511,cust_0106e3e855,Punjab National Bank,savings,24396.3,,,
acct_edf50c182a,cust_cf5b3b2bae,Bank of Baroda,savings,2096.63,,,
acct_cbd4b043a0,cust_6e8c821df8,Axis Bank,savings,40180.03,,,
acct_befe45dc3a,cust_afb64aa5a6,ICICI Bank,savings,15028.82,,,
acct_b240bacfd2,cust_1125ec77a6,Axis Bank,savings,8108.3,,,
acct_9ead394c95,cust_426d763426,HDFC Bank,savings,5603.34,,,
acct_fd38081f01,cust_15ca7a9c7c,HDFC Bank,savings,39656.16,,,
acct_0a76dfde39,cust_053bcafebe,Bank of Baroda,savings,33385.55,,,
acct_fac5684ed3,cust_e63814e838,Bank of Baroda,savings,2029.93,,,
acct_30bb92bdc9,cust_5eed4910f8,HDFC Bank,savings,18348.09,,,
acct_f354ce868f,cust_1f8306f6a7,HDFC Bank,savings,23811.81,,,
acct_57f0768b86,cust_c3d6e0adbf,State Bank of India,savings,36681.81,,,
acct_a91c97c6f9,cust_6dba67f5e6,ICICI Bank,savings,8304.49,,,
acct_23de7e8fc9,cust_10f0ff1882,Axis Bank,savings,30062.72,,,
acct_bb011864de,cust_eb98a0720b,State Bank of India,savings,42727.95,,,
acct_2c442bd220,cust_4639291a7c,ICICI Bank,savings,2588.61,,,
acct_ead1854bf5,cust_ebfe5054bb,Axis Bank,savings,10470.93,,,
acct_7b5c058774,cust_2453c2d691,State Bank of India,savings,19621.32,,,
acct_eb28a121e3,cust_3db5b420ad,ICICI Bank,savings,2799.29,,,
acct_e71cd4f323,cust_410548df89,Axis Bank,savings,18378.67,,,
acct_66e8fc35a5,cust_3cc7beef20,Axis Bank,savings,12299.5,,,
acct_a8206d2ef3,cust_44e7e4fa91,HDFC Bank,savings,32294.68,,,
acct_72f2787411,cust_4b2d82ab04,Axis Bank,savings,7579.93,,,
acct_ac0fd3dd52,cust_e764da4565,Punjab National Bank,savings,8771.92,,,
acct_52797d6a8c,cust_3e8e90301d,Bank of Baroda,savings,28206.84,,,
acct_d651b95346,cust_0336b0427b,Bank of Baroda,savings,34672.47,,,
acct_9239676bfe,cust_e9096a8ef2,Axis Bank,savings,9286.34,,,
acct_beaa85373c,cust_18d7a8ae81,Axis Bank,savings,30115.76,,,
acct_d42ca6a43f,cust_bc6bb99613,State Bank of India,savings,47837.52,,,
acct_906511fdde,cust_f91cbabf9d,State Bank of India,savings,6973.57,,,
acct_b7b3a87041,cust_1630287709,Bank of Baroda,savings,21354.69,,,
acct_e5bb60390e,cust_d90732ab62,HDFC Bank,savings,28586.66,,,
acct_53ed75ab5c,cust_857e0f6a58,Punjab National Bank,savings,34978.64,,,
acct_8aec56d72c,cust_5d9edd6144,Bank of Baroda,savings,45149.5,,,
acct_7d70867618,cust_32d693ce4b,State Bank of India,savings,33704.11,,,
acct_b2a755ed76,cust_f7808bae7d,Punjab National Bank,savings,29484.83,,,
acct_ea69759d26,cust_5e0d285e2c,HDFC Bank,savings,18435.07,,,
acct_5cf8cf2c3c,cust_93777a461a,Bank of Baroda,savings,13968.26,,,
acct_64bb3d048c,cust_741017ec9d,Punjab National Bank,savings,29244.39,,,
acct_39964639b7,cust_614974dc02,State Bank of India,savings,16989.41,,,
acct_357bc8d826,cust_f3729e02aa,HDFC Bank,savings,42965.78,,,
acct_988ba7d354,cust_57c8475f20,State Bank of India,savings,28922.25,,,
acct_6708509d6d,cust_cda50aeafe,Punjab National Bank,savings,31302.09,,,
acct_e46ff0c117,cust_5731543135,HDFC Bank,savings,39405.51,,,
acct_9042e76a5f,cust_0ad92e9a9f,HDFC Bank,savings,21696.53,,,
acct_a6770968f1,cust_29391a9015,HDFC Bank,savings,17063.28,,,
acct_7ec1643cd2,cust_9be1bd6d25,State Bank of India,savings,45565.92,,,
acct_5aa4f5ab0e,cust_8462ad0c15,Axis Bank,savings,36598.37,,,
acct_51ac407c7e,cust_adf7f62f3e,State Bank of India,savings,36012.7,,,
acct_270114ecc8,cust_0abbbed3ab,Bank of Baroda,savings,26635.38,,,
acct_a647680880,cust_6d1fb37730,HDFC Bank,savings,34996.5,,,
acct_b4646e9150,cust_a8dc019f40,ICICI Bank,savings,23869.41,,,
acct_9e92b9bd5d,cust_f5d4beab4c,State Bank of India,savings,28496.0,,,
acct_4843a25d6a,cust_028a13622d,State Bank of India,savings,42521.34,,,
acct_8692f7f514,cust_c8a5402a0d,State Bank of India,savings,23298.35,,,
acct_d8fa815f15,cust_1e9b900d2c,Bank of Baroda,savings,7181.85,,,
acct_1985292ebe,cust_83fd39e91d,Axis Bank,savings,2163.5,,,
acct_22d70cdf51,cust_899e25efb1,Axis Bank,savings,47487.68,,,
acct_6b34e02173,cust_fbc63ccad9,Punjab National Bank,savings,42540.57,,,
acct_fa1388dce6,cust_141e523e34,Bank of Baroda,savings,47850.01,,,
acct_94aaec84f9,cust_731cc7fe7d,HDFC Bank,savings,5128.68,,,
acct_cbc06b8e4f,cust_e2329166a6,Bank of Baroda,savings,28325.57,,,
acct_22bf4d6007,cust_54c99b8268,Axis Bank,savings,48783.33,,,
acct_56f36f78ee,cust_6172cc326a,HDFC Bank,savings,41195.3,,,
acct_8c8d4a845e,cust_46e77e2c2b,Bank of Baroda,savings,42336.93,,,
acct_2d1ce534e1,cust_3038d68c19,Axis Bank,savings,39027.71,,,
acct_ff924e1de8,cust_5d08fb8d6d,Axis Bank,savings,44594.8,,,
acct_28aaef24d8,cust_0245fb14dd,Axis Bank,savings,37002.28,,,
acct_bdfd5ca898,cust_e06b1725fd,Bank of Baroda,savings,7794.27,,,
acct_958e889f32,cust_7b2023a194,Bank of Baroda,savings,8728.85,,,
acct_e984cdc0bc,cust_1a8c6fe65c,Bank of Baroda,savings,39104.77,,,
acct_6635648e0b,cust_89ad18ea83,ICICI Bank,savings,34710.81,,,
acct_23a49d843b,cust_41c6968af0,HDFC Bank,savings,46926.41,,,
acct_85462d255a,cust_6441d9e927,HDFC Bank,savings,29541.86,,,
acct_3ad899e843,cust_ba1c759f37,Bank of Baroda,savings,48793.55,,,
acct_d4be5e4b0a,cust_1289e96d99,Bank of Baroda,savings,46057.75,,,
acct_d6b5f94dfd,cust_259321caea,State Bank of India,savings,27158.29,,,
acct_a2175ae503,cust_3d4137b9a8,Punjab National Bank,savings,35225.87,,,
acct_919b0ff511,cust_684e8eb9d6,Bank of Baroda,savings,19746.95,,,
acct_5112d4d70f,cust_e5156bef34,ICICI Bank,savings,35534.87,,,
acct_33ced72bbd,cust_6d5208c593,Punjab National Bank,savings,44740.81,,,
acct_0ffade6a57,cust_02d3b7c821,Bank of Baroda,savings,46065.73,,,
acct_92f7c2fb78,cust_86fc8196b9,HDFC Bank,savings,38460.88,,,
acct_86399df04d,cust_e7c6eeedec,Punjab National Bank,savings,12595.98,,,
acct_b5d826d155,cust_6124e03658,Punjab National Bank,savings,37798.86,,,
acct_60dcfc6a0e,cust_aff3e126f2,ICICI Bank,savings,37984.73,,,
acct_7e74d03c7c,cust_16c502093d,Bank of Baroda,savings,21193.24,,,
acct_a4dadb8506,cust_d08793b2bc,ICICI Bank,savings,18574.01,,,
acct_9cc0c8c22a,cust_530a2766df,State Bank of India,savings,37648.77,,,
acct_0dd17822c0,cust_6cfc078e62,HDFC Bank,savings,29350.98,,,
acct_dd3e58934f,cust_0707950ccd,Bank of Baroda,savings,45139.52,,,
acct_f7f0e632d8,cust_d0e351d615,State Bank of India,savings,24247.1,,,
acct_3a9559742b,cust_848332fe72,Punjab National Bank,savings,48139.62,,,
acct_9354cea8a4,cust_a39f100f33,Punjab National Bank,savings,16638.68,,,
acct_619f2a5426,cust_f76e34bd50,ICICI Bank,savings,3821.28,,,
acct_668d5cb1b0,cust_a239db709d,HDFC Bank,savings,10208.38,,,
acct_16fc101222,cust_d2d88fd1ef,Axis Bank,savings,27970.47,,,
acct_b4e79d1fa6,cust_3de85bcf52,HDFC Bank,savings,29675.2,,,
acct_d2729c7fd9,cust_e2345749d7,Bank of Baroda,savings,24678.09,,,
acct_2fe58d3755,cust_2898314f33,Punjab National Bank,savings,9996.22,,,
acct_f6c2b4c27d,cust_149e2c3946,Bank of Baroda,savings,45809.68,,,
acct_69849f4eee,cust_7bc17b60ee,Axis Bank,savings,5240.69,,,
acct_cb0f924294,cust_08126f31b0,HDFC Bank,savings,42058.14,,,
acct_996dacf303,cust_b8232f7c62,State Bank of India,savings,33563.59,,,
acct_bf8855218f,cust_99ffe9cfae,ICICI Bank,savings,48926.64,,,
acct_ce6c13330c,cust_6fc1f686c9,HDFC Bank,savings,28797.2,,,
acct_6841ddabf9,cust_fad1d4beb3,Bank of Baroda,savings,29620.99,,,
acct_e7e0a2400c,cust_b28da08c08,Bank of Baroda,savings,36127.97,,,
acct_1807ad0df4,cust_bae87d03cd,Axis Bank,savings,36032.01,,,
acct_368b2516b8,cust_5bb81b5feb,Bank of Baroda,savings,28038.35,,,
acct_92dc8a4fe2,cust_7da41b3049,State Bank of India,savings,6840.86,,,
acct_c8b6149738,cust_73c6a773d7,Punjab National Bank,savings,8170.98,,,
acct_4455f5692c,cust_24cc799bae,HDFC Bank,savings,32413.71,,,
acct_a3d474678f,cust_1ad880ad23,ICICI Bank,savings,25731.57,,,
acct_0f9bd9feb3,cust_3aff84e4e9,Axis Bank,savings,20695.23,,,
acct_e04a0ee305,cust_953c2231a7,Axis Bank,savings,20073.99,,,
acct_00a5354eee,cust_5f98751e76,Bank of Baroda,savings,41440.13,,,
acct_ab6d71e375,cust_bac3adae90,HDFC Bank,savings,22959.89,,,
acct_eccf57c99e,cust_0775b6fbd0,Axis Bank,savings,46154.56,,,
acct_7b31e0cbce,cust_e3dd143988,Punjab National Bank,savings,44509.04,,,
acct_4324c840b7,cust_5384edc2d4,ICICI Bank,savings,30250.47,,,
acct_73f56bd79f,cust_bac7e3963a,ICICI Bank,savings,14371.21,,,
acct_d255820ad6,cust_0ec65742b0,ICICI Bank,savings,46219.85,,,
acct_86dce54ffb,cust_8c38638ddf,Bank of Baroda,savings,44471.96,,,
acct_a5649377ee,cust_4fe03800ef,Bank of Baroda,savings,4541.82,,,
acct_cf3fbe4d1a,cust_62460dcbc5,Axis Bank,savings,4716.65,,,
acct_e2175ee228,cust_3ee58e6daf,Axis Bank,savings,39497.19,,,
acct_813b68051b,cust_8b0c216852,ICICI Bank,savings,23158.68,,,
acct_1e1480117c,cust_ae1881d27e,Punjab National Bank,savings,4684.88,,,
acct_3b4ee88430,cust_d2abf268ca,Bank of Baroda,savings,18016.9,,,
acct_ac8a10c3ee,cust_a7ea7f5102,HDFC Bank,savings,31288.05,,,
acct_014e8fbaca,cust_671e8ba766,State Bank of India,savings,8316.48,,,
acct_f93360ab5b,cust_5b6643a816,Axis Bank,savings,36176.1,,,
acct_bc2a0c4597,cust_39e54a5e62,Axis Bank,savings,17092.97,,,
acct_8c5152ccd0,cust_7da7478fcb,ICICI Bank,savings,8424.62,,,
acct_c11360b493,cust_52d8786671,Axis Bank,savings,38966.9,,,
acct_041a23ff51,cust_590db72c6c,Axis Bank,savings,40049.33,,,
acct_341ff552d3,cust_8100b93541,Punjab National Bank,savings,24393.99,,,
acct_cc5d700ae8,cust_e903929864,State Bank of India,savings,39665.89,,,
acct_72cfd6220f,cust_ceeea1f415,HDFC Bank,savings,41125.73,,,
acct_18be6a5084,cust_dbbefdfb51,HDFC Bank,savings,15311.15,,,
acct_c2a2716fbe,cust_c000326e16,HDFC Bank,savings,8094.25,,,
acct_d091a43208,cust_b45bbf4aef,Punjab National Bank,savings,2103.15,,,
acct_6fbb786a32,cust_824a904fd2,State Bank of India,savings,34211.01,,,
acct_ae2e89ddf9,cust_dc4776123d,Axis Bank,savings,23772.68,,,
acct_2667ffa115,cust_7b3a78d212,Bank of Baroda,savings,42467.23,,,
acct_0e4f8202fa,cust_cdcc37ec7d,ICICI Bank,savings,15272.22,,,
acct_23e54ac854,cust_f8e1a3fc3e,Axis Bank,savings,17401.45,,,
acct_4f07be2889,cust_98306bc47d,ICICI Bank,savings,40812.2,,,
acct_691a54284f,cust_c1b398d263,Axis Bank,savings,10288.3,,,
acct_824a67b773,cust_98c9ca80b1,State Bank of India,savings,13331.21,,,
acct_c58d28c7c2,cust_9f5492cf1c,HDFC Bank,savings,37228.05,,,
acct_4e9a8d6ace,cust_db90d04e38,Axis Bank,savings,11111.44,,,
acct_35348e9bd7,cust_bdffa74df9,State Bank of India,savings,46785.65,,,
acct_5c1697ca7b,cust_9c69e088d5,Punjab National Bank,savings,15949.19,,,
acct_60ed0a4ca4,cust_451d974f92,Axis Bank,savings,17680.91,,,
acct_ffe25c9470,cust_b5f30677dc,Bank of Baroda,savings,45983.12,,,
acct_bfe077a003,cust_bfabd085be,Bank of Baroda,savings,30924.15,,,
acct_d00e0ef6d0,cust_5b5043fdb0,HDFC Bank,savings,14342.65,,,
acct_2a0c2a3d66,cust_509b9f2e34,Bank of Baroda,savings,12411.33,,,
acct_05c4489448,cust_936dfd3ff3,ICICI Bank,savings,7288.26,,,
acct_b99213e57d,cust_c1d9d10929,ICICI Bank,savings,43508.04,,,
acct_2b7915a403,cust_d46151662f,ICICI Bank,savings,22211.26,,,
acct_2c5e68d16f,cust_83b2ed501b,HDFC Bank,savings,39459.0,,,
acct_6be0cd84e8,cust_9bf2ccaecd,Punjab National Bank,savings,15711.38,,,
acct_354bdc76ac,cust_aea1c5c6a9,Axis Bank,savings,15410.72,,,
acct_dcfa5bdc58,cust_bfaf39241f,State Bank of India,savings,44379.64,,,
acct_26bfa35d7e,cust_c96ca8c3f1,Bank of Baroda,savings,26050.02,,,
acct_61642aabb4,cust_324ffa8124,State Bank of India,savings,41697.64,,,
acct_550fa2539d,cust_20e10cb254,HDFC Bank,savings,46987.06,,,
acct_6db98983bc,cust_ccb3d45b4d,Punjab National Bank,savings,11284.86,,,
acct_f32405380e,cust_72a9ce9c16,Punjab National Bank,savings,26417.21,,,
acct_b1548bf7e5,cust_88f3bfc514,HDFC Bank,savings,14965.55,,,
acct_d36881e3c1,cust_67c78b6087,Bank of Baroda,savings,43160.47,,,
acct_fe76d6da91,cust_04411d8b03,ICICI Bank,savings,48398.95,,,
acct_dfc5be1a81,cust_c0b4c730a2,HDFC Bank,savings,17742.27,,,
acct_f049ad4a34,cust_88d1bb5559,HDFC Bank,savings,33717.55,,,
acct_431dee0d32,cust_de2b765362,Axis Bank,savings,39500.16,,,
acct_2cd08d7aa9,cust_a56afe6630,Axis Bank,savings,4429.09,,,
acct_76a265307f,cust_5a1c18dee4,Punjab National Bank,savings,11843.21,,,
acct_ba278e3dca,cust_fa0010aa5a,ICICI Bank,savings,13586.24,,,
acct_653f07af92,cust_7d779e8178,Bank of Baroda,savings,26052.61,,,
acct_c68692a8a6,cust_a96f5a35b0,State Bank of India,savings,10668.53,,,
acct_8c10e889b6,cust_f45d7f565d,Bank of Baroda,savings,17818.13,,,
acct_9db842b4e5,cust_d8ea7f83c3,State Bank of India,savings,20481.16,,,
acct_6e386c0567,cust_769b61c0cd,Axis Bank,savings,2301.4,,,
acct_f1df655ea7,cust_c388b63504,Punjab National Bank,savings,24398.79,,,
acct_108a069e7d,cust_f1154e01f7,Punjab National Bank,savings,26424.64,,,
acct_e5ecf6e926,cust_3b1d27921c,State Bank of India,savings,40388.51,,,
acct_5f8e144bc1,cust_056fc329dc,Punjab National Bank,savings,47020.0,,,
acct_19a1af5ae9,cust_7a6da7900a,Axis Bank,savings,15755.16,,,
acct_5ca323b1c3,cust_96c39de9be,Axis Bank,savings,5959.77,,,
acct_cf9f2af5fe,cust_cfdfbfae01,State Bank of India,savings,37369.19,,,
acct_9378715721,cust_07d5d5a895,State Bank of India,savings,35901.64,,,
acct_1bc57f986b,cust_97f99a46fa,State Bank of India,savings,36661.94,,,
acct_4898990acf,cust_d686973bcb,ICICI Bank,savings,26842.02,,,
acct_22078392d5,cust_62f9153b04,HDFC Bank,savings,40614.11,,,
acct_472a7eaa20,cust_b4d1a16f8c,Axis Bank,savings,17434.65,,,
acct_f382a8c4e2,cust_4d3e792e27,Axis Bank,savings,47759.36,,,
acct_5fb22fa810,cust_9eeb75c7ce,Bank of Baroda,savings,31931.46,,,
acct_920fc6d304,cust_7ec2e0bd6a,Punjab National Bank,savings,21479.95,,,
acct_fc165e2207,cust_f788f58220,Bank of Baroda,savings,49992.29,,,
acct_3b0bb10a35,cust_56a196f2b2,Punjab National Bank,savings,49069.27,,,
acct_7412ca8636,cust_35f6473d03,Axis Bank,savings,34557.9,,,
acct_6aaa4583c4,cust_161c760aae,HDFC Bank,savings,14936.35,,,
acct_f1c996e340,cust_784350fc40,State Bank of India,savings,15013.54,,,
acct_f2a731aceb,cust_33fa0fb4f2,Bank of Baroda,savings,21724.92,,,
acct_ef751556d6,cust_0a756a7205,Punjab National Bank,savings,26674.84,,,
acct_da9667856e,cust_2a5bd3d572,Bank of Baroda,savings,45998.76,,,
acct_ce4f7d8b9c,cust_686a50fe00,ICICI Bank,savings,4848.19,,,
acct_56659d387e,cust_9bdba05847,State Bank of India,savings,40276.37,,,
acct_cd8aaed8b7,cust_2a13a104e9,Axis Bank,savings,12293.31,,,
acct_a5d0f5411f,cust_689a73eed3,State Bank of India,savings,32509.78,,,
acct_95d0ae5b0c,cust_c8434b4e5f,HDFC Bank,savings,16734.74,,,
acct_e99ee10da0,cust_030ca4e862,HDFC Bank,savings,47473.61,,,
acct_60beb9f6de,cust_14d7a16bbc,Punjab National Bank,savings,39072.56,,,
acct_a79789acd3,cust_dbbdb21842,Punjab National Bank,savings,11011.43,,,
acct_f02c831472,cust_eda9c01bc4,Punjab National Bank,savings,27391.12,,,
acct_4c64ca13b8,cust_5bfe02ae12,State Bank of India,savings,37067.16,,,
acct_97af9cd5af,cust_76a729db48,Punjab National Bank,savings,42597.77,,,
acct_74b9db1762,cust_f55d1831ea,State Bank of India,savings,18362.64,,,
acct_f9a51967cc,cust_5e34cc36fa,Punjab National Bank,savings,23425.26,,,
acct_cbaef678ac,cust_b5eb5bd53a,Bank of Baroda,savings,40933.3,,,
acct_da195ecaeb,cust_3c53408e97,ICICI Bank,savings,8050.93,,,
acct_3d38c4b943,cust_8155bed60d,ICICI Bank,savings,25218.32,,,
acct_ae7f064148,cust_2ade80fbae,State Bank of India,savings,35570.56,,,
acct_20671432c2,cust_1668061dd0,HDFC Bank,savings,33898.27,,,
acct_3f280618ce,cust_a3ba967d09,ICICI Bank,savings,23309.78,,,
acct_8b820a8817,cust_bd1b405579,Axis Bank,savings,6429.51,,,
acct_ff31a7505d,cust_98f9cb25b3,Bank of Baroda,savings,7661.8,,,
acct_a0d2b93c65,cust_459eb18ba0,State Bank of India,savings,2747.88,,,
acct_f5a59ded66,cust_2b7a4d0c45,State Bank of India,savings,16186.44,,,
acct_5240bb2a40,cust_7bb984b1c4,Axis Bank,savings,48552.85,,,
acct_6333321765,cust_978a3e19fa,State Bank of India,savings,9964.62,,,
acct_e910e1589d,cust_72ff152fe8,ICICI Bank,savings,33546.6,,,
acct_c79d6968e2,cust_a8320e15ce,State Bank of India,savings,12345.59,,,
acct_140d4f51b2,cust_29ab0f8d8d,Axis Bank,savings,8469.9,,,
acct_864c622465,cust_f331503ef4,Bank of Baroda,savings,16645.65,,,
acct_38e53b77e9,cust_23566bb70c,State Bank of India,savings,5579.32,,,
acct_cd5ebc45fd,cust_aed4d763e4,HDFC Bank,savings,24873.83,,,
acct_6a9d3008c9,cust_4c7d481ccd,Punjab National Bank,savings,28645.71,,,
acct_0ff3aaad98,cust_a6fe176c5f,ICICI Bank,savings,42908.88,,,
acct_f45d4de0b2,cust_0f70129131,HDFC Bank,savings,48608.94,,,
acct_3df1a7b6cb,cust_a11982b1c9,Axis Bank,savings,39251.5,,,
acct_2a5f959c6b,cust_0673410cd0,State Bank of India,savings,46498.48,,,
acct_e110d7757f,cust_f3aef155d8,State Bank of India,savings,19454.75,,,
acct_371c71f655,cust_e3bfc67147,Axis Bank,savings,36916.88,,,
acct_2f234c9cd0,cust_4357296015,ICICI Bank,savings,42468.52,,,
acct_e140598686,cust_e6fedafabf,Axis Bank,savings,44663.51,,,
acct_3ae318c4db,cust_3ac356adba,State Bank of India,savings,4126.71,,,
acct_27b8fea097,cust_3e2cd2537c,Axis Bank,savings,15896.6,,,
acct_7ca5a89e35,cust_d71f483ac9,Axis Bank,savings,15555.73,,,
acct_226d2e6c27,cust_0db8e368a6,Punjab National Bank,savings,30974.01,,,
acct_f0dcba154b,cust_bdbe347fd9,ICICI Bank,savings,41941.92,,,
acct_d362812cd9,cust_12d242dc3b,Punjab National Bank,savings,19617.04,,,
acct_07b08f2daf,cust_88c528c6fe,Punjab National Bank,savings,7382.88,,,
acct_4fc476648f,cust_21135110c1,ICICI Bank,savings,17024.49,,,
acct_e5acb077bc,cust_8d629fdf61,HDFC Bank,savings,49733.28,,,
acct_3fc82c09e3,cust_86c32f0935,Bank of Baroda,savings,31699.87,,,
acct_260a2a96fe,cust_2b7276a0f2,State Bank of India,savings,9154.05,,,
acct_84b2fa91d5,cust_62e97f13e4,Axis Bank,savings,9795.35,,,
acct_5d3bc371a2,cust_3b296131f0,ICICI Bank,savings,36404.62,,,
acct_66a5895b49,cust_e0252464ab,Axis Bank,savings,47899.74,,,
acct_1b4fffd6eb,cust_0753525147,State Bank of India,savings,46562.12,,,
acct_6115ce5681,cust_3fa77199c8,Punjab National Bank,savings,33630.69,,,
acct_abdb5c428b,cust_549f76ca8e,HDFC Bank,savings,29937.58,,,
acct_17fc0c7a32,cust_67add4cfdd,State Bank of India,savings,22141.44,,,
acct_beb6a88412,cust_e178084e4c,HDFC Bank,savings,11946.7,,,
acct_956f410959,cust_6af0652d01,State Bank of India,savings,33869.95,,,
acct_ab7c578372,cust_516d0daed7,Axis Bank,savings,8603.67,,,
acct_b50f59a9ad,cust_13ef0ad917,State Bank of India,savings,27090.58,,,
acct_a87134b02c,cust_570f65e21a,ICICI Bank,savings,2454.19,,,
acct_d296288073,cust_03736552e5,Punjab National Bank,savings,42964.34,,,
acct_183c36cd2a,cust_be7f120165,Bank of Baroda,savings,30533.07,,,
acct_74f76dd711,cust_d95053b2ca,Axis Bank,savings,29221.22,,,
acct_62c5dc481f,cust_dbfb6f7ac7,State Bank of India,savings,25591.17,,,
acct_68179cbdac,cust_5c568d0aaa,HDFC Bank,savings,3798.69,,,
acct_5b40a6b89b,cust_0e1b79b415,ICICI Bank,savings,30862.56,,,
acct_e2fa401128,cust_52992002c2,State Bank of India,savings,49021.28,,,
acct_cab1423910,cust_8ca54a765a,HDFC Bank,savings,5959.85,,,
acct_472ebb5135,cust_7e6c41fea3,Punjab National Bank,savings,21489.52,,,
acct_d36898a14f,cust_fdd1a6ff81,Axis Bank,savings,25299.68,,,
acct_e7ebb11034,cust_64fc6e3677,Punjab National Bank,savings,36392.93,,,
acct_5661a59c39,cust_6b4ed81162,Axis Bank,savings,18287.53,,,
acct_6ca936f56c,cust_7651ca67be,Bank of Baroda,savings,3911.58,,,
acct_8c199a55e2,cust_d9aacf4d0b,HDFC Bank,savings,26955.14,,,
acct_b40931b658,cust_8c6fd3b97e,State Bank of India,savings,48838.12,,,
acct_25ccb78eda,cust_fed819f952,ICICI Bank,savings,15674.68,,,
acct_f814de9edd,cust_8778ee0904,State Bank of India,savings,44843.44,,,
acct_54bd395089,cust_087d5f09af,Axis Bank,savings,42358.41,,,
acct_239ca1786c,cust_fd5c2c284d,HDFC Bank,savings,45695.35,,,
acct_0bc2885028,cust_6d4c12f0e7,State Bank of India,savings,9644.01,,,
acct_cbb78cd81e,cust_20ae73fc66,Bank of Baroda,savings,16832.98,,,
acct_522c41d896,cust_32e86a03e8,Punjab National Bank,savings,28041.36,,,
acct_d86a52207c,cust_80d14ab2a0,State Bank of India,savings,3487.81,,,
acct_5c9548a9ae,cust_2575d0a28c,Axis Bank,savings,17636.66,,,
acct_feb6b80e96,cust_6d9bbdaa54,ICICI Bank,savings,10646.93,,,
acct_384ec81954,cust_d315624b4a,State Bank of India,savings,11645.16,,,
acct_cf1b3c8604,cust_5ad8da3722,Bank of Baroda,savings,12467.13,,,
acct_bbce552353,cust_e843576326,HDFC Bank,savings,6773.97,,,
acct_a09e968457,cust_582ec2a504,Bank of Baroda,savings,39806.1,,,
acct_bf017acbe6,cust_7587cf5b5a,ICICI Bank,savings,25034.88,,,
acct_534a1a0972,cust_e4d76d49b0,State Bank of India,savings,39955.45,,,
acct_930df74eb6,cust_eb9822375e,ICICI Bank,savings,9191.03,,,
acct_9402eaa603,cust_b0f551f506,HDFC Bank,savings,14957.15,,,
acct_630a30ab71,cust_19c9c96de0,ICICI Bank,savings,3853.8,,,
acct_786d8ebb73,cust_f5910c0efe,Bank of Baroda,savings,3171.31,,,
acct_28cc010fbe,cust_2b6609d9bc,ICICI Bank,savings,21689.55,,,
acct_261be23904,cust_2c4b2ed2a6,State Bank of India,savings,33896.53,,,
acct_bdd6205874,cust_397214b430,Axis Bank,savings,30780.15,,,
acct_bb99014bfc,cust_ac339f04d2,Axis Bank,savings,6163.51,,,
acct_bb72607d5c,cust_d8484ff1ad,Punjab National Bank,savings,16595.01,,,
acct_525a72bebe,cust_04252870a9,Bank of Baroda,savings,25350.71,,,
acct_e0e38856d9,cust_74dfa74a36,ICICI Bank,savings,27452.15,,,
acct_9eb609b1f2,cust_8f3c1b1356,Punjab National Bank,savings,30537.1,,,
acct_17088eee7a,cust_7ae36712f8,Axis Bank,savings,16509.74,,,
acct_9aae19e804,cust_57b0bcdb10,ICICI Bank,savings,18964.43,,,
acct_b8152d4bde,cust_6940c78be3,HDFC Bank,savings,4578.65,,,
acct_7066dd94d8,cust_ce83d87a79,State Bank of India,savings,14709.12,,,
acct_d621a46aed,cust_2a9da3d122,HDFC Bank,savings,36833.84,,,
acct_e5723160e5,cust_8c83173170,ICICI Bank,savings,28078.43,,,
acct_ea6f456992,cust_ebf6f2d5b3,State Bank of India,savings,28368.37,,,
acct_a1af3edec8,cust_8bfbebd3e7,ICICI Bank,savings,12284.7,,,
acct_df32ec60f8,cust_3eaf50c859,HDFC Bank,savings,35821.34,,,
acct_77e06c4ad3,cust_c5862b2479,Axis Bank,savings,49035.43,,,
acct_be55cd4e52,cust_0d75fd92c5,Bank of Baroda,savings,27760.43,,,
acct_53eecffe01,cust_6cc4a16cb7,HDFC Bank,savings,41460.59,,,
acct_04b72e69eb,cust_8223036733,Bank of Baroda,savings,41783.79,,,
acct_1be6334799,cust_6c36f8d283,HDFC Bank,savings,45233.07,,,
acct_68639e0ea5,cust_d47c9651fe,Punjab National Bank,savings,5283.0,,,
acct_6877130f11,cust_4534176815,Axis Bank,savings,40917.98,,,
acct_e6c2134235,cust_af7e61cc7d,HDFC Bank,savings,19383.02,,,
acct_324e9a55bb,cust_afa01f2c62,HDFC Bank,savings,48236.4,,,
acct_adaaf9a5b9,cust_624d4f22ca,Punjab National Bank,savings,15767.69,,,
acct_af120ae863,cust_6308d4f312,State Bank of India,savings,11849.81,,,
acct_9bcf4275d2,cust_296a74db3d,State Bank of India,savings,17489.08,,,
acct_fa472bc83b,cust_e73d0232b2,ICICI Bank,savings,40209.96,,,
acct_840e9d8b0e,cust_5957fce622,ICICI Bank,savings,26997.01,,,
acct_171cf2de56,cust_d97b6f1af7,State Bank of India,savings,45117.32,,,
acct_40f5a4f8b8,cust_ab3907ed0f,HDFC Bank,savings,34342.58,,,
acct_291e286b55,cust_8607143b03,ICICI Bank,savings,13577.72,,,
acct_197e94ec02,cust_e412048b2c,Punjab National Bank,savings,40075.2,,,
acct_72e744606c,cust_5e6dca9104,ICICI Bank,savings,40494.92,,,
acct_0ff302134b,cust_03989db90b,Axis Bank,savings,11055.96,,,
acct_6e8befd791,cust_b75e446e9f,ICICI Bank,savings,15218.34,,,
acct_725a8111e3,cust_2197c2a80f,HDFC Bank,savings,37703.92,,,
acct_57e5a8aeea,cust_e78f7175ec,HDFC Bank,savings,32422.64,,,
acct_6efe4679b5,cust_d9bdde0116,Bank of Baroda,savings,7884.48,,,
acct_b7a7f63486,cust_3725ac33f1,Punjab National Bank,savings,33135.71,,,
acct_9981f2f719,cust_71b1a2f4b6,HDFC Bank,savings,20959.15,,,
acct_3f9c16b1f8,cust_f922361c24,Axis Bank,savings,40666.14,,,
acct_1689e7e02b,cust_b8803889b3,ICICI Bank,savings,39057.77,,,
acct_a9d3b1819a,cust_a5bbf430be,Bank of Baroda,savings,18611.78,,,
acct_030a585913,cust_31b4575964,Bank of Baroda,savings,38277.15,,,
acct_56ab1402eb,cust_83cb57682d,Axis Bank,savings,40044.47,,,
acct_c1666c45cb,cust_96e5b0e687,HDFC Bank,savings,37206.7,,,
acct_2a390eb374,cust_0cffbdb453,HDFC Bank,savings,30402.68,,,
acct_4b3f1088dc,cust_163e4fd3ff,ICICI Bank,savings,16888.56,,,
acct_eb315158f1,cust_9b8388cfb0,ICICI Bank,savings,4686.25,,,
acct_bbf8299c6b,cust_d30b28ce67,Punjab National Bank,savings,44914.6,,,
acct_fba670d528,cust_cbb5576b33,Bank of Baroda,savings,14309.33,,,
acct_cb6084f243,cust_dda8494a05,HDFC Bank,savings,29720.92,,,
acct_ef9c92c8d1,cust_7f70e3fcb3,State Bank of India,savings,31266.14,,,
acct_e05a447d7e,cust_05f9297e2a,HDFC Bank,savings,5906.69,,,
acct_461769247c,cust_290846a0e5,HDFC Bank,savings,38957.82,,,
acct_57a1e80699,cust_d124531ef4,Bank of Baroda,savings,38824.3,,,
acct_d90f19c49b,cust_39261cc54e,Bank of Baroda,savings,9476.39,,,
acct_af1a2fad3c,cust_6e0da32bd0,Bank of Baroda,savings,3788.96,,,
acct_2ad48c9386,cust_c603e4ea7e,State Bank of India,savings,27493.09,,,
acct_dea228dae7,cust_ecfbe42b1a,Bank of Baroda,savings,35738.63,,,
acct_1c6f7efb73,cust_225ea16775,State Bank of India,savings,40300.49,,,
acct_ee2854f7d7,cust_20999975a3,HDFC Bank,savings,32563.01,,,
acct_baf3707976,cust_b5fff95f4d,Axis Bank,savings,30077.42,,,
acct_b119128006,cust_f9d6eac9e1,ICICI Bank,savings,16522.6,,,
acct_852eb7c271,cust_9100e5dfb8,Axis Bank,savings,15492.63,,,
acct_75613a7d85,cust_72bfdcdb5e,State Bank of India,savings,26505.97,,,
acct_a2cc417b69,cust_d6bfcfa2c1,ICICI Bank,savings,6304.63,,,
acct_4976dff64d,cust_cf18c4a7db,State Bank of India,savings,21604.54,,,
acct_af701ae0fc,cust_1752d1a8b5,State Bank of India,savings,31467.76,,,
acct_5ba1113065,cust_87b4599763,HDFC Bank,savings,28918.16,,,
acct_2cd746c079,cust_d6fa0ab45a,Bank of Baroda,savings,42601.39,,,
acct_9ebe854b2e,cust_f80c3746d2,ICICI Bank,savings,39299.45,,,
acct_e6f435ec3f,cust_1a80b5d99b,Axis Bank,savings,29837.06,,,
acct_e1dbf8fe6f,cust_adedc10201,ICICI Bank,savings,16845.5,,,
acct_c9e47650bb,cust_43a588b88e,Axis Bank,savings,14170.34,,,
acct_c673f3beea,cust_ac240aae03,Bank of Baroda,savings,10592.25,,,
acct_fb1908fb66,cust_63967bc146,Bank of Baroda,savings,22494.67,,,
acct_774df254f9,cust_4daf45fbf3,State Bank of India,savings,25024.52,,,
acct_ed60d5ebdb,cust_6d0078ffa3,Bank of Baroda,savings,48634.83,,,
acct_d0768452d4,cust_fcafab78b6,Bank of Baroda,savings,43731.75,,,
acct_2942ff6ebe,cust_7f21c624d0,ICICI Bank,savings,22766.78,,,
acct_2cd860e6a6,cust_e46a672b9f,ICICI Bank,savings,12639.82,,,
acct_f352a4c997,cust_0c0ca4dad8,HDFC Bank,savings,7245.3,,,
acct_3f56b8a17f,cust_ec1db9f831,ICICI Bank,savings,25025.36,,,
acct_1c7d541de1,cust_a531dadd51,Axis Bank,savings,28509.98,,,
acct_805152a3ad,cust_9802ca85e0,State Bank of India,savings,40241.1,,,
acct_44eecb1662,cust_e65edad54f,Axis Bank,savings,29407.71,,,
acct_5a828fde88,cust_3564d7a187,Bank of Baroda,savings,31802.12,,,
acct_062fe00be2,cust_7f7b9835dd,State Bank of India,savings,35386.08,,,
acct_b22ba52b29,cust_511e19f891,ICICI Bank,savings,36652.3,,,
acct_daf05a4f12,cust_f039600fc3,State Bank of India,savings,12505.36,,,
acct_9aca2a75de,cust_70d9441028,HDFC Bank,savings,4360.2,,,
acct_b713214672,cust_b6c60bd304,Bank of Baroda,savings,23347.43,,,
acct_762901ae42,cust_2bacff3e0d,State Bank of India,savings,9895.05,,,
acct_0d5eef5b2d,cust_f201dfc817,State Bank of India,savings,47746.63,,,
acct_999399d13a,cust_2b2fb1e14c,Axis Bank,savings,40274.64,,,
acct_7a077017d6,cust_61e6581ad4,Punjab National Bank,savings,3111.47,,,
acct_1c1cd7a043,cust_e2e9f528f2,HDFC Bank,savings,47286.44,,,
acct_11460e6a47,cust_55de74e7b9,Axis Bank,savings,42926.38,,,
acct_1c5cd010d9,cust_1a06aab7d1,Axis Bank,savings,2405.92,,,
acct_8c54dd2609,cust_3c39355536,Axis Bank,savings,40733.63,,,
acct_3c80db65e0,cust_df12d7a21b,State Bank of India,savings,29427.39,,,
acct_7e548a4a63,cust_63bc4e61b1,Punjab National Bank,savings,49673.88,,,
acct_0a1806ac92,cust_70ff4ca11e,Bank of Baroda,savings,24440.24,,,
acct_ee53b5eeca,cust_b70b43a863,Bank of Baroda,savings,43980.89,,,
acct_499d7dc47d,cust_83ec1f0477,ICICI Bank,savings,5391.04,,,
acct_848202fb10,cust_080292d60a,State Bank of India,savings,48376.69,,,
acct_ac3b43f132,cust_1548157035,HDFC Bank,savings,28371.41,,,
acct_c6e81b61eb,cust_ee4e352a83,State Bank of India,savings,46803.49,,,
acct_59e9a1f3b6,cust_706be8cae4,Axis Bank,savings,45636.26,,,
acct_9a2bfd3eff,cust_b0bc951ed0,Axis Bank,savings,39499.31,,,
acct_7b01fce8a7,cust_a3fcf97046,State Bank of India,savings,41178.41,,,
acct_e853108602,cust_c1c7fdf37e,State Bank of India,savings,28378.87,,,
acct_9d1f1f60ce,cust_ecbac717cb,Punjab National Bank,savings,6048.04,,,
acct_072331f8a2,cust_6cb5d4262d,HDFC Bank,savings,23593.66,,,
acct_8e635dde28,cust_bdcd14d2fc,Punjab National Bank,savings,21836.71,,,
acct_ceaab25eea,cust_376966619d,State Bank of India,savings,9327.24,,,
acct_aa180304d9,cust_18e3db41c3,HDFC Bank,savings,47512.2,,,
acct_9307e64fab,cust_1cdd245f9f,Bank of Baroda,savings,15460.79,,,
acct_570675f61e,cust_c0224d755a,State Bank of India,savings,5173.34,,,
acct_42a41b79cc,cust_45e2914f92,HDFC Bank,savings,3713.83,,,
acct_1e7a8ab599,cust_a4495e8e66,Axis Bank,savings,41859.75,,,
acct_a2a78ed5fd,cust_9280bfbcaa,State Bank of India,savings,31136.57,,,
acct_5808bbb470,cust_d505a19d49,Axis Bank,savings,26771.58,,,
acct_8effc5a8e3,cust_800c853c41,Bank of Baroda,savings,37746.16,,,
acct_f17b271ab5,cust_41398b8079,Axis Bank,savings,24172.28,,,
acct_a8833c4d21,cust_55ce04c556,Punjab National Bank,savings,24735.39,,,
acct_7e862ead9d,cust_78dc056a61,Axis Bank,savings,7648.19,,,
acct_d8f343bfa3,cust_bcba44fd53,Punjab National Bank,savings,36620.62,,,
acct_6fa83b848c,cust_a3d1f4274e,ICICI Bank,savings,4471.96,,,
acct_58147c81fb,cust_fa2dceca9c,Punjab National Bank,savings,24260.33,,,
acct_a4cd2d8a7c,cust_cdf747225f,Axis Bank,savings,47615.38,,,
acct_8e48deb906,cust_d9b8044d99,Axis Bank,savings,4120.69,,,
acct_ca15574e8d,cust_363a34a54a,ICICI Bank,savings,42830.87,,,
acct_1dc79ad830,cust_1a71d09c4f,HDFC Bank,savings,14647.47,,,
acct_a6fc6b039e,cust_c524785a61,ICICI Bank,savings,26961.02,,,
acct_acb180c70f,cust_d66716af32,State Bank of India,savings,36178.28,,,
acct_ddafd1537b,cust_5ebabc5a96,Bank of Baroda,savings,22320.75,,,
acct_6ba04f70aa,cust_7dd670bbb2,Bank of Baroda,savings,12450.68,,,
acct_77b6e6a2ec,cust_816026a7b8,HDFC Bank,savings,33059.44,,,
acct_e9bf5e8a1f,cust_b6b8f3aa68,HDFC Bank,savings,18213.62,,,
acct_50dcbbeb3a,cust_4a0e938ef0,Bank of Baroda,savings,5354.49,,,
acct_20a07f5d6e,cust_5dcd787df6,Axis Bank,savings,11771.0,,,
acct_13877c392d,cust_632103128e,State Bank of India,savings,25840.07,,,
acct_7ef0f7a820,cust_3bf2c7f0ff,ICICI Bank,savings,45082.93,,,
acct_7641b2954b,cust_a0ed3edf00,HDFC Bank,savings,29568.1,,,
acct_95728087a9,cust_b874b3886a,ICICI Bank,savings,43933.69,,,
acct_9dd1155940,cust_7de431d74a,Bank of Baroda,savings,26572.57,,,
acct_67e08040b3,cust_71b11460e2,Punjab National Bank,savings,15282.56,,,
acct_a0d9784eaf,cust_71c6f63a85,ICICI Bank,savings,32828.55,,,
acct_e36406018d,cust_6470d3192d,ICICI Bank,savings,37222.25,,,
acct_19d5ace650,cust_b7297c769a,ICICI Bank,savings,7957.46,,,
acct_a31b9ed040,cust_ced153e8ca,State Bank of India,savings,47045.04,,,
acct_6418a98289,cust_c79ad1ee48,ICICI Bank,savings,33042.93,,,
acct_147724ae33,cust_34a3a85ae5,Axis Bank,savings,26708.51,,,
acct_862e69a2d9,cust_46e02ab182,Punjab National Bank,savings,17186.37,,,
acct_4c1b9872fe,cust_99339ff350,Axis Bank,savings,22587.06,,,
acct_2af4f6af27,cust_cba166f394,State Bank of India,savings,8225.9,,,
acct_ae5bd635d6,cust_47e36a5d2c,HDFC Bank,savings,22209.22,,,
acct_c866c2ff2c,cust_f67816b878,Bank of Baroda,savings,21755.32,,,
acct_9190a1b843,cust_cc9f5d662a,ICICI Bank,savings,28240.21,,,
acct_70d275ebd5,cust_e50748e158,ICICI Bank,savings,20671.52,,,
acct_daec98f006,cust_085d05d57f,State Bank of India,savings,45533.66,,,
acct_768097f5fb,cust_2849c7095c,Punjab National Bank,savings,8163.06,,,
acct_431eff8629,cust_7b5176e023,Bank of Baroda,savings,42912.35,,,
acct_2eb9cbc35f,cust_89ceb8114a,Punjab National Bank,savings,24064.01,,,
acct_e1681ac860,cust_2632e50da9,HDFC Bank,savings,12384.64,,,
acct_be2ce21171,cust_b65ed33109,ICICI Bank,savings,24326.8,,,
acct_857e2886b7,cust_3453ac0d71,Bank of Baroda,savings,18332.34,,,
acct_3453427fb3,cust_578fefcee0,State Bank of India,savings,12932.05,,,
acct_0d770f9398,cust_22de90fd18,HDFC Bank,savings,44277.11,,,
acct_201645e98e,cust_ae5e47ad3d,Axis Bank,savings,19291.06,,,
acct_116d923d96,cust_8419654f27,Bank of Baroda,savings,33854.43,,,
acct_b864ce8219,cust_4083c77250,HDFC Bank,savings,39880.55,,,
acct_8c24cf19b2,cust_8f3a0224c9,HDFC Bank,savings,12601.08,,,
acct_816e7b7831,cust_7ae6ae843f,Bank of Baroda,savings,9126.1,,,
acct_9242b9a566,cust_1e2a34f210,ICICI Bank,savings,33912.42,,,
acct_d54cde5087,cust_d66792bca7,HDFC Bank,savings,32016.42,,,
acct_dba62025e3,cust_1d3709808e,Axis Bank,savings,8572.11,,,
acct_08aa7e2334,cust_adb2354a81,Punjab National Bank,savings,19827.66,,,
acct_2c64c0c1d4,cust_69d1c2eae4,ICICI Bank,savings,12164.4,,,
acct_d7d1bfa730,cust_a7c737e101,HDFC Bank,savings,49810.14,,,
acct_85b6ee5873,cust_63b295d458,HDFC Bank,savings,34644.42,,,
acct_64cc15a2a2,cust_5b5f5c0f1b,Bank of Baroda,savings,21703.13,,,
acct_28005a9a87,cust_4456811956,ICICI Bank,savings,34944.07,,,
acct_2c002efea7,cust_f24fc3c9b5,State Bank of India,savings,34180.4,,,
acct_eee38cca94,cust_805244e0e9,State Bank of India,savings,14985.97,,,
acct_bb3dc02699,cust_8742b323ae,Axis Bank,savings,9087.21,,,
acct_d02175fc0b,cust_3e888e4e91,HDFC Bank,savings,6685.07,,,
acct_7249147e93,cust_16221a20c6,State Bank of India,savings,23620.19,,,
acct_5dd8747ff1,cust_3dd5d05b41,ICICI Bank,savings,4372.58,,,
acct_60c9679b7a,cust_27867a9316,Axis Bank,savings,16733.9,,,
acct_baa9887825,cust_813eee5a6f,ICICI Bank,savings,9511.52,,,
acct_36b4b98253,cust_aae53586d8,ICICI Bank,savings,41060.79,,,
acct_b0e072b7f9,cust_7b6acf1947,ICICI Bank,savings,44547.4,,,
acct_ec2e699b8e,cust_d55642c141,Axis Bank,savings,10150.58,,,
acct_a1e91b13ad,cust_20dbd797d1,HDFC Bank,savings,43035.1,,,
acct_7436ea619b,cust_ffd6c8f47e,Bank of Baroda,savings,23505.17,,,
acct_4b1267eeb9,cust_98eccec589,Axis Bank,savings,44628.21,,,
acct_afa4702bc6,cust_281b92a569,ICICI Bank,savings,41363.51,,,
acct_2c1598ea85,cust_ec52c712ad,Punjab National Bank,savings,5959.72,,,
acct_aae3617e60,cust_45b81d699d,Bank of Baroda,savings,25083.96,,,
acct_8613f85dd0,cust_07276e18fa,Bank of Baroda,savings,24989.2,,,
acct_794553e192,cust_e0661d12e3,Axis Bank,savings,19236.25,,,
acct_5f03431bff,cust_ae5d205735,HDFC Bank,savings,14691.64,,,
acct_2453d0acd7,cust_a20a409c4e,Bank of Baroda,savings,11203.29,,,
acct_c4bcea0776,cust_dfe5d8bf85,Axis Bank,savings,8136.49,,,
acct_11bfd13f19,cust_5a49aeb80f,Bank of Baroda,savings,8063.86,,,
acct_e256438d5e,cust_6380fbe8f0,Punjab National Bank,savings,2262.88,,,
acct_6a70a821d7,cust_b204cada63,ICICI Bank,savings,38806.95,,,
acct_82cc555389,cust_7a645e72eb,Punjab National Bank,savings,49154.37,,,
acct_dd34ae6c75,cust_432e04052b,HDFC Bank,savings,37602.38,,,
acct_4a78d96b2c,cust_e40a4a9a56,State Bank of India,savings,4754.97,,,
acct_1cdeadbff6,cust_206daa2b2c,Bank of Baroda,savings,8688.23,,,
acct_87de55c5e6,cust_2972d6a801,ICICI Bank,savings,10817.45,,,
acct_3d6e44bc7f,cust_5df14aaf22,Axis Bank,savings,7183.06,,,
acct_67f64ecfc2,cust_a5bc5da8d6,Axis Bank,savings,41398.04,,,
acct_84f91acb53,cust_5448025664,HDFC Bank,savings,38097.24,,,
acct_4666c5faf3,cust_3e9e762591,Axis Bank,savings,25323.89,,,
acct_e0005e67eb,cust_4e8815b32c,Bank of Baroda,savings,23954.08,,,
acct_2afc105281,cust_bf6f524e36,HDFC Bank,savings,48196.87,,,
acct_915e465bdf,cust_91f36aaffe,Axis Bank,savings,36218.56,,,
acct_7bad64c05d,cust_2173fc473d,Axis Bank,savings,33206.07,,,
acct_7eeb9cc105,cust_8f9e08f67e,ICICI Bank,savings,2522.86,,,
acct_e0545c82c6,cust_f25d6f9d05,Bank of Baroda,savings,11007.57,,,
acct_ea49f55554,cust_02635e4911,ICICI Bank,savings,29531.63,,,
acct_80d4b6c30c,cust_a44e498f36,HDFC Bank,savings,42910.94,,,
acct_385dd6fd36,cust_addea306ff,Axis Bank,savings,31344.71,,,
acct_2880765f74,cust_0c07e1bcc5,Axis Bank,savings,10225.16,,,
acct_ccef6d7038,cust_944d87b353,HDFC Bank,savings,27588.99,,,
acct_da51e73457,cust_3abaa790b6,Axis Bank,savings,42308.55,,,
acct_793ca63374,cust_7564bdc2e2,State Bank of India,savings,12224.73,,,
acct_d965f9c239,cust_dc95bf9b09,Bank of Baroda,savings,25406.28,,,
acct_10d48f3a30,cust_7f8566e1a1,Bank of Baroda,savings,9415.39,,,
acct_a4171ee192,cust_54e705e009,State Bank of India,savings,36927.62,,,
acct_57e03c7616,cust_6a53a33f53,HDFC Bank,savings,17564.43,,,
acct_003b120953,cust_a1a937d2ac,Bank of Baroda,savings,15055.72,,,
acct_969f794062,cust_c9eba69313,ICICI Bank,savings,39771.96,,,
acct_e4cfe14ba1,cust_e48578481e,ICICI Bank,savings,43669.1,,,
acct_2f0226695b,cust_39ef7c464a,State Bank of India,savings,48858.8,,,
acct_ac53939794,cust_1d4d1af7db,Bank of Baroda,savings,10910.75,,,
acct_23781bb5fd,cust_d7b63d3ed1,Axis Bank,savings,17152.74,,,
acct_9a783b7d75,cust_f2aab62fc8,Axis Bank,savings,44452.65,,,
acct_bd52ae0301,cust_e071a1208a,Axis Bank,savings,22716.87,,,
acct_91fb141448,cust_e44db221c6,State Bank of India,savings,41338.06,,,
acct_3b1b8a8b1b,cust_08a616351a,Axis Bank,savings,20477.12,,,
acct_bba3aa3628,cust_63f80e4962,ICICI Bank,savings,8684.28,,,
acct_a20ba4d762,cust_fc8011a658,State Bank of India,savings,5503.46,,,
acct_5b4a619ddd,cust_f3ace9ec28,HDFC Bank,savings,37087.9,,,
acct_88a7829e2c,cust_6528102479,Punjab National Bank,savings,20838.56,,,
acct_862be8e23f,cust_b0df807716,HDFC Bank,savings,20590.69,,,
acct_9744211e43,cust_528d021a09,Punjab National Bank,savings,34331.01,,,
acct_479500c5a9,cust_745f651014,HDFC Bank,savings,43098.83,,,
acct_012c47bfd4,cust_c1e90b92f4,ICICI Bank,savings,18531.02,,,
acct_5bb7e0f4d0,cust_5ca6770699,ICICI Bank,savings,10685.0,,,
acct_8d68636ff6,cust_64bf998e8c,HDFC Bank,savings,31581.18,,,
acct_16bca796c6,cust_31de8545fa,Bank of Baroda,savings,6294.98,,,
acct_41f5c29195,cust_f89419fe3a,Axis Bank,savings,47534.77,,,
acct_e9e24e56bf,cust_18fd1b9652,Axis Bank,savings,3416.86,,,
acct_8c8af2b354,cust_fff00fcef7,HDFC Bank,savings,20942.0,,,
acct_bf1ffbec37,cust_2bb8d25377,Bank of Baroda,savings,26525.07,,,
acct_00d2311f18,cust_b4f646a65a,Bank of Baroda,savings,29003.21,,,
acct_27c30721dc,cust_48484bec4a,HDFC Bank,savings,37439.74,,,
acct_f019ea844f,cust_0f71d69909,Bank of Baroda,savings,5906.19,,,
acct_f1a964898a,cust_8f674e6d9b,State Bank of India,savings,43008.59,,,
acct_69b5c607f0,cust_2fa85d4d51,Bank of Baroda,savings,36632.21,,,
acct_b2e492c88f,cust_71e44fdd22,HDFC Bank,savings,35315.35,,,
acct_47e6b999b3,cust_16d7374498,ICICI Bank,savings,12667.6,,,
acct_ab2304a6a3,cust_2b594384bb,ICICI Bank,savings,33747.42,,,
acct_3087afd42a,cust_56ea766ab8,State Bank of India,savings,28813.22,,,
acct_f8ec455d10,cust_070c275b07,Punjab National Bank,savings,12894.3,,,
acct_dd1ce2d77e,cust_f06a360736,Punjab National Bank,savings,34194.38,,,
acct_3005799d11,cust_fbb24805e9,ICICI Bank,savings,45351.36,,,
acct_0245615ba3,cust_3054e1fe1d,HDFC Bank,savings,17734.29,,,
acct_85578bcb69,cust_17e903fcdf,Bank of Baroda,savings,18995.28,,,
acct_351ea101f0,cust_7fc05728da,Punjab National Bank,savings,20511.88,,,
acct_c079a60a51,cust_bf7d5d1934,State Bank of India,savings,42229.71,,,
acct_3b99d9307e,cust_7fdecaae25,Bank of Baroda,savings,24109.01,,,
acct_02552565d0,cust_da6a126513,Bank of Baroda,savings,49256.28,,,
acct_2789a007b4,cust_19853d5527,Punjab National Bank,savings,39509.91,,,
acct_ec0a90a57d,cust_981ac2b3e4,ICICI Bank,savings,16832.43,,,
acct_3ca6b3a7f9,cust_d28ea377a1,Axis Bank,savings,28093.49,,,
acct_f10590a2df,cust_b242b2b298,Punjab National Bank,savings,17446.77,,,
acct_ac423a2d8a,cust_dfac314c97,HDFC Bank,savings,14817.16,,,
acct_e5ad73fc51,cust_60e986c424,Axis Bank,savings,26884.11,,,
acct_409e64120a,cust_c8d6e8afa5,Punjab National Bank,savings,11350.74,,,
acct_ea5eca1ae4,cust_977cd59942,State Bank of India,savings,27346.75,,,
acct_5b901a1522,cust_726c7b52da,Bank of Baroda,savings,21627.64,,,
acct_4f89d4d63a,cust_167d72ea73,HDFC Bank,savings,2973.75,,,
acct_c46cc93de5,cust_67414ebcdc,Axis Bank,savings,30482.52,,,
acct_c9a1c9626b,cust_4243051924,Punjab National Bank,savings,48095.07,,,
acct_bc7aa7e61c,cust_a05d154c0b,State Bank of India,savings,23857.11,,,
acct_5cd1111abe,cust_387c287cab,State Bank of India,savings,44072.01,,,
acct_d65031eb7d,cust_5d45ec5bf2,Axis Bank,savings,47404.77,,,
acct_11176ce4a4,cust_89b9a74ee9,Punjab National Bank,savings,32875.37,,,
acct_33e15b7c3f,cust_234d569614,State Bank of India,savings,46485.39,,,
acct_4c2864556d,cust_a028069b67,State Bank of India,savings,47476.3,,,
acct_34e0f4a195,cust_bd5eb9703b,ICICI Bank,savings,11260.47,,,
acct_08462f654e,cust_6413919bcb,Axis Bank,savings,2853.47,,,
acct_29b35cd7c7,cust_91c4f97797,Punjab National Bank,savings,37238.84,,,
acct_8bec0e4967,cust_afe6f95676,Axis Bank,savings,32584.71,,,
acct_5bed29b0ee,cust_34e083b372,Axis Bank,savings,19217.66,,,
acct_3542f2bf61,cust_ab8635d2cd,Punjab National Bank,savings,12882.11,,,
acct_29f41857b6,cust_fa273f8bb1,HDFC Bank,savings,3822.7,,,
acct_b17126a0dc,cust_6b23a9821e,ICICI Bank,savings,8813.76,,,
acct_9ba0ed6b3e,cust_100927803a,HDFC Bank,savings,17635.74,,,
acct_87fe855b40,cust_0f06baa71c,Punjab National Bank,savings,37106.33,,,
acct_6e8c9c946d,cust_2bbfeb9dcb,Axis Bank,savings,40535.26,,,
acct_7b4e11f94b,cust_3a38d300f1,Punjab National Bank,savings,37886.55,,,
acct_a338ff0bf4,cust_a7d1ef2c35,State Bank of India,savings,32118.93,,,
acct_879c3b5f72,cust_2cb9618d9e,Punjab National Bank,savings,9693.07,,,
acct_046f36ded5,cust_516c3050cc,Axis Bank,savings,18667.16,,,
acct_cf100eafee,cust_03a407aeca,ICICI Bank,savings,41544.67,,,
acct_139e665952,cust_a35291b500,Axis Bank,savings,23845.15,,,
acct_d3479c3635,cust_80df5728cf,Bank of Baroda,savings,47557.16,,,
acct_6a6da2f9b5,cust_8e5528d4cb,State Bank of India,savings,35944.33,,,
acct_0963e14a57,cust_779bd50b02,Punjab National Bank,savings,38674.47,,,
acct_e092de03b8,cust_070e5d311d,Axis Bank,savings,39920.2,,,
acct_554ee8e500,cust_d081da660a,Axis Bank,savings,16353.32,,,
acct_723e31c990,cust_2f4cd0d64d,State Bank of India,savings,10488.96,,,
acct_8cc60a60a8,cust_adb89717e9,State Bank of India,savings,9775.6,,,
acct_59b41a2bab,cust_64cedf47cb,State Bank of India,savings,39246.55,,,
acct_defd640963,cust_098d2ca4f1,Axis Bank,savings,38917.55,,,
acct_e8e689bc2d,cust_30500c9653,State Bank of India,savings,9609.35,,,
acct_68b3271fbd,cust_3e516f938f,ICICI Bank,savings,29277.88,,,
acct_41b9d57f83,cust_56f9eaf3e1,Punjab National Bank,savings,16332.98,,,
acct_06b9f9d86b,cust_7584f85d34,State Bank of India,savings,26341.2,,,
acct_ec13b5a328,cust_0a429d1995,Axis Bank,savings,29789.89,,,
acct_f9a20122bc,cust_ded86977fd,Punjab National Bank,savings,25137.99,,,
acct_11580d9a9d,cust_2c802f43d6,Punjab National Bank,savings,18757.58,,,
acct_c434c508f9,cust_e348096c9f,State Bank of India,savings,37604.94,,,
acct_0e1848679d,cust_30fe8947c5,Axis Bank,savings,27673.21,,,
acct_2d47270b61,cust_71e09966a1,Bank of Baroda,savings,25338.49,,,
acct_f7c0193d09,cust_c5ef5a7d78,State Bank of India,savings,3173.84,,,
acct_9f2a6b45d3,cust_a83c66382c,State Bank of India,savings,42569.61,,,
acct_39394ba473,cust_078cba0fa2,Bank of Baroda,savings,22181.25,,,
acct_4c1a44e597,cust_3c018b10cc,Axis Bank,savings,27262.34,,,
acct_4704a40c92,cust_5015af2f4a,Bank of Baroda,savings,40572.26,,,
acct_bd6a5d82c2,cust_9ca919f644,ICICI Bank,savings,13291.1,,,
acct_e45ac6eea2,cust_7fd3d08e2e,Punjab National Bank,savings,20592.68,,,
acct_a7bca05762,cust_3c0fce659c,HDFC Bank,savings,10179.0,,,
acct_876cab3c41,cust_0408ebfa41,Bank of Baroda,savings,16378.58,,,
acct_aff848aa0b,cust_0ac4070a37,Axis Bank,savings,49717.73,,,
acct_3ce5873318,cust_eeab5c3b0f,Bank of Baroda,savings,22245.53,,,
acct_84e33b7bb6,cust_be0e8e75df,Bank of Baroda,savings,23143.52,,,
acct_98295af2f7,cust_42b7c77d8c,State Bank of India,savings,40670.9,,,
acct_e71d07ca9f,cust_dbf9d71752,State Bank of India,savings,43635.25,,,
acct_d0e6fac942,cust_45af474280,Axis Bank,savings,3820.34,,,
acct_e483776dae,cust_5b2a5c009e,Axis Bank,savings,19477.39,,,
acct_018a18ade1,cust_eaaf093cde,Bank of Baroda,savings,9690.25,,,
acct_a3d886d402,cust_a73a6acebe,Punjab National Bank,savings,34406.18,,,
acct_38fcbde694,cust_63b3f4b57f,HDFC Bank,savings,43631.89,,,
acct_57a614bc5a,cust_7397b3be04,ICICI Bank,savings,23404.77,,,
acct_d0c1530bd4,cust_33d642300d,State Bank of India,savings,6216.29,,,
acct_c9bda7c3e6,cust_12aca4191d,Axis Bank,savings,43876.37,,,
acct_ddb0582bf3,cust_4dc5a454b0,ICICI Bank,savings,35364.65,,,
acct_ce713ce60d,cust_677aa172da,State Bank of India,savings,6433.22,,,
acct_5e9fdb3063,cust_0f726cc708,Bank of Baroda,savings,12281.82,,,
acct_c83024506f,cust_4e93eda554,Punjab National Bank,savings,32446.34,,,
acct_d440c1c8a6,cust_47ec26c663,Axis Bank,savings,31239.03,,,
acct_d5771c5df9,cust_e330675a09,State Bank of India,savings,16300.54,,,
acct_92ed41fd42,cust_350643a94d,Punjab National Bank,savings,2325.96,,,
acct_a43d3c59dd,cust_5b7f5f2033,State Bank of India,savings,45410.23,,,
acct_9c365cb7c8,cust_3a82e2b762,Axis Bank,savings,27873.19,,,
acct_f8fdf76a9e,cust_7772ab587b,HDFC Bank,savings,43525.53,,,
acct_b3bbd7ff97,cust_1243460515,ICICI Bank,savings,12562.99,,,
acct_b38bb4c7f1,cust_d7a258b8af,HDFC Bank,savings,12976.93,,,
acct_831f057816,cust_1bc9260055,HDFC Bank,savings,18262.14,,,
acct_74ab69014e,cust_552d4442f3,Punjab National Bank,savings,3801.96,,,
acct_bbf9ac69b5,cust_5c0121a465,HDFC Bank,savings,29824.87,,,
acct_025e569992,cust_28e06d67ce,HDFC Bank,savings,30470.82,,,
acct_b298f6a8b9,cust_f033911cd0,Punjab National Bank,savings,38812.12,,,
acct_c397e4e937,cust_b4a7f85b4b,Punjab National Bank,savings,39289.96,,,
acct_1d8daafbea,cust_a9ff421311,ICICI Bank,savings,48618.12,,,
acct_42ddc3992f,cust_9b44a6880a,Bank of Baroda,savings,47297.77,,,
acct_5436b36af8,cust_caf30ad53b,Axis Bank,savings,24986.91,,,
acct_489b7bcf9c,cust_72ae0bfece,Axis Bank,savings,49806.58,,,
acct_0d25bb2806,cust_11745d1542,Bank of Baroda,savings,16251.83,,,
acct_44246b2f7d,cust_5d50399829,State Bank of India,savings,13932.4,,,
acct_e569024823,cust_48176379c5,HDFC Bank,savings,29026.34,,,
acct_f4aeda6911,cust_f8f15bcb90,Punjab National Bank,savings,26054.19,,,
acct_ae92a2b97f,cust_461568bb63,HDFC Bank,savings,8289.2,,,
acct_dfe1efebb2,cust_3919f46eb8,HDFC Bank,savings,3178.5,,,
acct_e153219606,cust_26d1cdc2c9,Axis Bank,savings,13774.72,,,
acct_eacd837371,cust_27a48c4e79,Punjab National Bank,savings,29890.43,,,
acct_2d1aeb4061,cust_245b3f8d11,Punjab National Bank,savings,35841.27,,,
acct_69ea585321,cust_3e7edde2bf,Axis Bank,savings,23127.13,,,
acct_db1f35bfbb,cust_d3bba7c0e8,HDFC Bank,savings,19169.85,,,
acct_2049846013,cust_ef9b13d836,State Bank of India,savings,39329.55,,,
acct_8adb096fb2,cust_282d6bf21f,Axis Bank,savings,37265.85,,,
acct_3fd96fe9bf,cust_4d7116b219,HDFC Bank,savings,15146.02,,,
acct_10b15a5c95,cust_25be253850,Axis Bank,savings,25408.01,,,
acct_e89c710504,cust_9f4442ceac,HDFC Bank,savings,41922.05,,,
acct_d7589eff50,cust_f7dd5bcb2b,ICICI Bank,savings,47488.91,,,
acct_aa7b13ba4c,cust_95100cfdf3,HDFC Bank,savings,15246.17,,,
acct_c4f3deb86a,cust_3582425aeb,Punjab National Bank,savings,21280.17,,,
acct_01f5dd121d,cust_fc5e35a71b,ICICI Bank,savings,17550.55,,,
acct_74bdb7671d,cust_e5b638b47a,State Bank of India,savings,14621.59,,,
acct_020cf34ac7,cust_a08821b504,Axis Bank,savings,25326.41,,,
acct_c2c3c0abf7,cust_8c35fcaeb5,HDFC Bank,savings,39961.78,,,
acct_c527d5c167,cust_44ef776e6b,ICICI Bank,savings,36667.95,,,
acct_cc48b92fc4,cust_1d475949c1,HDFC Bank,savings,23997.21,,,
acct_8e62c4e57a,cust_9c72779906,ICICI Bank,savings,32648.0,,,
acct_36347c117f,cust_4cd51729a9,HDFC Bank,savings,4967.74,,,
acct_9503062e8a,cust_b44c5fd5b6,Axis Bank,savings,30853.19,,,
acct_8879e8fe0d,cust_df05d642ff,HDFC Bank,savings,16092.09,,,
acct_2e351d58ad,cust_309b69e2f9,Punjab National Bank,savings,42959.95,,,
acct_d5a4e27274,cust_aefc1fbf4c,HDFC Bank,savings,33891.23,,,
acct_08c128bd84,cust_936b050668,HDFC Bank,savings,27730.45,,,
acct_4d15f07d0a,cust_f470be0418,Bank of Baroda,savings,8852.26,,,
acct_933bf3f67e,cust_22d2cd41ef,ICICI Bank,savings,20059.18,,,
acct_89af44f593,cust_bf34248b1f,HDFC Bank,savings,5244.96,,,
acct_5af61fec9e,cust_44009771c7,HDFC Bank,savings,47409.72,,,
acct_8f0f477921,cust_f299defa2f,Punjab National Bank,savings,16595.44,,,
acct_056e8db437,cust_00b7189578,ICICI Bank,savings,24495.81,,,
acct_8466373808,cust_a12eaf0535,Punjab National Bank,savings,49079.71,,,
acct_4fe72bf5e9,cust_c2849c9d32,State Bank of India,savings,30397.7,,,
acct_fecaac5371,cust_57e4660b16,HDFC Bank,savings,29065.29,,,
acct_946ad0eb8d,cust_add2def3b3,Punjab National Bank,savings,41091.36,,,
acct_ed6762c089,cust_0e543247c4,Bank of Baroda,savings,10587.46,,,
acct_7b6da4c2d0,cust_56d48bc07b,Bank of Baroda,savings,32619.02,,,
acct_f812cd7550,cust_acc44ea39c,HDFC Bank,savings,11662.12,,,
acct_5fae0e05da,cust_d7d7d17231,ICICI Bank,savings,38778.33,,,
acct_801613a348,cust_2b32854574,Bank of Baroda,savings,2242.69,,,
acct_3e6b2cfb43,cust_f4652f4654,HDFC Bank,savings,16436.16,,,
acct_5f3d37c690,cust_6cd5c197c8,HDFC Bank,savings,2320.09,,,
acct_7e03c7adb4,cust_dd579b1ad2,Punjab National Bank,savings,4054.31,,,
acct_b9c6dc9548,cust_577b006550,State Bank of India,savings,46192.77,,,
acct_67393c05c2,cust_569883fcc5,Bank of Baroda,savings,33729.39,,,
acct_f64ab4aa65,cust_337162e30a,Bank of Baroda,savings,25999.91,,,
acct_b135bcf815,cust_c653074c83,ICICI Bank,savings,23298.76,,,
acct_dbb2bf330d,cust_c0db6311c7,HDFC Bank,savings,5301.07,,,
acct_7e0c66c80e,cust_247871f56a,State Bank of India,savings,9340.17,,,
acct_29c961cfd1,cust_42088b3abd,Axis Bank,savings,14966.29,,,
acct_37a7b16113,cust_9914c4afaf,Bank of Baroda,savings,42955.32,,,
acct_9102d2e8a2,cust_dbbe5decb9,Punjab National Bank,savings,20798.01,,,
acct_c564343ea6,cust_4d2069c926,State Bank of India,savings,36234.77,,,
acct_3d168da380,cust_705527ff32,HDFC Bank,savings,7650.52,,,
acct_a848deef29,cust_156bb03b5f,Bank of Baroda,savings,9883.34,,,
acct_f578a69a96,cust_497bb69775,Bank of Baroda,savings,14258.91,,,
acct_a770444afe,cust_7873a3a4fa,Axis Bank,savings,9753.85,,,
acct_6f22484734,cust_2720904646,HDFC Bank,savings,13446.41,,,
acct_670e6567fa,cust_069660806b,ICICI Bank,savings,43185.14,,,
acct_5192c5a1a2,cust_d75a8cc1cf,State Bank of India,savings,23020.49,,,
acct_df8ff628e8,cust_d3186ad8e7,Bank of Baroda,savings,26416.38,,,
acct_5fc0aa3b3e,cust_5bc66290f4,Punjab National Bank,savings,40594.75,,,
acct_172ff618cf,cust_e26fbfa23a,Punjab National Bank,savings,3243.28,,,
acct_e1624e5b14,cust_fe0c055bc7,Axis Bank,savings,41663.28,,,
acct_fd317d291e,cust_799d0773d2,HDFC Bank,savings,22328.54,,,
acct_96035e3c19,cust_b5b501f104,Axis Bank,savings,49567.27,,,
acct_e2bc049450,cust_80b878741f,Axis Bank,savings,28359.36,,,
acct_5575dcb5ca,cust_c1846be95b,Bank of Baroda,savings,20553.12,,,
acct_28bec0e051,cust_7e34048547,ICICI Bank,savings,5420.5,,,
acct_a62c04f04c,cust_2106093b4f,ICICI Bank,savings,37392.81,,,
acct_749d302af3,cust_0602c72527,Bank of Baroda,savings,31520.06,,,
acct_b2db66beac,cust_7bd1aa6fcd,Punjab National Bank,savings,2875.85,,,
acct_2bd1de2191,cust_f3f15e1f39,Axis Bank,savings,22184.7,,,
acct_037591b8c3,cust_11cca2bab7,Bank of Baroda,savings,20734.98,,,
acct_5780d2e563,cust_3a1a01d1b8,State Bank of India,savings,32591.88,,,
acct_e1985e8086,cust_1e29fd81ec,State Bank of India,savings,39211.02,,,
acct_77e3950187,cust_cfd17ed6c6,State Bank of India,savings,3171.39,,,
acct_a39078b6e1,cust_b6b1abd37a,HDFC Bank,savings,8991.73,,,
acct_78f2e4bd49,cust_9b832fe03c,Bank of Baroda,savings,26916.45,,,
acct_e1fa78165c,cust_4744a8f8e4,HDFC Bank,savings,33448.96,,,
acct_c3d22edb19,cust_13da8cb6c1,Punjab National Bank,savings,24011.04,,,
acct_b47f5ed917,cust_10af39f982,HDFC Bank,savings,45534.79,,,
acct_a09661f2d2,cust_ec8442b877,HDFC Bank,savings,3492.06,,,
acct_eb8d7e49d6,cust_405e2e0764,Axis Bank,savings,14664.43,,,
acct_4938471439,cust_941283191a,ICICI Bank,savings,46978.92,,,
acct_0eddeeea5d,cust_4a78c02dc2,Punjab National Bank,savings,7564.9,,,
acct_0adba9d8c0,cust_bed02c5b92,Punjab National Bank,savings,18136.03,,,
acct_ed54e699ed,cust_bf854401c5,Bank of Baroda,savings,40963.38,,,
acct_b51115a313,cust_cc86aa1855,Bank of Baroda,savings,48724.53,,,
acct_90b5d75182,cust_0e984e72b1,ICICI Bank,savings,38821.09,,,
acct_9c7d9a2280,cust_d7b33fcae1,Bank of Baroda,savings,11482.9,,,
acct_d4aa1ceac2,cust_26abe286e7,Punjab National Bank,savings,42034.61,,,
acct_1524909374,cust_c5fb803624,Punjab National Bank,savings,18213.98,,,
acct_d5f560d928,cust_19469d350d,Bank of Baroda,savings,45722.74,,,
acct_fa542fbd5a,cust_3b89003b5a,Punjab National Bank,savings,20516.88,,,
acct_e1144f2dad,cust_275bcefeb6,HDFC Bank,savings,25211.05,,,
acct_90d4ff2cd4,cust_97c1db2397,Bank of Baroda,savings,9276.18,,,
acct_23435f75b8,cust_b29739cc6a,HDFC Bank,savings,30384.06,,,
acct_4bd9e3518e,cust_f62ba3b09b,Bank of Baroda,savings,5660.44,,,
acct_1b960c7e0d,cust_2357c99bd8,Bank of Baroda,savings,42605.31,,,
acct_b394d822fa,cust_c7f67b35b6,Punjab National Bank,savings,18924.39,,,
acct_1658171ae4,cust_22a206fa40,Punjab National Bank,savings,32373.74,,,
acct_52289c927b,cust_25432d473c,Bank of Baroda,savings,33375.55,,,
acct_d69acd3922,cust_2a22b3a5d9,Axis Bank,savings,35962.11,,,
acct_8a37cd59cf,cust_dfedb27b0d,HDFC Bank,savings,46222.2,,,
acct_fb1d53cfcc,cust_a54508323d,Bank of Baroda,savings,14368.24,,,
acct_9692b4f1bc,cust_b528ddf180,HDFC Bank,savings,8552.5,,,
acct_2e31ea8229,cust_1d4a36e14f,Punjab National Bank,savings,37656.35,,,
acct_1e9e477326,cust_fb1b9193d0,ICICI Bank,savings,6587.76,,,
acct_df782615cc,cust_949e9ed563,State Bank of India,savings,47814.68,,,
acct_cf6523b8b8,cust_13e754f014,Axis Bank,savings,22138.44,,,
acct_df63fdaa60,cust_cac3f53a15,ICICI Bank,savings,4347.78,,,
acct_cea012b851,cust_6e59b7f936,State Bank of India,savings,16327.35,,,
acct_8e4247e44f,cust_68b6b64375,Bank of Baroda,savings,20817.11,,,
acct_6312e5b0c8,cust_8104842dc7,Punjab National Bank,savings,33668.24,,,
acct_ccf033a9de,cust_3c73b590f6,Axis Bank,savings,15404.52,,,
acct_0684b34341,cust_5d4b9da0be,Bank of Baroda,savings,7163.16,,,
acct_92bf32d877,cust_e8ef64eff8,Punjab National Bank,savings,37631.63,,,
acct_274b630c41,cust_c1edf4ba84,State Bank of India,savings,34145.14,,,
acct_444d6ce5c4,cust_1173d820ec,State Bank of India,savings,5525.82,,,
acct_569ac4ee27,cust_dc388d9250,State Bank of India,savings,18562.87,,,
acct_be85b7b002,cust_1165bd0a6f,Bank of Baroda,savings,10183.31,,,
acct_3c04e06b45,cust_5d8d711b95,ICICI Bank,savings,12481.39,,,
acct_9a43f79da3,cust_a1b3236ca9,HDFC Bank,savings,48918.5,,,
acct_1e5489a9c5,cust_edb627372b,Axis Bank,savings,38746.96,,,
acct_eaea9ec914,cust_45048a9aa1,Bank of Baroda,savings,11830.78,,,
acct_861a9ac943,cust_32a81cb5e3,ICICI Bank,savings,28585.17,,,
acct_def74a6ee4,cust_a70196d37f,ICICI Bank,savings,35262.77,,,
acct_9d994f9b92,cust_a2c2c64407,State Bank of India,savings,26042.98,,,
acct_6c95da2ba7,cust_ca2fd02698,Punjab National Bank,savings,10919.68,,,
acct_1d828ad431,cust_6c59e9bee6,Punjab National Bank,savings,32113.64,,,
acct_02e249b39a,cust_1b61332f2e,State Bank of India,savings,22767.74,,,
acct_9e53aa9186,cust_380a4d4e26,ICICI Bank,savings,29802.3,,,
acct_3850637cc2,cust_d2f541b621,Axis Bank,savings,29442.78,,,
acct_d19bb96c82,cust_eef05dfd10,Axis Bank,savings,42961.89,,,
acct_e285cabb71,cust_992004def7,Axis Bank,savings,23076.42,,,
acct_5bfc6c659f,cust_0d1cb9a727,State Bank of India,savings,14870.8,,,
acct_0c51e19ad3,cust_76df24c4bf,HDFC Bank,savings,19344.19,,,
acct_3ff040d457,cust_7d6199bddf,Punjab National Bank,savings,14985.83,,,
acct_89b49843cf,cust_344a8a6974,State Bank of India,savings,20424.25,,,
acct_296803e199,cust_a478ea4ee4,HDFC Bank,savings,19549.44,,,
acct_efa98fac0c,cust_2c85a9f8ce,Bank of Baroda,savings,44582.81,,,
acct_d078de2807,cust_f848b6cad5,HDFC Bank,savings,28416.62,,,
acct_6cfe4ad773,cust_de422e22e4,Punjab National Bank,savings,8329.42,,,
acct_fe0e2c6818,cust_1c36740c14,State Bank of India,savings,28443.08,,,
acct_f2f6cd9233,cust_a13f370d22,Bank of Baroda,savings,40966.18,,,
acct_c0c08ba633,cust_8136e52415,Bank of Baroda,savings,45685.23,,,
acct_f4c413429c,cust_0f8ebcc1d1,State Bank of India,savings,3799.57,,,
acct_a741c60994,cust_e8da3dc421,Punjab National Bank,savings,48404.85,,,
acct_16e504e4c8,cust_59a40250f3,State Bank of India,savings,24862.9,,,
acct_672f09b37f,cust_aa0d6fad0c,Bank of Baroda,savings,37601.74,,,
acct_e2428b8a13,cust_d911977d7c,Bank of Baroda,savings,15325.98,,,
acct_3932e718e8,cust_f625f4ee9b,State Bank of India,savings,23399.99,,,
acct_5e7f623014,cust_69ad2afdf9,HDFC Bank,savings,12024.39,,,
acct_f4dbe128aa,cust_94a33662af,Bank of Baroda,savings,6882.56,,,
acct_1e1c406e27,cust_a7bfae9fb3,ICICI Bank,savings,37970.47,,,
acct_92fcbb5c11,cust_071b78098c,HDFC Bank,savings,25900.02,,,
acct_39c90fc2d3,cust_2b0771bcf8,Bank of Baroda,savings,5111.91,,,
acct_e676917213,cust_90e2f50640,ICICI Bank,savings,4839.54,,,
acct_87aa7721b1,cust_052ca95506,Axis Bank,savings,12038.66,,,
acct_61b4c54053,cust_85d7b55dee,Bank of Baroda,savings,13866.32,,,
acct_f1307d6799,cust_eceb3fb427,State Bank of India,savings,37910.44,,,
acct_619117f6a4,cust_66bbcb9709,ICICI Bank,savings,30901.55,,,
acct_aa117841cc,cust_397fda70e3,ICICI Bank,savings,20987.97,,,
acct_d4ed17c5c6,cust_c6d7b21a88,State Bank of India,savings,45171.09,,,
acct_8cc8339bea,cust_ecb0a39935,ICICI Bank,savings,15847.62,,,
acct_6d7173a75e,cust_7b134b5066,State Bank of India,savings,40730.53,,,
acct_f94d84f3d1,cust_34e6cbace7,State Bank of India,savings,4021.56,,,
acct_1e165ebd92,cust_e5b2305c0d,State Bank of India,savings,14394.84,,,
acct_899ec093bd,cust_5aa854cb3a,HDFC Bank,savings,13037.23,,,
acct_8395a06910,cust_32481aca4b,State Bank of India,savings,6631.31,,,
acct_173a977a20,cust_4cb37180ed,ICICI Bank,savings,8264.18,,,
acct_d80d2387da,cust_c8ac1bfa3d,Bank of Baroda,savings,40802.71,,,
acct_1b43bef16a,cust_3ed8a013d0,Bank of Baroda,savings,4749.08,,,
acct_a614393ffc,cust_89032f760e,State Bank of India,savings,4821.0,,,
acct_ea40474a1a,cust_f5bf540c0e,ICICI Bank,savings,21176.96,,,
acct_afbcc306c1,cust_d8d00ccdd2,Punjab National Bank,savings,27866.84,,,
acct_aedd61dcb0,cust_7a83c59acb,ICICI Bank,savings,47645.52,,,
acct_944c597c43,cust_45be4cabb9,HDFC Bank,savings,25570.17,,,
acct_8974563340,cust_a81055e336,HDFC Bank,savings,23165.04,,,
acct_1c1669b957,cust_72f554090c,HDFC Bank,savings,4790.56,,,
acct_8162b8cf66,cust_9d8ebaec8d,HDFC Bank,savings,42269.7,,,
acct_17c5591435,cust_add39aec26,Bank of Baroda,savings,2622.56,,,
acct_6a5575d60a,cust_2a5e6a3e2a,ICICI Bank,savings,11499.07,,,
acct_796d341a47,cust_c93d5a7560,HDFC Bank,savings,23104.19,,,
acct_6d971e5ccb,cust_abb03654e2,Axis Bank,savings,46417.66,,,
acct_2407384ac5,cust_9fc42c2985,State Bank of India,savings,49405.18,,,
acct_a6d56d4f1d,cust_37bb327920,Axis Bank,savings,33868.5,,,
acct_aa39c9406a,cust_5332a8ebfa,HDFC Bank,savings,18274.32,,,
acct_57341b7a8f,cust_44b5af15ef,Punjab National Bank,savings,16169.63,,,
acct_0c289c646b,cust_c05af4c1cf,HDFC Bank,savings,20209.4,,,
acct_05f05a34cb,cust_2fe0b1b82c,ICICI Bank,savings,37346.28,,,
acct_f42bd1c46e,cust_00160bef14,ICICI Bank,savings,27218.8,,,
acct_e28740923f,cust_d901f30587,Bank of Baroda,savings,40604.62,,,
acct_a775e4ae04,cust_3f1187e3e4,Punjab National Bank,savings,40573.79,,,
acct_adf04c1ed1,cust_c8a78980cb,ICICI Bank,savings,32983.62,,,
acct_fc5cb44455,cust_fa78e7a8d4,Axis Bank,savings,16661.19,,,
acct_3a8bd31643,cust_f380fc6550,HDFC Bank,savings,9011.32,,,
acct_1f9f278ad8,cust_8d532513ca,Punjab National Bank,savings,17235.95,,,
acct_bfb3ebc4ec,cust_fda60c2aff,Axis Bank,savings,2766.24,,,
acct_0243044bbc,cust_cd71184d5d,Axis Bank,savings,49572.44,,,
acct_0faaae4618,cust_d3653f45ec,Bank of Baroda,savings,2910.76,,,
acct_a63f643e13,cust_7e7007ae93,Axis Bank,savings,23066.45,,,
acct_8da2b71ace,cust_60343eeedf,Bank of Baroda,savings,46762.71,,,
acct_b6b704fe35,cust_7166377305,Axis Bank,savings,45094.19,,,
acct_7ba4cc52d7,cust_1cd2f9fd3f,Axis Bank,savings,39778.39,,,
acct_074f2a3c2d,cust_597c99e9b6,Punjab National Bank,savings,29949.07,,,
acct_210e0101a6,cust_e4fbc99d9b,State Bank of India,savings,28938.25,,,
acct_2a86bf3b2d,cust_e1b3d0a30d,HDFC Bank,savings,4453.23,,,
acct_6d3f242ecb,cust_9818fa0267,State Bank of India,savings,45969.86,,,
acct_d8881e1951,cust_bd05f7967e,Bank of Baroda,savings,11452.19,,,
acct_3a44a03da7,cust_f3e39b66be,ICICI Bank,savings,48586.29,,,
acct_5ec446348c,cust_351e488c04,ICICI Bank,savings,42145.35,,,
acct_e7ca07472e,cust_c8fca9b33b,Axis Bank,savings,10524.16,,,
acct_e7b2e3df59,cust_bdae503ec4,Punjab National Bank,savings,26729.5,,,
acct_e74c1df67d,cust_125afd51c8,HDFC Bank,savings,40685.07,,,
acct_dac4301262,cust_c5877c5c4e,ICICI Bank,savings,43710.82,,,
acct_c03efacdd5,cust_13b2e40141,Punjab National Bank,savings,23157.0,,,
acct_763efa2f11,cust_aa47024fb1,State Bank of India,savings,19018.52,,,
acct_19835bb51a,cust_118b3f329a,State Bank of India,savings,22788.86,,,
acct_63aa6d3d74,cust_3040ea1922,HDFC Bank,savings,20891.23,,,
acct_b699802b79,cust_ac57a80ce4,State Bank of India,savings,21856.17,,,
acct_b8cc0418d4,cust_e1f3e3b074,Bank of Baroda,savings,39799.84,,,
acct_5313a95af6,cust_b841837557,Bank of Baroda,savings,33479.0,,,
acct_6d66b471c3,cust_0512fce792,HDFC Bank,savings,15390.34,,,
acct_54bee00086,cust_03d77be4c1,Punjab National Bank,savings,33378.43,,,
acct_2f619b7542,cust_061c84b132,ICICI Bank,savings,16443.72,,,
acct_0c4b7e7bd6,cust_30252617ef,Bank of Baroda,savings,45344.35,,,
acct_05aaa73b48,cust_e9ee7f92a0,ICICI Bank,savings,33971.17,,,
acct_adf871d161,cust_e9ca0c08d4,Axis Bank,savings,8175.05,,,
acct_824c7d5a9e,cust_5b0fef1374,ICICI Bank,savings,3334.64,,,
acct_1754fbbafb,cust_125d783aaf,Punjab National Bank,savings,28072.98,,,
acct_1b6607c6a5,cust_2a50668a55,State Bank of India,savings,29155.38,,,
acct_806f14135d,cust_abb1e13e02,Axis Bank,savings,49918.17,,,
acct_8610de9bc8,cust_ad359b04c3,HDFC Bank,savings,12584.35,,,
acct_96d51736f6,cust_03fc6d96c6,Axis Bank,savings,6639.76,,,
acct_8a489c4d19,cust_c6d27b8cab,State Bank of India,savings,14703.2,,,
acct_889263be46,cust_3fb3ee3324,State Bank of India,savings,49020.54,,,
acct_4a9062ae7a,cust_d2a15ec6aa,ICICI Bank,savings,46389.61,,,
acct_cc6fb913d6,cust_d13d2e582e,ICICI Bank,savings,10556.87,,,
acct_f98a36f0a1,cust_7f1d1c74ee,Axis Bank,savings,36596.94,,,
acct_a24c10cc83,cust_eadf6c1350,ICICI Bank,savings,24026.12,,,
acct_56c5604a97,cust_a42dd808f9,ICICI Bank,savings,37273.71,,,
acct_8ff7f770de,cust_d1feab7f76,Punjab National Bank,savings,36151.3,,,
acct_0cfadab67f,cust_b117c7c4ae,Axis Bank,savings,9215.36,,,
acct_ecc5a627f9,cust_4e7a6205de,State Bank of India,savings,23765.05,,,
acct_a3a5018239,cust_073f90b4b8,Axis Bank,savings,9851.96,,,
acct_0653df3bc9,cust_8e5b8898ef,ICICI Bank,savings,15011.24,,,
acct_1c3e002be8,cust_c56c016f6f,Bank of Baroda,savings,24875.51,,,
acct_b2ebc8787e,cust_71450b3dd8,Punjab National Bank,savings,3476.46,,,
acct_8bdd4c8f56,cust_f91779c61e,Bank of Baroda,savings,9500.14,,,
acct_0d6c545d4d,cust_9d81101c90,Axis Bank,savings,46474.15,,,
acct_d47184d8f3,cust_d8efa4d04a,Bank of Baroda,savings,2337.14,,,
acct_3516cf677d,cust_03a302729f,Bank of Baroda,savings,23483.67,,,
acct_35646f275f,cust_e1c41a007f,ICICI Bank,savings,29882.15,,,
acct_aee0dc497c,cust_c55a556f06,Bank of Baroda,savings,43037.4,,,
acct_8cdcf8e5e1,cust_dd86a13eea,Axis Bank,savings,40414.5,,,
acct_9aae60a434,cust_7583bf2dcb,Bank of Baroda,savings,49190.11,,,
acct_d02fb121ea,cust_0dd492b78a,HDFC Bank,savings,2092.11,,,
acct_698e5d2b83,cust_abef4ef991,State Bank of India,savings,13301.11,,,
acct_03435a328f,cust_192ca47bb0,HDFC Bank,savings,48651.15,,,
acct_67a1274a7a,cust_230b07f0a7,HDFC Bank,savings,32196.21,,,
acct_20922ba390,cust_baf71999f1,HDFC Bank,savings,47604.13,,,
acct_46cf8bee4d,cust_624c26ac75,Bank of Baroda,savings,31222.9,,,
acct_07fca42549,cust_7f3bf53e65,Punjab National Bank,savings,6025.14,,,
acct_a8f38f9b59,cust_c5d3a6a194,ICICI Bank,savings,20574.49,,,
acct_f2f6542a2a,cust_6f1065727a,Punjab National Bank,savings,48004.46,,,
acct_fa2f85f8c0,cust_3775c041c4,State Bank of India,savings,4956.42,,,
acct_cb463a99b8,cust_e3b69d8f81,Axis Bank,savings,20543.99,,,
acct_17a69f5823,cust_2397ed2fb5,HDFC Bank,savings,13192.59,,,
acct_55ed98c1c2,cust_7237a15266,Punjab National Bank,savings,23172.82,,,
acct_870217023b,cust_0874678847,Punjab National Bank,savings,37484.16,,,
acct_3741e5cb96,cust_b7fc413c54,HDFC Bank,savings,36320.43,,,
acct_9ecce7539d,cust_4facefe1a6,HDFC Bank,savings,39217.78,,,
acct_f71f11f97f,cust_57c84b313c,Axis Bank,savings,5760.16,,,
acct_a08f7997f2,cust_53c54bc26d,Axis Bank,savings,3008.75,,,
acct_8f538563f9,cust_c0be4b0798,HDFC Bank,savings,49076.86,,,
acct_2046be01d1,cust_7dcebd3363,HDFC Bank,savings,13635.72,,,
acct_8015572c6e,cust_01b464d219,Punjab National Bank,savings,24778.98,,,
acct_7d63fe529f,cust_9f91913baf,Bank of Baroda,savings,23990.05,,,
acct_cc7ef6eab1,cust_b053a14296,State Bank of India,savings,34769.68,,,
acct_f6b810a85b,cust_609cbd5224,HDFC Bank,savings,49436.31,,,
acct_f947b89bbe,cust_edd40a668a,State Bank of India,savings,13409.24,,,
acct_5ca7c3fc7d,cust_bdcdc504c9,ICICI Bank,savings,43187.57,,,
acct_3e0928ccae,cust_557fe771bb,Punjab National Bank,savings,37051.74,,,
acct_5653e02d84,cust_f1487a9b7c,Bank of Baroda,savings,34265.89,,,
acct_8d624bd0e4,cust_b393c88ea3,HDFC Bank,savings,32172.62,,,
acct_57eafd22a7,cust_69da0623c5,Axis Bank,savings,5071.69,,,
acct_ae3c15933b,cust_0ac12f8861,State Bank of India,savings,39354.72,,,
acct_26fa24f143,cust_b25653130c,ICICI Bank,savings,20385.0,,,
acct_8e4155d720,cust_160a67d923,HDFC Bank,savings,36123.96,,,
acct_29cd07934d,cust_98e7f65841,Bank of Baroda,savings,18320.0,,,
acct_97ea534d5b,cust_2641b0326f,Punjab National Bank,savings,8609.18,,,
acct_e601eb538b,cust_f9434222a8,Axis Bank,savings,37547.85,,,
acct_c92f946d57,cust_bb2785d8f4,HDFC Bank,savings,47893.11,,,
acct_9b58974bcb,cust_4283327966,Punjab National Bank,savings,41896.6,,,
acct_a421cdca1a,cust_39faa04927,HDFC Bank,savings,8012.04,,,
acct_b27172c031,cust_0ea2b53cd4,Bank of Baroda,savings,48968.72,,,
acct_5f3a1649b5,cust_96dae1f7d3,Punjab National Bank,savings,18897.32,,,
acct_9b37810670,cust_d4de32ad00,State Bank of India,savings,33198.41,,,
acct_a57bf855bf,cust_39ca26c4b6,ICICI Bank,savings,30216.12,,,
acct_f96279be44,cust_3af8d6a2ef,HDFC Bank,savings,33361.14,,,
acct_84bf5c7820,cust_298d57c824,Bank of Baroda,savings,21174.04,,,
acct_3894b3dbae,cust_4029e4707d,ICICI Bank,savings,43822.89,,,
acct_c24dfad151,cust_21f0ce8440,Bank of Baroda,savings,22797.42,,,
acct_3e2ef93e93,cust_86c1b48012,ICICI Bank,savings,11699.41,,,
acct_8867c6b55c,cust_1432650d89,State Bank of India,savings,22004.72,,,
acct_4e0b03a2e4,cust_a34c0ed949,State Bank of India,savings,20407.92,,,
acct_6a34911188,cust_e43eac360f,State Bank of India,savings,37128.18,,,
acct_8ff1fc2f81,cust_7bfc32fe6c,State Bank of India,savings,34078.27,,,
acct_b878c2c890,cust_dede6d9493,Punjab National Bank,savings,39229.47,,,
acct_5351f70f4e,cust_4e6e89c597,ICICI Bank,savings,16582.15,,,
acct_2d027af27a,cust_25f24aca3a,Axis Bank,savings,21509.9,,,
acct_6694043c12,cust_0bb1d6325f,HDFC Bank,savings,2971.26,,,
acct_cc1ed56d99,cust_0f6c124a81,ICICI Bank,savings,35512.41,,,
acct_a22455f3e8,cust_b4673d39f3,ICICI Bank,savings,11729.03,,,
acct_05afbc740a,cust_d557601e6f,Punjab National Bank,savings,49885.61,,,
acct_7f381de2af,cust_3e99be0ec9,Punjab National Bank,savings,43850.24,,,
acct_93af30ab1b,cust_152c49b2bd,State Bank of India,savings,33983.82,,,
acct_d114ae2769,cust_0ca6bdd822,HDFC Bank,savings,3738.56,,,
acct_0c551f5435,cust_8c88772ae3,ICICI Bank,savings,35943.48,,,
acct_fd7f1dd9b2,cust_dc3a566871,ICICI Bank,savings,22992.14,,,
acct_1a4500b6c0,cust_f5ba7ee0c0,Axis Bank,savings,22390.37,,,
acct_18ee3afa9a,cust_90a8a8a8df,State Bank of India,savings,39857.72,,,
acct_905e2e2165,cust_b65e7df6fd,State Bank of India,savings,20606.69,,,
acct_f267996787,cust_e0bea7de92,State Bank of India,savings,19888.02,,,
acct_de89311eef,cust_6b37d50e3a,State Bank of India,savings,36147.33,,,
acct_ff6b02e893,cust_dc8161db3d,Punjab National Bank,savings,26281.88,,,
acct_07a5a40b9b,cust_4c24f73fe0,ICICI Bank,savings,46872.58,,,
acct_115a31bc74,cust_954a536119,State Bank of India,savings,38460.93,,,
acct_4748a9ab4d,cust_4b07976362,Punjab National Bank,savings,47393.78,,,
acct_c768bfcf76,cust_fce91545b2,State Bank of India,savings,26210.7,,,
acct_7fc555a759,cust_9409b69eda,Punjab National Bank,savings,14216.37,,,
acct_7327ad790d,cust_75545d1af9,Axis Bank,savings,6648.09,,,
acct_a5f0d52fb7,cust_0937b9a121,State Bank of India,savings,12456.98,,,
acct_d445d8ade5,cust_6949fd178f,State Bank of India,savings,36410.51,,,
acct_c9f9200bea,cust_43f2b28b3b,Punjab National Bank,savings,38880.56,,,
acct_5c7ecf69f0,cust_b39ea5976c,State Bank of India,savings,14689.05,,,
acct_ef0dbdb4b7,cust_d789eed9be,Bank of Baroda,savings,14915.6,,,
acct_031408d4f5,cust_f649fd5c97,HDFC Bank,savings,7432.96,,,
acct_36dd2ee8df,cust_b8b0fcd334,Bank of Baroda,savings,48423.83,,,
acct_8c7a18dc8c,cust_22ac42995f,ICICI Bank,savings,9202.96,,,
acct_95b24784b6,cust_d2f1249aed,Punjab National Bank,savings,40575.2,,,
acct_e06b210e13,cust_678a89e058,Axis Bank,savings,17318.58,,,
acct_ef99d8ae05,cust_0c5da68b9e,ICICI Bank,savings,31048.98,,,
acct_60881b5224,cust_363b27819c,State Bank of India,savings,2543.42,,,
acct_4acb3a5f70,cust_5bdd90e84f,Axis Bank,savings,28374.45,,,
acct_1b0c4e0b18,cust_1510a382df,Bank of Baroda,savings,30005.17,,,
acct_e1591b513f,cust_6b80f63d77,HDFC Bank,savings,15519.96,,,
acct_37f035d4b7,cust_5c42fdeefc,ICICI Bank,savings,40491.71,,,
acct_59a227124d,cust_a667b40fba,HDFC Bank,savings,29463.72,,,
acct_27062396c9,cust_a3fb94c9d3,Axis Bank,savings,30751.2,,,
acct_8251765ca8,cust_5623eccf90,State Bank of India,savings,15968.38,,,
acct_5816002f5f,cust_651a802040,State Bank of India,savings,31763.27,,,
acct_e05e4b23db,cust_78ba396bde,HDFC Bank,savings,30241.99,,,
acct_993d2826ed,cust_6ced6639d7,Punjab National Bank,savings,47079.54,,,
acct_dbf545b667,cust_d321706ee3,State Bank of India,savings,3270.06,,,
acct_e0f41aa533,cust_1fe6b5f249,Axis Bank,savings,13620.66,,,
acct_caab3dec37,cust_8c25ee09cd,ICICI Bank,savings,8579.49,,,
acct_af7e58b693,cust_b5b2e27170,Axis Bank,savings,7997.69,,,
acct_a43e41e9b1,cust_dae1df58bd,HDFC Bank,savings,46040.75,,,
acct_1a9841f959,cust_cb8181da6f,Axis Bank,savings,22226.07,,,
acct_f665106661,cust_5f96499098,State Bank of India,savings,48058.11,,,
acct_4503583387,cust_fb84e523eb,Bank of Baroda,savings,26002.25,,,
acct_3cb16183fe,cust_ea43927c6e,Axis Bank,savings,15831.44,,,
acct_6e6b04a251,cust_a70fc8de9a,Punjab National Bank,savings,21938.21,,,
acct_2a660ce599,cust_2af8f1ee56,Axis Bank,savings,33280.48,,,
acct_ce299ff6c7,cust_e69833fea5,Punjab National Bank,savings,13074.3,,,
acct_be8d588b39,cust_6850e5f286,Punjab National Bank,savings,18662.96,,,
acct_a4c46bb140,cust_d68960f2f0,Axis Bank,savings,38322.74,,,
acct_33e51968a4,cust_5ab2558f06,State Bank of India,savings,46790.36,,,
acct_9ba4ed32e9,cust_535efa34cb,Bank of Baroda,savings,8600.61,,,
acct_33e21d1fec,cust_f2fd6eadee,State Bank of India,savings,45748.07,,,
acct_9e47145e4c,cust_8eaca46b1c,Punjab National Bank,savings,13770.29,,,
acct_567775d290,cust_88340f3c17,State Bank of India,savings,47790.62,,,
acct_bf6be5b1ec,cust_343f85d1b9,Bank of Baroda,savings,4411.21,,,
acct_e8b46449da,cust_fb3a834138,Bank of Baroda,savings,28722.26,,,
acct_4f5f8b01e5,cust_e218daeaf0,HDFC Bank,savings,24554.85,,,
acct_baa2ea54ea,cust_6d55e119b5,Axis Bank,savings,33204.25,,,
acct_1240a2aefa,cust_9b7765e850,State Bank of India,savings,33980.11,,,
acct_48513ff5db,cust_cf514ab519,ICICI Bank,savings,6454.11,,,
acct_4942f71cf8,cust_e9af257bab,HDFC Bank,savings,14215.43,,,
acct_20c4d81d3c,cust_64bba3d043,Axis Bank,savings,48404.79,,,
acct_c7afd9cc8e,cust_3c9dc02bb7,ICICI Bank,savings,25787.06,,,
acct_e4506db488,cust_0446da53d3,HDFC Bank,savings,38360.67,,,
acct_17f5db6212,cust_53132b53cd,Axis Bank,savings,45630.35,,,
acct_421823048f,cust_dcc1162a24,Bank of Baroda,savings,5638.51,,,
acct_bb84977675,cust_b3af433739,Bank of Baroda,savings,47349.78,,,
acct_65213d0bb7,cust_f55177d7cf,Axis Bank,savings,49266.38,,,
acct_e7926e96a9,cust_b79871b1c5,HDFC Bank,savings,49106.96,,,
acct_9169053375,cust_686691edbb,Axis Bank,savings,14321.43,,,
acct_9d99ac4562,cust_4b492a1329,Bank of Baroda,savings,42876.45,,,
acct_57835c25bc,cust_168d344372,State Bank of India,savings,22966.59,,,
acct_3a21144489,cust_404d97cfe9,ICICI Bank,savings,5218.93,,,
acct_26d131207f,cust_f38518a0f9,Axis Bank,savings,28731.34,,,
acct_3f6214f33b,cust_82d122a690,State Bank of India,savings,12989.6,,,
acct_e50651ddb0,cust_cb8d3eeb55,Punjab National Bank,savings,25948.27,,,
acct_290dbbf924,cust_ff12c8e279,ICICI Bank,savings,40682.1,,,
acct_20246e88a2,cust_7a79edfa53,State Bank of India,savings,36010.86,,,
acct_88d69f46b3,cust_d39af5ef27,Punjab National Bank,savings,7591.06,,,
acct_6ffed0abff,cust_5b2c780ca3,ICICI Bank,savings,14696.64,,,
acct_4d42b76cff,cust_687f956b88,Punjab National Bank,savings,40444.9,,,
acct_ebbf6aa662,cust_f3b1b90ba1,Axis Bank,savings,33146.66,,,
acct_9fa43d583b,cust_8d50943553,HDFC Bank,savings,6147.95,,,
acct_48e41bad79,cust_b9c9661ec1,State Bank of India,savings,36521.84,,,
acct_f68ab85b1d,cust_46ee10ff91,ICICI Bank,savings,47403.16,,,
acct_686468af5a,cust_443ad5916c,Punjab National Bank,savings,18144.2,,,
acct_c320a657ea,cust_f26d1cb96d,State Bank of India,savings,6869.21,,,
acct_6c78f0247a,cust_746b6deb7a,Punjab National Bank,savings,20560.69,,,
acct_7e287ddceb,cust_f03bac07aa,State Bank of India,savings,10021.18,,,
acct_62571c77dc,cust_f8b839834e,Axis Bank,savings,43440.0,,,
acct_f1416ca3f5,cust_a4b6843c13,HDFC Bank,savings,38010.42,,,
acct_290d4c0e1a,cust_d68cafcb57,State Bank of India,savings,10925.0,,,
acct_4369e1414c,cust_d592e27e40,Punjab National Bank,savings,36338.81,,,
acct_c12c311b82,cust_92b0679514,State Bank of India,savings,30468.66,,,
acct_7cd2ee2181,cust_63d8158611,State Bank of India,savings,3777.06,,,
acct_938a4d902f,cust_4d78c55fb7,Bank of Baroda,savings,15362.62,,,
acct_a14a79582c,cust_dbcf729554,Bank of Baroda,savings,17311.27,,,
acct_fdd6327f6d,cust_31f83de74a,Bank of Baroda,savings,32438.24,,,
acct_035e1ad71c,cust_cf75bfc2ab,Bank of Baroda,savings,6113.97,,,
acct_3a99d32e86,cust_5b9a41ec05,Punjab National Bank,savings,22145.51,,,
acct_919a0587f5,cust_3c5b941101,Axis Bank,savings,37355.64,,,
acct_a177e8694e,cust_2988568927,Bank of Baroda,savings,33111.12,,,
acct_eabad9f575,cust_2803ed3c4e,State Bank of India,savings,22727.53,,,
acct_3e489f2039,cust_096b7daf53,ICICI Bank,savings,7530.63,,,
acct_7fbaa0fb3f,cust_aed8bcb153,Punjab National Bank,savings,25590.85,,,
acct_6561dba3db,cust_bfbe9ec366,State Bank of India,savings,3661.04,,,
acct_e0fe0251a8,cust_5f41e40cce,ICICI Bank,savings,25578.88,,,
acct_754de7cb4b,cust_402ecc5103,Punjab National Bank,savings,32215.93,,,
acct_ae7e7096ab,cust_5e2d422cb8,Punjab National Bank,savings,48298.22,,,
acct_ba0befdc42,cust_50f8b73cd5,Axis Bank,savings,6480.68,,,
acct_c2af544575,cust_b9d6bf639d,State Bank of India,savings,34153.65,,,
acct_62e53ba0d0,cust_fddb73dbae,Axis Bank,savings,27895.32,,,
acct_a8aec5551c,cust_cb69315b0a,ICICI Bank,savings,27591.97,,,
acct_19fd46b93c,cust_277b96c0be,Axis Bank,savings,29001.22,,,
acct_4a3fe3e642,cust_0a34dca20a,Axis Bank,savings,5311.92,,,
acct_b4e9807bcd,cust_c934661d15,State Bank of India,savings,10814.65,,,
acct_bfeacf79de,cust_319cbe9990,ICICI Bank,savings,37897.14,,,
acct_aa57061a87,cust_af3d139066,ICICI Bank,savings,3476.01,,,
acct_8e5d1b87be,cust_0178887899,HDFC Bank,savings,2602.33,,,
acct_ed3783b7bb,cust_f19e1d4ea3,HDFC Bank,savings,26765.17,,,
acct_cb4f83299d,cust_62517b227c,State Bank of India,savings,31638.44,,,
acct_81ef113bdd,cust_addd47b74e,Punjab National Bank,savings,22619.86,,,
acct_e6a9403de8,cust_dfa66edb0a,HDFC Bank,savings,36245.32,,,
acct_ab3635eb85,cust_b1d2077ca8,Bank of Baroda,savings,29895.73,,,
acct_ecc1af098c,cust_c911fd9a0d,HDFC Bank,savings,48578.22,,,
acct_a14626f590,cust_7da0e8b82b,ICICI Bank,savings,18728.15,,,
acct_ec50fa1ad9,cust_4f7c55b281,HDFC Bank,savings,24135.18,,,
acct_8a82d7b417,cust_404670f1c7,ICICI Bank,savings,29065.12,,,
acct_c3cd0cb283,cust_8a69af2a5b,State Bank of India,savings,48411.22,,,
acct_3efe83d478,cust_497729e866,Bank of Baroda,savings,13703.98,,,
acct_ff7289a9e5,cust_d3a2441561,Punjab National Bank,savings,34525.89,,,
acct_c4445a28e2,cust_49d9c46a4c,State Bank of India,savings,21593.93,,,
acct_3aa2e2fb8c,cust_5674ef7a41,HDFC Bank,savings,10704.54,,,
acct_c219b6f9ab,cust_cf8bbfa0df,HDFC Bank,savings,33820.55,,,
acct_37949892ba,cust_76aeaa953f,Bank of Baroda,savings,16528.63,,,
acct_410c2632fe,cust_6c784f827a,Axis Bank,savings,5954.55,,,
acct_72a528830b,cust_d3015e93ab,Axis Bank,savings,29356.72,,,
acct_372dbe9cc8,cust_6923b24c74,ICICI Bank,savings,9130.12,,,
acct_99f82e55d0,cust_96fd4dc646,Axis Bank,savings,21725.43,,,
acct_add231fd40,cust_e355c4dd26,ICICI Bank,savings,43646.53,,,
acct_48f4f31a9a,cust_5ae72ea14a,ICICI Bank,savings,25150.36,,,
acc_cold_001,cust_cold_start_new,HDFC Bank,savings,18500.0,18500.0,INR,2026-08-25T10:00:00Z
